{
"type": "FeatureCollection",
"name": "walksheds_live",
"crs": { "type": "name", "properties": { "name": "urn:ogc:def:crs:OGC:1.3:CRS84" } },
"features": [
{ "type": "Feature", "properties": { "site_id": "A", "walk_score": 71.7, "walkable_share_of_circle_pct": 30.9 }, "geometry": { "type": "Polygon", "coordinates": [ [ [ 114.135247947216754, 22.284388475679592 ], [ 114.135281433383184, 22.284373507532898 ], [ 114.135301554565629, 22.284363400982016 ], [ 114.135373714020943, 22.284322958290769 ], [ 114.135391480725502, 22.284322577636893 ], [ 114.135415112624159, 22.284319899113157 ], [ 114.135438348622998, 22.284315077783518 ], [ 114.135460964945665, 22.284308160080208 ], [ 114.135482743783712, 22.284299212624784 ], [ 114.135503475394287, 22.284288321586526 ], [ 114.135522728234463, 22.284275743347713 ], [ 114.135517416442809, 22.284289139695883 ], [ 114.135509570607155, 22.284312870606772 ], [ 114.135508913112503, 22.28431533388213 ], [ 114.135506316441564, 22.284315341705618 ], [ 114.135482632240254, 22.284317584701963 ], [ 114.135459298317798, 22.284321977365774 ], [ 114.135436539391591, 22.284328477393519 ], [ 114.135414574641658, 22.284337022186644 ], [ 114.135393615599753, 22.284347529454461 ], [ 114.13537386411231, 22.284359898006684 ], [ 114.135355510396508, 22.284374008727848 ], [ 114.135338731208506, 22.284389725724502 ], [ 114.135323688141028, 22.284406897633854 ], [ 114.135310526067229, 22.284425359081531 ], [ 114.13529937174556, 22.284444932274166 ], [ 114.135290332598828, 22.284465428711627 ], [ 114.135283495679715, 22.284486651002393 ], [ 114.135278926832441, 22.284508394764451 ], [ 114.135276670058488, 22.284530450593682 ], [ 114.135276747092931, 22.284552606080513 ], [ 114.135279157194972, 22.284574647855479 ], [ 114.135280833775369, 22.284584937116581 ], [ 114.135273292530869, 22.28459543217301 ], [ 114.135262088385218, 22.284614909333207 ], [ 114.13525298342195, 22.284635312379553 ], [ 114.135246064830028, 22.284656445934932 ], [ 114.135241398862078, 22.284678107626874 ], [ 114.135240533769831, 22.284686136127132 ], [ 114.134814528632589, 22.284777498623896 ], [ 114.134811832655899, 22.284778210117391 ], [ 114.134791313312505, 22.284769552211205 ], [ 114.134768771956317, 22.28476242553451 ], [ 114.13474558855485, 22.284757389386002 ], [ 114.134721986375922, 22.284754492266295 ], [ 114.13469819272035, 22.284753762076136 ], [ 114.134674436732993, 22.284755205847592 ], [ 114.134650947195851, 22.28475880967644 ], [ 114.134627950324983, 22.284764538855978 ], [ 114.134605667591885, 22.284772338211344 ], [ 114.134584313590651, 22.284782132630802 ], [ 114.134564093971264, 22.284793827789134 ], [ 114.13454520345924, 22.284807311056024 ], [ 114.134527823980264, 22.284822452580737 ], [ 114.134512122908149, 22.284839106542591 ], [ 114.134498251452925, 22.284857112555354 ], [ 114.134486343204642, 22.284876297211735 ], [ 114.134476512846803, 22.284896475753456 ], [ 114.134468855051821, 22.284917453850518 ], [ 114.134463443569345, 22.28493902947266 ], [ 114.134460601329295, 22.284959084005859 ], [ 114.134257450746787, 22.285006107772332 ], [ 114.134235119008238, 22.28501235164946 ], [ 114.134213534571913, 22.285020562038351 ], [ 114.134192896857954, 22.285030663082701 ], [ 114.13417339653985, 22.28504256145828 ], [ 114.134155213782648, 22.285056147235164 ], [ 114.13413851657856, 22.285071294893374 ], [ 114.134123459194811, 22.285087864482573 ], [ 114.134110180748323, 22.285105702915015 ], [ 114.134098803920438, 22.285124645379987 ], [ 114.134089433823391, 22.285144516866442 ], [ 114.134082157029241, 22.285165133779962 ], [ 114.134077040769881, 22.285186305638984 ], [ 114.134074132315888, 22.285207836834648 ], [ 114.134073458539817, 22.285229528438077 ], [ 114.134075025667727, 22.285251180038273 ], [ 114.134078819221855, 22.285272591593738 ], [ 114.134083312745403, 22.285292068950245 ], [ 114.134075736655689, 22.28529493118284 ], [ 114.134054662199119, 22.28530523681777 ], [ 114.134034774624155, 22.28531741522276 ], [ 114.134016265458584, 22.285331349113601 ], [ 114.133999312955567, 22.285346904299779 ], [ 114.133984080376962, 22.285363930976878 ], [ 114.133970714420997, 22.285382265169137 ], [ 114.133959343809551, 22.285401730308784 ], [ 114.133950078048471, 22.285422138936273 ], [ 114.133943278024276, 22.285439438926854 ], [ 114.133943194462688, 22.285439688908983 ], [ 114.133943085575524, 22.285439930300338 ], [ 114.133923885506434, 22.285489130273692 ], [ 114.133921735455104, 22.285495615270676 ], [ 114.13391932184463, 22.285502019444731 ], [ 114.133918345508022, 22.285505745938071 ], [ 114.133917114244213, 22.285509406447748 ], [ 114.133917012999319, 22.28550985916619 ], [ 114.13391686650246, 22.285510301030762 ], [ 114.133915409814691, 22.285516950926507 ], [ 114.133915409814691, 22.28551695092651 ], [ 114.133913682324533, 22.285523544430177 ], [ 114.13391310316976, 22.285527342040023 ], [ 114.133912263365787, 22.285531097238156 ], [ 114.133912210289481, 22.285531557012096 ], [ 114.133912111035954, 22.285532010112284 ], [ 114.133911361740815, 22.285538760864771 ], [ 114.133910337007961, 22.285545480199033 ], [ 114.133910160612757, 22.28554931235232 ], [ 114.133909720356556, 22.285553126074348 ], [ 114.133909715960002, 22.285553588475928 ], [ 114.133909664905687, 22.285554048448144 ], [ 114.133909630219605, 22.285560835043942 ], [ 114.133909318113112, 22.285567615498 ], [ 114.133909546176454, 22.285571445289037 ], [ 114.133909509708133, 22.285575280806722 ], [ 114.133909554033735, 22.285575741382772 ], [ 114.133909551670328, 22.285576203797206 ], [ 114.133910231927672, 22.285582960877694 ], [ 114.13391063545366, 22.285589737152094 ], [ 114.133911265779361, 22.285593527697884 ], [ 114.13391163345031, 22.285597348073093 ], [ 114.133911726071162, 22.285597802387993 ], [ 114.133911772421499, 22.285598262791364 ], [ 114.133913161071362, 22.285604925282168 ], [ 114.13391427634393, 22.285611632117625 ], [ 114.133915302861809, 22.285615346913129 ], [ 114.133916071131353, 22.285619115353544 ], [ 114.133916211155523, 22.285619559031982 ], [ 114.133916305773198, 22.285620012990357 ], [ 114.133918389442442, 22.285626516727984 ], [ 114.133920205721253, 22.285633089533967 ], [ 114.133931105672502, 22.285665789549171 ], [ 114.133939266438205, 22.285686602768813 ], [ 114.133949579997406, 22.285706571349198 ], [ 114.133961947025639, 22.285725502981641 ], [ 114.133976248422172, 22.285743215343697 ], [ 114.133992346456978, 22.285759537855146 ], [ 114.134010086097362, 22.28577431332079 ], [ 114.1340292965007, 22.285787399444327 ], [ 114.134049792660022, 22.285798670198734 ], [ 114.134071377185563, 22.285808017040065 ], [ 114.134093842205814, 22.285815349952724 ], [ 114.134116971369551, 22.285820598316466 ], [ 114.13414054192927, 22.285823711586392 ], [ 114.13416432688652, 22.285824659779919 ], [ 114.134188097178097, 22.285823433765358 ], [ 114.134211623881995, 22.285820045349976 ], [ 114.134234680422153, 22.285814527166195 ], [ 114.134257044750527, 22.285806932357367 ], [ 114.134278501485554, 22.285797334066014 ], [ 114.134298843986457, 22.285785824729299 ], [ 114.134317876343303, 22.285772515188871 ], [ 114.13433541526382, 22.285757533623361 ], [ 114.134335463827412, 22.28575748312435 ], [ 114.134336629957346, 22.285757226979985 ], [ 114.134340324605844, 22.285756386929414 ], [ 114.134809989885042, 22.285645960645478 ], [ 114.134809496770856, 22.285650535963235 ], [ 114.134808315999237, 22.285660793127555 ], [ 114.134808308982755, 22.285661556752235 ], [ 114.134808227089451, 22.285662316592244 ], [ 114.134808207215286, 22.285672632435077 ], [ 114.134808112432822, 22.285682947917202 ], [ 114.134808185876508, 22.285683708504862 ], [ 114.134808184405287, 22.285684472156248 ], [ 114.134809251110738, 22.285694740138382 ], [ 114.134810243230731, 22.285705014594548 ], [ 114.134810396427326, 22.2857057648203 ], [ 114.134810475392399, 22.28570652492871 ], [ 114.134812618405007, 22.285716646163777 ], [ 114.134814687873316, 22.285726780645341 ], [ 114.134882905853161, 22.285989753104207 ], [ 114.134821395136726, 22.286004160357347 ], [ 114.134798621214301, 22.286010615563292 ], [ 114.134776636827979, 22.286019117093122 ], [ 114.134755653698619, 22.286029583072782 ], [ 114.134735873904603, 22.286041912709628 ], [ 114.134717487935802, 22.286055987262941 ], [ 114.134700672858855, 22.286071671187621 ], [ 114.134685590612193, 22.286088813439349 ], [ 114.134672386446283, 22.286107248929397 ], [ 114.134661187524912, 22.28612680011436 ], [ 114.134652101700397, 22.286147278706075 ], [ 114.134645216475008, 22.286168487484861 ], [ 114.1346405981581, 22.286190222198861 ], [ 114.134638291227645, 22.286212273531099 ], [ 114.134638317901704, 22.286234429115272 ], [ 114.13464067792448, 22.286256475581013 ], [ 114.134645348568782, 22.286278200608692 ], [ 114.13465228485471, 22.286299394974247 ], [ 114.134661419983004, 22.286319854564045 ], [ 114.134672665978144, 22.286339382340714 ], [ 114.134685914535638, 22.286357790240665 ], [ 114.134701038065089, 22.286374900985301 ], [ 114.134717890918836, 22.286390549788312 ], [ 114.134736310794679, 22.286404585942627 ], [ 114.134756120298945, 22.286416874271971 ], [ 114.134777128654861, 22.286427296432514 ], [ 114.134799133539858, 22.286435752052725 ], [ 114.134821923034053, 22.286442159700041 ], [ 114.134845277661299, 22.286446457665015 ], [ 114.13486897250273, 22.286448604555673 ], [ 114.134892779362971, 22.286448579696252 ], [ 114.134916468967873, 22.286446383326108 ], [ 114.134939813172508, 22.286442036597592 ], [ 114.135127784401078, 22.28639800923721 ], [ 114.13517596985055, 22.286605820221649 ], [ 114.135182127342716, 22.286627221929074 ], [ 114.135190509270217, 22.286647958904279 ], [ 114.135201034911333, 22.286667831438493 ], [ 114.135213602899029, 22.286686648147999 ], [ 114.135228092197266, 22.286704227817093 ], [ 114.135244363266409, 22.286720401143491 ], [ 114.135262259407298, 22.286735012368741 ], [ 114.135281608270105, 22.286747920778211 ], [ 114.135302223514401, 22.286759002056421 ], [ 114.13532390660356, 22.286768149484153 ], [ 114.135346448716831, 22.286775274966306 ], [ 114.135369632760501, 22.286780309880267 ], [ 114.135393235458551, 22.286783205736864 ], [ 114.13541702950306, 22.286783934647261 ], [ 114.135440785743228, 22.286782489591623 ], [ 114.135464275392422, 22.28677888448669 ], [ 114.13548727223143, 22.286773154051762 ], [ 114.135509554787177, 22.286765353474298 ], [ 114.135530908465626, 22.286755557878447 ], [ 114.135551127618484, 22.286743861601572 ], [ 114.135570017523847, 22.286730377285657 ], [ 114.135587396261229, 22.286715234792499 ], [ 114.135603096463868, 22.286698579953121 ], [ 114.135616966930328, 22.286680573163192 ], [ 114.135628874080837, 22.286661387838453 ], [ 114.135638703243544, 22.286641208744488 ], [ 114.135646359758965, 22.286620230217384 ], [ 114.135651769891538, 22.286598654292128 ], [ 114.135654881539722, 22.286576688756913 ], [ 114.135655664737698, 22.286554545151976 ], [ 114.135654111943964, 22.286532436732358 ], [ 114.135650238113826, 22.286510576414184 ], [ 114.135637275726438, 22.286454673971651 ], [ 114.135637819688156, 22.286454472872776 ], [ 114.135640056885975, 22.28645339870782 ], [ 114.135642376668599, 22.286452488823763 ], [ 114.135650631161951, 22.286448321589404 ], [ 114.135658976738497, 22.286444314554952 ], [ 114.135661090029558, 22.286443041488202 ], [ 114.135663302810244, 22.286441924378039 ], [ 114.135671078651313, 22.286437024246244 ], [ 114.135678962009578, 22.2864322752345 ], [ 114.135680931041691, 22.286430815526352 ], [ 114.135683015510068, 22.286429501948486 ], [ 114.135690237813051, 22.286423916110412 ], [ 114.13569758303187, 22.286418470857111 ], [ 114.135699388842141, 22.28641683856539 ], [ 114.13570132492363, 22.286415341170358 ], [ 114.135707924133726, 22.286409123420874 ], [ 114.135714660474491, 22.286403034366966 ], [ 114.135716285671975, 22.286401245211604 ], [ 114.135718054721039, 22.286399578420191 ], [ 114.135723967284193, 22.286392788639816 ], [ 114.13573002987232, 22.286386114426424 ], [ 114.135731458805481, 22.286384185638017 ], [ 114.135733043785208, 22.286382365502384 ], [ 114.135738212760316, 22.286375069080613 ], [ 114.135743543209827, 22.286367873984251 ], [ 114.135744762117284, 22.286365824138127 ], [ 114.13574614776347, 22.286363868187227 ], [ 114.135750523370675, 22.286356135392754 ], [ 114.135755070346562, 22.286348488706356 ], [ 114.135756067489623, 22.286346337543705 ], [ 114.135757240457821, 22.28634426461446 ], [ 114.135760780557803, 22.286336169918503 ], [ 114.135764500270454, 22.286328145283967 ], [ 114.135765266046221, 22.286325913521686 ], [ 114.135766215040135, 22.286323743577597 ], [ 114.135768885540116, 22.286315364936698 ], [ 114.135771742167009, 22.286307039635744 ], [ 114.135772269200686, 22.286304748766991 ], [ 114.135772985081104, 22.286302502705816 ], [ 114.135774760263061, 22.286293920810902 ], [ 114.135776726293642, 22.28628537502092 ], [ 114.135777009509738, 22.286283047108018 ], [ 114.13577748538242, 22.286280746560585 ], [ 114.135778348150779, 22.286272044060137 ], [ 114.135779404651515, 22.286263360081762 ], [ 114.135779441322583, 22.28626101754379 ], [ 114.135779672604741, 22.286258684665661 ], [ 114.135779614651, 22.286249945369541 ], [ 114.135779751447615, 22.286241206834298 ], [ 114.135779654349719, 22.286240128546954 ], [ 114.135834286321767, 22.286227336532342 ], [ 114.136240877532742, 22.286133530839336 ], [ 114.136241858328489, 22.28613325637188 ], [ 114.136242861608352, 22.286133064810468 ], [ 114.13625325537808, 22.286130067002926 ], [ 114.136263675948854, 22.28612715089254 ], [ 114.136264623114172, 22.286126788279649 ], [ 114.136265601387251, 22.286126506122578 ], [ 114.136275629371312, 22.286122574642253 ], [ 114.136285692631802, 22.286118722020962 ], [ 114.136286597044943, 22.286118274754791 ], [ 114.136287540889825, 22.286117904719415 ], [ 114.136297106512842, 22.286113077428777 ], [ 114.136306715548073, 22.28610832539956 ], [ 114.136307568499021, 22.286107797787544 ], [ 114.136308468825973, 22.286107343437525 ], [ 114.136317479965513, 22.286101666826216 ], [ 114.136326542234897, 22.28609606115392 ], [ 114.136327335509236, 22.286095458277273 ], [ 114.136328183647564, 22.286094923988266 ], [ 114.136336553521247, 22.28608845272538 ], [ 114.136344981749986, 22.286082047395887 ], [ 114.13634570770806, 22.286081375060672 ], [ 114.136346495489732, 22.286080765978173 ], [ 114.136354143490919, 22.286073562385791 ], [ 114.136361856510533, 22.286066419086112 ], [ 114.136362508160971, 22.286065683767291 ], [ 114.136363227999183, 22.286065005757134 ], [ 114.136370080473483, 22.286057139209941 ], [ 114.136377004003378, 22.286049326734251 ], [ 114.136377575070398, 22.286048535513377 ], [ 114.136378220032753, 22.286047795105198 ], [ 114.136384210987188, 22.286039341362578 ], [ 114.136390278350049, 22.286030934949501 ], [ 114.136390763334006, 22.286030095446485 ], [ 114.136391327209154, 22.286029299770824 ], [ 114.136396398947753, 22.286020340247184 ], [ 114.136401551711756, 22.286011420855274 ], [ 114.136401945941998, 22.28601054115499 ], [ 114.136402423299572, 22.286009697874668 ], [ 114.136406526978988, 22.286000318855255 ], [ 114.136410715520498, 22.285990972383352 ], [ 114.136411015200423, 22.285990060957847 ], [ 114.136411401443198, 22.285989178194125 ], [ 114.136414497543086, 22.285979470004243 ], [ 114.13641768152452, 22.285969786464104 ], [ 114.13641788376809, 22.285968852090882 ], [ 114.136418175176374, 22.285967938345284 ], [ 114.136418527761947, 22.285966235301188 ], [ 114.136423631535081, 22.285965138850518 ], [ 114.136434532561452, 22.285965325876962 ], [ 114.136457533955294, 22.285964704665318 ], [ 114.136480368625158, 22.285962058052224 ], [ 114.136502831114569, 22.285957409850742 ], [ 114.136554102697417, 22.285944397155841 ], [ 114.13680029611244, 22.285911583928108 ], [ 114.136808031836878, 22.285910226512335 ], [ 114.136811604471191, 22.285910480675859 ], [ 114.136816641322596, 22.285910378099423 ], [ 114.136821676334108, 22.285910541107192 ], [ 114.136828534864463, 22.285910135884567 ], [ 114.136835405557704, 22.285909995960843 ], [ 114.136840407351613, 22.285909434421605 ], [ 114.136845435286389, 22.285909137355539 ], [ 114.136852218111898, 22.285908108455647 ], [ 114.136859040983609, 22.285907342467684 ], [ 114.136863959549785, 22.285906327373603 ], [ 114.13686893198583, 22.285905573094617 ], [ 114.136875573783911, 22.285903930426368 ], [ 114.136882283125743, 22.285902545751082 ], [ 114.136887071095487, 22.285901086878102 ], [ 114.136891940145304, 22.285899882650359 ], [ 114.136898376951521, 22.285897642033625 ], [ 114.136904908148594, 22.285895652006236 ], [ 114.136909519410949, 22.285893763404179 ], [ 114.13691423818274, 22.28589212082511 ], [ 114.136920408006844, 22.285889303838342 ], [ 114.136926698159911, 22.285886727624 ], [ 114.136931088305744, 22.285884427481179 ], [ 114.136935611354986, 22.285882362369819 ], [ 114.136941454778025, 22.285878996142227 ], [ 114.136947443309282, 22.28587585855141 ], [ 114.136951570058926, 22.285873169019588 ], [ 114.136955853826038, 22.285870701264113 ], [ 114.136961314572531, 22.285866818214462 ], [ 114.136966943808943, 22.285863149464017 ], [ 114.136970767419484, 22.285860096444924 ], [ 114.13697477064936, 22.285857249811311 ], [ 114.136979796129182, 22.285852887335622 ], [ 114.136985011858073, 22.285848722757731 ], [ 114.136988495506017, 22.285845335653729 ], [ 114.136992179645304, 22.285842137556692 ], [ 114.136996721460321, 22.285837337668141 ], [ 114.137001473451306, 22.285832717370123 ], [ 114.137004583587213, 22.285829028801011 ], [ 114.137007913155628, 22.28582551004008 ], [ 114.137011927565723, 22.285820318964358 ], [ 114.137016170054565, 22.285815287442361 ], [ 114.137018876726174, 22.285811332931125 ], [ 114.137021819658187, 22.285807527393995 ], [ 114.137025268002475, 22.285801995124157 ], [ 114.137028960131786, 22.285796600834608 ], [ 114.137031237272424, 22.285792418465494 ], [ 114.137033765226079, 22.285788362801682 ], [ 114.137036614295297, 22.285782542616619 ], [ 114.137039720507971, 22.285776837509612 ], [ 114.137041546187689, 22.285772467561191 ], [ 114.137043634817545, 22.285768200829036 ], [ 114.13704585717376, 22.285762148780442 ], [ 114.137048347555478, 22.285756187799382 ], [ 114.137049704192151, 22.285751672356746 ], [ 114.137051333383681, 22.285747235647278 ], [ 114.137052907624664, 22.285741010019784 ], [ 114.137054758191908, 22.285734850572275 ], [ 114.137055632720603, 22.285730233121637 ], [ 114.137056786784044, 22.285725669162872 ], [ 114.137057697749214, 22.285719329912752 ], [ 114.137058890680336, 22.285713031317695 ], [ 114.137059274679018, 22.285708356327678 ], [ 114.137059942500301, 22.285703709073076 ], [ 114.137061342473814, 22.285688209070983 ], [ 114.137061681866612, 22.285683974729526 ], [ 114.137062340082366, 22.285674571416241 ], [ 114.137065194853946, 22.285636867885589 ], [ 114.137065700976393, 22.285614717292702 ], [ 114.137063871721296, 22.285592627192873 ], [ 114.137059724706432, 22.285570810325776 ], [ 114.137053299870843, 22.285549476799584 ], [ 114.137044659090179, 22.28552883206758 ], [ 114.137033885580664, 22.285509074949449 ], [ 114.137021083097778, 22.285490395716646 ], [ 114.137006374936846, 22.28547297425995 ], [ 114.136989902745796, 22.285456978357015 ], [ 114.136971825160856, 22.285442562056637 ], [ 114.136952316278894, 22.285429864195162 ], [ 114.136931563980752, 22.285419007059456 ], [ 114.136909768121811, 22.285410095209258 ], [ 114.136887138607364, 22.285403214470175 ], [ 114.136863893371114, 22.2853984311072 ], [ 114.136840256276429, 22.285395791186513 ], [ 114.136816454960368, 22.285395320131858 ], [ 114.136792718641502, 22.285397022479756 ], [ 114.136769275912499, 22.285400881835706 ], [ 114.136746352538566, 22.285406861032193 ], [ 114.136724169283468, 22.285414902486558 ], [ 114.136702939783191, 22.285424928755511 ], [ 114.136682868488833, 22.285436843281026 ], [ 114.13666414869742, 22.285450531320148 ], [ 114.136646960690541, 22.285465861050085 ], [ 114.136636442735934, 22.285477284157416 ], [ 114.136470412521831, 22.28549941299034 ], [ 114.136440977107611, 22.28550508712906 ], [ 114.136408716900632, 22.285513274753157 ], [ 114.136406828316893, 22.28551324235081 ], [ 114.136400421178507, 22.285488876994318 ], [ 114.136397680598037, 22.285477826341438 ], [ 114.136397003693446, 22.285475170286833 ], [ 114.136388529376987, 22.285442791557497 ], [ 114.136398043914255, 22.285432360272889 ], [ 114.136411622815075, 22.285414102434437 ], [ 114.136423208844732, 22.28539469150947 ], [ 114.136424423309478, 22.285392081446567 ], [ 114.136530063501269, 22.285371364023501 ], [ 114.136901001380664, 22.285299414863726 ], [ 114.136924278312705, 22.285293766111501 ], [ 114.136946839671424, 22.285285999703181 ], [ 114.136968463616043, 22.285276192004147 ], [ 114.136988937523313, 22.285264439451314 ], [ 114.137008060078216, 22.285250857604922 ], [ 114.137025643253367, 22.285235580012163 ], [ 114.137041514157957, 22.285218756894114 ], [ 114.137055516737746, 22.285200553668581 ], [ 114.137067513309404, 22.285181149323538 ], [ 114.137077385914381, 22.285160734657296 ], [ 114.137085037478684, 22.285139510402264 ], [ 114.137090392767391, 22.285117685251233 ], [ 114.13709339912441, 22.285095473805434 ], [ 114.137093630741617, 22.285087218154604 ], [ 114.137108195613081, 22.285091793226421 ], [ 114.137131389681443, 22.285096786878906 ], [ 114.137154998003709, 22.285099640732493 ], [ 114.1371581176858, 22.285099730745813 ], [ 114.137161014313833, 22.28510059567056 ], [ 114.137166229925427, 22.285101641907847 ], [ 114.137166362263812, 22.285101675529628 ], [ 114.137168855245378, 22.285106291259169 ], [ 114.137179734914028, 22.285124325469273 ], [ 114.13721543486615, 22.2851776255137 ], [ 114.137229004402101, 22.285195829714947 ], [ 114.137244425894295, 22.285212708452072 ], [ 114.137261550825471, 22.285228099173118 ], [ 114.137280214273133, 22.285241853656515 ], [ 114.137300236497907, 22.285253839438599 ], [ 114.137321424674298, 22.285263941089269 ], [ 114.137343574747959, 22.285272061323681 ], [ 114.137366473400789, 22.285278121939221 ], [ 114.137389900105276, 22.285282064568559 ], [ 114.137413629248456, 22.285283851241871 ], [ 114.137437432304594, 22.285283464752411 ], [ 114.137461080036175, 22.285280908822301 ], [ 114.137484344701519, 22.285276208066652 ], [ 114.137507002248199, 22.285269407756537 ], [ 114.137528834470757, 22.285260573382946 ], [ 114.137549631112194, 22.285249790026082 ], [ 114.137569191888915, 22.285237161536006 ], [ 114.137587328419556, 22.285222809532456 ], [ 114.137603866039242, 22.285206872233548 ], [ 114.13761864548168, 22.285189503124688 ], [ 114.137631524413024, 22.285170869480392 ], [ 114.137642378802568, 22.2851511507533 ], [ 114.137651104117239, 22.285130536845926 ], [ 114.137657616328298, 22.285109226281826 ], [ 114.137661852720555, 22.285087424293643 ], [ 114.137663772496239, 22.285065340846618 ], [ 114.137663357167924, 22.285043188616498 ], [ 114.137662434780992, 22.285035797355818 ], [ 114.137671146573027, 22.285029413740048 ], [ 114.13767151684695, 22.285029082817594 ], [ 114.137671918844873, 22.285028785680502 ], [ 114.137679584129003, 22.285021876827464 ], [ 114.13769935861319, 22.285016449589932 ], [ 114.137721422969108, 22.285008129783556 ], [ 114.137742504822867, 22.284997837337365 ], [ 114.137762401144073, 22.284985671373605 ], [ 114.137780920319798, 22.284971749057654 ], [ 114.137797884000037, 22.284956204469498 ], [ 114.137813128815282, 22.284939187312521 ], [ 114.137826507949796, 22.28492086147175 ], [ 114.137837892555638, 22.284901403435509 ], [ 114.137847172993389, 22.284881000595757 ], [ 114.137854259888144, 22.284859849443357 ], [ 114.137859084990154, 22.284838153675754 ], [ 114.137861601831986, 22.284816122235235 ], [ 114.137861786176245, 22.284793967296743 ], [ 114.137859636248621, 22.284771902224449 ], [ 114.137855172755209, 22.284750139516969 ], [ 114.137848438682923, 22.284728888760892 ], [ 114.137839498885455, 22.284708354612345 ], [ 114.137828439458758, 22.284688734826062 ], [ 114.137815366911752, 22.28467021835089 ], [ 114.137800407140702, 22.284652983510146 ], [ 114.137783704216559, 22.284637196284276 ], [ 114.137765418997645, 22.284623008712398 ], [ 114.137745727580452, 22.284610557428071 ], [ 114.137724819603648, 22.284599962343528 ], [ 114.137702896421885, 22.284591325494794 ], [ 114.137680169166671, 22.284584730059073 ], [ 114.137656856712923, 22.284580239553723 ], [ 114.137637915886287, 22.284578365461805 ], [ 114.137624292022608, 22.28456275180487 ], [ 114.137607545640122, 22.284547004514003 ], [ 114.13758922137923, 22.284532860650071 ], [ 114.137569495712356, 22.284520456425724 ], [ 114.137548558608074, 22.284509911299953 ], [ 114.137526611701517, 22.284501326827659 ], [ 114.137503866352631, 22.284494785681641 ], [ 114.137480541610643, 22.284490350856448 ], [ 114.137456862104585, 22.284488065061645 ], [ 114.137433055879939, 22.284487950310595 ], [ 114.137409352202582, 22.284490007708399 ], [ 114.137394029326515, 22.284492767543863 ], [ 114.137376612566186, 22.284467513293649 ], [ 114.137330821217617, 22.284398000040891 ], [ 114.137315024462495, 22.284376834003034 ], [ 114.137259424427512, 22.284310734067233 ], [ 114.137241362945304, 22.284291593178366 ], [ 114.137178062942695, 22.284231693244607 ], [ 114.137157587220557, 22.284214407929028 ], [ 114.137087387250801, 22.284161607993838 ], [ 114.137065291078429, 22.284146815857397 ], [ 114.137024999172937, 22.284122915692734 ], [ 114.136998466062579, 22.28409082330732 ], [ 114.136986614611658, 22.284077568569248 ], [ 114.136922968059878, 22.284011675758027 ], [ 114.136885284582064, 22.283968178327878 ], [ 114.136850537598079, 22.283913967387527 ], [ 114.136829247459616, 22.28387420711125 ], [ 114.136812403726708, 22.283834177825696 ], [ 114.136799440456713, 22.283792968489337 ], [ 114.136788336372817, 22.283740981595678 ], [ 114.136783358124944, 22.283722007744178 ], [ 114.136770558062651, 22.283681007762141 ], [ 114.136764629814095, 22.283664439494615 ], [ 114.136757343308631, 22.283648347216641 ], [ 114.136752181805178, 22.283638077182435 ], [ 114.136774086055482, 22.283631154527129 ], [ 114.136795769248153, 22.283622008300824 ], [ 114.136816384743867, 22.283610928163906 ], [ 114.136835734003583, 22.283598020824599 ], [ 114.136838772419964, 22.28359554036583 ], [ 114.136841177129341, 22.283595160585531 ], [ 114.136849093344892, 22.283593151162489 ], [ 114.136857071762037, 22.283591367495639 ], [ 114.13686057112244, 22.283590237684859 ], [ 114.136864144546138, 22.283589330619694 ], [ 114.136871811009186, 22.283586608750969 ], [ 114.136879563151027, 22.283584105877324 ], [ 114.136882926668633, 22.283582662293284 ], [ 114.136886387352604, 22.283581433626189 ], [ 114.136893730230611, 22.283578025525003 ], [ 114.136901181439455, 22.283574827548684 ], [ 114.136904376721716, 22.283573084093955 ], [ 114.136907691337512, 22.283571545657718 ], [ 114.136914639914337, 22.283567484146069 ], [ 114.136921718430756, 22.283563621865476 ], [ 114.136924714705188, 22.283561595330557 ], [ 114.136925316179628, 22.283561243762723 ], [ 114.136927659849192, 22.28356007713279 ], [ 114.136947239441781, 22.28354792384448 ], [ 114.136965461460775, 22.283534062006652 ], [ 114.136982154397231, 22.283518622089787 ], [ 114.136997161134332, 22.283501749417539 ], [ 114.137010340426244, 22.283483602798878 ], [ 114.137021568227624, 22.283464353033359 ], [ 114.137030738861043, 22.283444181303512 ], [ 114.137037766011659, 22.283423277469481 ], [ 114.137042583539582, 22.283401838282035 ], [ 114.13704514610238, 22.283380065530704 ], [ 114.137045429581832, 22.283358164144492 ], [ 114.137045029564248, 22.283347964145054 ], [ 114.137042975048928, 22.283325753147697 ], [ 114.137038576800549, 22.283303839008951 ], [ 114.137031877705226, 22.283282435402157 ], [ 114.137022943083366, 22.2832617510227 ], [ 114.137011860052667, 22.283241987553001 ], [ 114.136998736678777, 22.283223337696125 ], [ 114.136983700921434, 22.283205983296835 ], [ 114.136966899386863, 22.283190093568482 ], [ 114.136948495898238, 22.283175823443162 ], [ 114.136928669898353, 22.28316331206107 ], [ 114.136907614699979, 22.283152681413817 ], [ 114.13688553560101, 22.283144035154976 ], [ 114.136862647882623, 22.283137457589412 ], [ 114.13683917471036, 22.283133012851341 ], [ 114.136815344958038, 22.283130744278903 ], [ 114.136791390976327, 22.283130673991682 ], [ 114.136778990214893, 22.283131781045299 ], [ 114.136765021030342, 22.283128451180755 ], [ 114.136741959953184, 22.283125108757314 ], [ 114.13671866047504, 22.283123844255886 ], [ 114.136695338259884, 22.283124669380896 ], [ 114.136527339497007, 22.283138167550529 ], [ 114.136513459769716, 22.283138745872325 ], [ 114.136373865728999, 22.283144233844158 ], [ 114.136349942711334, 22.283146282427051 ], [ 114.136326354730656, 22.283150523148027 ], [ 114.13630333312588, 22.283156914416281 ], [ 114.136281103681199, 22.283165393549481 ], [ 114.136259884411871, 22.283175877388629 ], [ 114.136239883425944, 22.283188263113523 ], [ 114.136221296883392, 22.283202429251212 ], [ 114.136208596886206, 22.283213129238682 ], [ 114.136191753508214, 22.283228786528706 ], [ 114.136176640257673, 22.283245904887234 ], [ 114.136163402683593, 22.283264319455618 ], [ 114.136152168271494, 22.283283852891945 ], [ 114.136143045215533, 22.283304317078969 ], [ 114.136136121376481, 22.283325514935758 ], [ 114.136131463435575, 22.283347242315639 ], [ 114.136129116252434, 22.283369289972242 ], [ 114.136129114730551, 22.283371729799143 ], [ 114.136128722242304, 22.283371803821815 ], [ 114.136102746588122, 22.283379615087537 ], [ 114.135649047167817, 22.283542814847795 ], [ 114.135646692099257, 22.283543788138065 ], [ 114.135644263608057, 22.283544590068438 ], [ 114.135641115312438, 22.283545966366635 ], [ 114.135637871902432, 22.283547135829075 ], [ 114.135601171945765, 22.283562335807197 ], [ 114.135579923242844, 22.283572326268832 ], [ 114.135559829052895, 22.283584206937064 ], [ 114.135541082893496, 22.283597863395027 ], [ 114.135523865300129, 22.283613164124056 ], [ 114.13550834208759, 22.283629961770242 ], [ 114.135494662753047, 22.283648094563585 ], [ 114.135482959036381, 22.283667387875859 ], [ 114.135473343651284, 22.283687655902334 ], [ 114.13546655145295, 22.283706885180006 ], [ 114.135457568161215, 22.283708771378365 ], [ 114.135434970807424, 22.283715742295211 ], [ 114.135413216442927, 22.283724740980546 ], [ 114.135392514573425, 22.283735680772498 ], [ 114.135389244486419, 22.283737828697049 ], [ 114.135369663351682, 22.283744732841843 ], [ 114.135346178622967, 22.283755858051734 ], [ 114.13532412910773, 22.283769288339194 ], [ 114.135290935899747, 22.283791994905975 ], [ 114.135282252457344, 22.283790858651031 ], [ 114.135258466541885, 22.283789939178629 ], [ 114.135234698322648, 22.283791193888352 ], [ 114.135211176699485, 22.283794610696759 ], [ 114.135188128197456, 22.283800156698245 ], [ 114.135165774785236, 22.283807778482025 ], [ 114.135144331737607, 22.283817402646502 ], [ 114.135124005562119, 22.283828936506069 ], [ 114.135104992010483, 22.283842268983829 ], [ 114.135087474193242, 22.283857271681192 ], [ 114.135071620816532, 22.283873800114485 ], [ 114.13505758455706, 22.28389169510638 ], [ 114.135045500592099, 22.283910784318785 ], [ 114.135035485297323, 22.283930883912586 ], [ 114.135028197514359, 22.283950301862003 ], [ 114.135023462435498, 22.283948650907995 ], [ 114.135000457857714, 22.28394294905495 ], [ 114.134976963532353, 22.28393937313643 ], [ 114.134953205721601, 22.283937957590322 ], [ 114.134929413225052, 22.283938716049047 ], [ 114.134905815176367, 22.28394164120828 ], [ 114.134882638836601, 22.283946704897236 ], [ 114.134860107405572, 22.283953858350067 ], [ 114.134838437872403, 22.28396303267542 ], [ 114.134817838925841, 22.283974139519891 ], [ 114.134798508944456, 22.283987071918936 ], [ 114.134780634086155, 22.284001705326968 ], [ 114.134764386495462, 22.284017898816757 ], [ 114.134749922645653, 22.284035496436655 ], [ 114.134737381831783, 22.284054328712443 ], [ 114.134726884829234, 22.284074214279443 ], [ 114.134718532730517, 22.284094961629201 ], [ 114.134712405971797, 22.284116370953715 ], [ 114.134710752692939, 22.284125778877794 ], [ 114.134657078348312, 22.284138496307239 ], [ 114.134648371690361, 22.284138714579289 ], [ 114.134648195718583, 22.284138727052785 ], [ 114.134648019274948, 22.284138723652688 ], [ 114.134549619432917, 22.284141323648754 ], [ 114.134531237343694, 22.284142460627166 ], [ 114.134513000971708, 22.284144892556014 ], [ 114.134479401023114, 22.28415059254721 ], [ 114.134461044934227, 22.284154396062291 ], [ 114.134443060581233, 22.28415951144693 ], [ 114.134394660645881, 22.284175211423587 ], [ 114.134375105331713, 22.284182454631051 ], [ 114.134356298234167, 22.284191248070478 ], [ 114.134327798261808, 22.284206048050105 ], [ 114.134309091040777, 22.28421682599409 ], [ 114.13429151003352, 22.28422913699821 ], [ 114.134275199857498, 22.28424287979503 ], [ 114.134260294676835, 22.284257941339561 ], [ 114.134239794668176, 22.284280641316471 ], [ 114.134238006558064, 22.284282831066651 ], [ 114.134236049768944, 22.284284892108399 ], [ 114.134233100630851, 22.284288692292485 ], [ 114.134229924980403, 22.284292330946471 ], [ 114.134227762948328, 22.284295375564319 ], [ 114.134225390293977, 22.284298281156556 ], [ 114.13422384141991, 22.284300623473694 ], [ 114.134222111123378, 22.284302853089041 ], [ 114.134219576423902, 22.284306903994242 ], [ 114.134216799290328, 22.284310814809597 ], [ 114.134214968330113, 22.284314041987102 ], [ 114.134212913119512, 22.284317150021373 ], [ 114.134211618398041, 22.284319622347741 ], [ 114.134210131257873, 22.284321999064314 ], [ 114.134208035407667, 22.284326261678309 ], [ 114.134205683536379, 22.284330406991813 ], [ 114.134204201281236, 22.284333785649565 ], [ 114.134202483307277, 22.284337066193871 ], [ 114.134201455207375, 22.284339644719662 ], [ 114.134200225545598, 22.284342145648445 ], [ 114.134198588729006, 22.284346578919994 ], [ 114.134196684769933, 22.284350918810134 ], [ 114.134195565494949, 22.284354416409872 ], [ 114.13419420130279, 22.284357837870843 ], [ 114.1341934497257, 22.284360497763462 ], [ 114.134192489384716, 22.28436309881922 ], [ 114.134180789327743, 22.284400698802592 ], [ 114.134175123114304, 22.284423138578475 ], [ 114.13417194508574, 22.284445999097631 ], [ 114.134171288373423, 22.28446904204522 ], [ 114.134172188314665, 22.284503142046447 ], [ 114.134174202366069, 22.284527150360194 ], [ 114.134178952723289, 22.284550822449916 ], [ 114.134184452689965, 22.284571922457705 ], [ 114.134191193483147, 22.284593171365586 ], [ 114.134200139776866, 22.284613703060092 ], [ 114.134211205414218, 22.284633319809441 ], [ 114.134224283827677, 22.284651832693207 ], [ 114.134239249065445, 22.284669063421731 ], [ 114.134255957004328, 22.284684846053182 ], [ 114.134274246737746, 22.284699028591699 ], [ 114.134293942125367, 22.284711474451189 ], [ 114.134314329760485, 22.284721798559332 ], [ 114.13432636394424, 22.284730113283263 ], [ 114.134346633649201, 22.284741449306718 ], [ 114.134367993041209, 22.284750894751213 ], [ 114.134390239146981, 22.284758359858785 ], [ 114.134413160566851, 22.284763773690212 ], [ 114.134436539483715, 22.284767084799039 ], [ 114.134460153732917, 22.28476826172054 ], [ 114.134483778913463, 22.284767293270701 ], [ 114.134507190520438, 22.284764188652456 ], [ 114.134521248572284, 22.284761000025128 ], [ 114.134526455425828, 22.284760786634116 ], [ 114.134527079743421, 22.28476070346154 ], [ 114.134527709661981, 22.284760674594242 ], [ 114.134538861498271, 22.284759133877174 ], [ 114.134547651851378, 22.284757962811572 ], [ 114.134564467296698, 22.284760280902191 ], [ 114.134588229013517, 22.284761364258227 ], [ 114.134611990490399, 22.284760276353161 ], [ 114.134635523204921, 22.284757027649746 ], [ 114.134658600834783, 22.284751649391879 ], [ 114.134674900857519, 22.284747049384976 ], [ 114.134884068702391, 22.284687999612078 ], [ 114.134900812946469, 22.284683353809754 ], [ 114.134923384255089, 22.284675944641901 ], [ 114.134940541390435, 22.28466847052238 ], [ 114.134962606438989, 22.284666187595061 ], [ 114.134985895480028, 22.284661593018093 ], [ 114.135008588470114, 22.284654896142378 ], [ 114.135030466862418, 22.284646161462796 ], [ 114.135051319955352, 22.284635473099407 ], [ 114.135070946921587, 22.284622933987475 ], [ 114.13508915874236, 22.284608664885916 ], [ 114.135105780027658, 22.284592803214526 ], [ 114.135120650705474, 22.284575501730327 ], [ 114.13512605679955, 22.284567763614859 ], [ 114.135129388429988, 22.284564594328021 ], [ 114.135144723145601, 22.284546690889826 ], [ 114.135158030586226, 22.284527434090826 ], [ 114.135169173892095, 22.284507021977848 ], [ 114.135174658677144, 22.284493807428419 ], [ 114.135190688188587, 22.28447975789479 ], [ 114.135206335527513, 22.284463060220975 ], [ 114.135220148901865, 22.284445015601964 ], [ 114.135231995281629, 22.28442579781775 ], [ 114.135241760580271, 22.284405591946573 ], [ 114.135247947216754, 22.284388475679592 ] ], [ [ 114.136112144466125, 22.284014208286624 ], [ 114.136108098982589, 22.283994313693903 ], [ 114.136102154513651, 22.283974836428506 ], [ 114.136094358873294, 22.283955933152154 ], [ 114.136058576225395, 22.283879589129651 ], [ 114.136196619394084, 22.283829933656932 ], [ 114.136197317002484, 22.283830572239143 ], [ 114.13621569232906, 22.283844392702296 ], [ 114.13623542507824, 22.2838564840999 ], [ 114.136254525095381, 22.283866984114223 ], [ 114.136255399375514, 22.283867462448146 ], [ 114.136274499392826, 22.283877862462329 ], [ 114.136295515890296, 22.283888057688785 ], [ 114.136317501079859, 22.283896295656454 ], [ 114.136327860228491, 22.283899120496507 ], [ 114.136330787980896, 22.283910230227448 ], [ 114.136349787889387, 22.283970630254082 ], [ 114.136356718739393, 22.283989521966937 ], [ 114.136362741634613, 22.284003835546571 ], [ 114.136112772227179, 22.284018289764834 ], [ 114.136112144466125, 22.284014208286624 ] ] ] } },
{ "type": "Feature", "properties": { "site_id": "B", "walk_score": 36.7, "walkable_share_of_circle_pct": 35.6 }, "geometry": { "type": "Polygon", "coordinates": [ [ [ 114.136425080515835, 22.282538244431009 ], [ 114.136185582283161, 22.282577653248801 ], [ 114.13609841569523, 22.282589339317855 ], [ 114.136072252419936, 22.282594226972392 ], [ 114.135996036709756, 22.282612575198936 ], [ 114.135959506110481, 22.282619906600655 ], [ 114.13595609023686, 22.282620142177976 ], [ 114.135698210056745, 22.282637700399526 ], [ 114.13565686519938, 22.282638950567474 ], [ 114.135556704009787, 22.282641949405722 ], [ 114.135556674536701, 22.282641951639196 ], [ 114.13555664497018, 22.282641951180057 ], [ 114.135182045571298, 22.28265325116287 ], [ 114.135157465573542, 22.282655160226486 ], [ 114.13513322093165, 22.282659382350754 ], [ 114.135109562291916, 22.282665873886444 ], [ 114.135086734242464, 22.282674567722708 ], [ 114.135064972784733, 22.282685373980783 ], [ 114.13504637280117, 22.28269577396674 ], [ 114.135046236898191, 22.282695858669026 ], [ 114.135046092833008, 22.28269593074689 ], [ 114.134974358729707, 22.282736162561822 ], [ 114.134906215061818, 22.282757466568491 ], [ 114.134820160434373, 22.282784323788633 ], [ 114.134736950484438, 22.282805521127894 ], [ 114.134657136686144, 22.282818981068704 ], [ 114.134251679550871, 22.282825465307784 ], [ 114.134207022753515, 22.282826164631331 ], [ 114.134183268185197, 22.282827623899859 ], [ 114.1341597816903, 22.28283124305193 ], [ 114.134136789455567, 22.282836987233274 ], [ 114.134114512907843, 22.282844801124554 ], [ 114.134093166581636, 22.282854609474022 ], [ 114.134072956053046, 22.282866317822347 ], [ 114.134054075960037, 22.282879813412176 ], [ 114.134036708127979, 22.282894966274064 ], [ 114.134021019818448, 22.282911630478186 ], [ 114.134007162118635, 22.282929645539649 ], [ 114.133995268486089, 22.282948837964035 ], [ 114.133985453463538, 22.282969022918248 ], [ 114.133977811575761, 22.2829900060105 ], [ 114.133972416419184, 22.283011585162477 ], [ 114.133969319953096, 22.283033552555363 ], [ 114.133968551999203, 22.283055696631283 ], [ 114.133970119954441, 22.283077804130727 ], [ 114.133974008719619, 22.283099662146299 ], [ 114.133980180844844, 22.283121060173222 ], [ 114.133988576890147, 22.283141792136554 ], [ 114.133999115997824, 22.283161658375821 ], [ 114.134011696671209, 22.283180467567867 ], [ 114.134026197751979, 22.283198038569452 ], [ 114.134042479587123, 22.283214202161734 ], [ 114.134060385373743, 22.283228802679975 ], [ 114.134079742669172, 22.283241699512729 ], [ 114.134100365051708, 22.283252768455949 ], [ 114.134122053916002, 22.283261902909224 ], [ 114.134144600385696, 22.283269014902405 ], [ 114.134167787325111, 22.283274035942803 ], [ 114.134191391430335, 22.283276917674829 ], [ 114.134215185379887, 22.283277632345694 ], [ 114.134259885451542, 22.28327693234473 ], [ 114.134685172392878, 22.283270130970376 ], [ 114.134704793180248, 22.283269076125205 ], [ 114.134724257823379, 22.283266546572076 ], [ 114.134833957990921, 22.283248046543704 ], [ 114.134854749998141, 22.283243653948777 ], [ 114.134954850141497, 22.283218153910315 ], [ 114.134967933407296, 22.283214449067625 ], [ 114.135060533532396, 22.283185549024665 ], [ 114.135154053166318, 22.283156311651293 ], [ 114.135178640210057, 22.283147207994837 ], [ 114.135202015545858, 22.283135666208992 ], [ 114.135260899542459, 22.283102641317679 ], [ 114.135325173853062, 22.283100702487097 ], [ 114.13532592246807, 22.28320845835572 ], [ 114.135327244298622, 22.283230579783449 ], [ 114.135330889593689, 22.283252474112082 ], [ 114.135336823248196, 22.283273930487127 ], [ 114.135344988118689, 22.283294742271689 ], [ 114.135355305573867, 22.283314709036613 ], [ 114.135367676251718, 22.283333638490632 ], [ 114.13538147825254, 22.283350725891765 ], [ 114.135377779769996, 22.283370037991084 ], [ 114.135375919895395, 22.283392125879836 ], [ 114.135376395275486, 22.283414277068115 ], [ 114.135379201333237, 22.283436278227839 ], [ 114.135384311045826, 22.283457917475722 ], [ 114.135391675204914, 22.283478986413737 ], [ 114.135401222890536, 22.28349928213623 ], [ 114.13541286215397, 22.283518609183933 ], [ 114.135426480903391, 22.283536781426324 ], [ 114.135441947983125, 22.283553623854381 ], [ 114.135459114436912, 22.28356897426578 ], [ 114.135477814942405, 22.283582684827156 ], [ 114.135497869403238, 22.283594623497855 ], [ 114.135519084683537, 22.283604675301458 ], [ 114.135529253620447, 22.283608375695273 ], [ 114.135523865300129, 22.283613164124056 ], [ 114.13550834208759, 22.283629961770242 ], [ 114.135494662753047, 22.283648094563585 ], [ 114.135482959036381, 22.283667387875859 ], [ 114.135473343651284, 22.283687655902334 ], [ 114.13546655145295, 22.283706885180006 ], [ 114.135457568161215, 22.283708771378365 ], [ 114.135434970807424, 22.283715742295211 ], [ 114.135413216442927, 22.283724740980546 ], [ 114.135392514573425, 22.283735680772498 ], [ 114.135389244486419, 22.283737828697049 ], [ 114.135369663351682, 22.283744732841843 ], [ 114.135346178622967, 22.283755858051734 ], [ 114.13532412910773, 22.283769288339194 ], [ 114.135290935899747, 22.283791994905975 ], [ 114.135282252457344, 22.283790858651031 ], [ 114.135258466541885, 22.283789939178629 ], [ 114.135234698322648, 22.283791193888352 ], [ 114.135211176699485, 22.283794610696759 ], [ 114.135188128197456, 22.283800156698245 ], [ 114.135165774785236, 22.283807778482025 ], [ 114.135144331737607, 22.283817402646502 ], [ 114.135124005562119, 22.283828936506069 ], [ 114.135104992010483, 22.283842268983829 ], [ 114.135087474193242, 22.283857271681192 ], [ 114.135071620816532, 22.283873800114485 ], [ 114.13505758455706, 22.28389169510638 ], [ 114.135045500592099, 22.283910784318785 ], [ 114.135035485297323, 22.283930883912586 ], [ 114.135027635126235, 22.283951800318111 ], [ 114.135022025681096, 22.283973332099244 ], [ 114.135018710984909, 22.283995271893396 ], [ 114.135017722961109, 22.284017408408474 ], [ 114.135019071125967, 22.284039528457818 ], [ 114.135022742497014, 22.284061419013174 ], [ 114.135028701717985, 22.284082869256409 ], [ 114.135036891399295, 22.284103672609682 ], [ 114.135047232670672, 22.284123628725009 ], [ 114.135059625940727, 22.284142545413729 ], [ 114.135073951855972, 22.284160240497304 ], [ 114.135090072450311, 22.284176543561944 ], [ 114.135107832473736, 22.284191297599708 ], [ 114.135181232505232, 22.284246497667539 ], [ 114.1351828207452, 22.284247576645111 ], [ 114.135184308716319, 22.284248773033198 ], [ 114.135189100053296, 22.284251918615006 ], [ 114.135193717039712, 22.284255282454414 ], [ 114.135234017066011, 22.284281782488627 ], [ 114.13525411060759, 22.284293664253966 ], [ 114.135275358793464, 22.284303655870534 ], [ 114.135297556991375, 22.2843116611132 ], [ 114.135320491419677, 22.284317602886762 ], [ 114.135343941206386, 22.284321423968429 ], [ 114.135367680516197, 22.284323087558924 ], [ 114.135391480725502, 22.284322577636893 ], [ 114.135415112624159, 22.284319899113157 ], [ 114.135438348622998, 22.284315077783518 ], [ 114.135460964945665, 22.284308160080208 ], [ 114.135482743783712, 22.284299212624784 ], [ 114.135503475394287, 22.284288321586526 ], [ 114.13552296012007, 22.284275591852499 ], [ 114.135541010312153, 22.284261146017471 ], [ 114.135557452137107, 22.284245123203227 ], [ 114.135572127251237, 22.284227677718746 ], [ 114.135584894325447, 22.284208977574046 ], [ 114.135595630406286, 22.284189202862201 ], [ 114.135604232100093, 22.284168544024929 ], [ 114.135607310272377, 22.284158253344788 ], [ 114.135626876745874, 22.284157622763612 ], [ 114.13560238357546, 22.284443344279037 ], [ 114.135601657033646, 22.284465489562088 ], [ 114.135603266352462, 22.28448759448451 ], [ 114.135607196034414, 22.284509446163778 ], [ 114.135613408235528, 22.284530834156101 ], [ 114.135621843129883, 22.284551552483155 ], [ 114.135632419485631, 22.284571401615803 ], [ 114.135645035447382, 22.284590190395651 ], [ 114.135659569516974, 22.284607737876044 ], [ 114.135675881723714, 22.284623875064632 ], [ 114.135693814972129, 22.284638446551 ], [ 114.135713196555145, 22.284651312003238 ], [ 114.135733839817149, 22.284662347519554 ], [ 114.135755545951682, 22.284671446821442 ], [ 114.135778105916074, 22.284678522277286 ], [ 114.135801302444662, 22.28468350574628 ], [ 114.135824912141231, 22.284686349234654 ], [ 114.135848707630416, 22.284687025357943 ], [ 114.135872459747532, 22.284685527604655 ], [ 114.135895939745652, 22.284681870399069 ], [ 114.135918921498515, 22.2846760889622 ], [ 114.135941183678284, 22.284668238972756 ], [ 114.135962511887229, 22.284658396030704 ], [ 114.135982700722337, 22.284646654929379 ], [ 114.136001555753623, 22.284633128742449 ], [ 114.136018895396546, 22.284617947734972 ], [ 114.136034552660774, 22.284601258108871 ], [ 114.136048376758453, 22.284583220594836 ], [ 114.136060234556339, 22.284564008904493 ], [ 114.136070011857896, 22.284543808057329 ], [ 114.136072613692448, 22.284536622834054 ], [ 114.136077126421185, 22.28453450757473 ], [ 114.13608096671193, 22.284532243174517 ], [ 114.136080966711944, 22.284532243174517 ], [ 114.136084947550614, 22.284530199785234 ], [ 114.136091015980909, 22.284526317693551 ], [ 114.136097236398854, 22.284522649867171 ], [ 114.136100819707991, 22.284520046059665 ], [ 114.1361045661654, 22.284517649378092 ], [ 114.136109503611152, 22.284513775990074 ], [ 114.136529436264965, 22.284494638932838 ], [ 114.136572401972032, 22.284499533038826 ], [ 114.136623023036336, 22.284510107520667 ], [ 114.136672028318984, 22.284525264496708 ], [ 114.136718942542373, 22.284544829019584 ], [ 114.136764520432607, 22.284569280390773 ], [ 114.136804596013846, 22.284595545724965 ], [ 114.136840423038123, 22.284626282600005 ], [ 114.136862714258129, 22.284648838698249 ], [ 114.136864083277501, 22.284669701222533 ], [ 114.136867856572493, 22.284691576762974 ], [ 114.136873915655755, 22.284713002767624 ], [ 114.136882202175997, 22.284733772892078 ], [ 114.136892636330316, 22.28475368710841 ], [ 114.136905117632793, 22.284772553631381 ], [ 114.136919525882121, 22.284790190765644 ], [ 114.136935722319322, 22.284806428655468 ], [ 114.136953550963909, 22.284821110920575 ], [ 114.136972840116186, 22.28483409616225 ], [ 114.136993404010695, 22.284845259325039 ], [ 114.137015044605377, 22.284854492901143 ], [ 114.137037553488724, 22.28486170796576 ], [ 114.137038649781218, 22.284861950654502 ], [ 114.137062147578121, 22.284883026683506 ], [ 114.13708180701542, 22.284898232627661 ], [ 114.137087797346965, 22.28492062994442 ], [ 114.137087922230947, 22.284921015139354 ], [ 114.137088007453912, 22.284921409591465 ], [ 114.137091360367791, 22.28493161980472 ], [ 114.137094674200654, 22.284941841062494 ], [ 114.137094839052551, 22.284942213010741 ], [ 114.137094965409389, 22.284942597789456 ], [ 114.13709937753211, 22.284952452986261 ], [ 114.137103751925338, 22.284962322739332 ], [ 114.137103955157542, 22.284962677858815 ], [ 114.137104121431392, 22.284963049258497 ], [ 114.137109550272143, 22.284972454527704 ], [ 114.137114943098325, 22.284981877724825 ], [ 114.137115182753647, 22.284982212595562 ], [ 114.137115387343187, 22.284982567039407 ], [ 114.137121780619509, 22.284991431802862 ], [ 114.137128139943144, 22.285000317693374 ], [ 114.137128413713555, 22.285000629090362 ], [ 114.137128654648492, 22.285000963164883 ], [ 114.137135950789954, 22.285009202050016 ], [ 114.137143215367374, 22.285017465057521 ], [ 114.137143520616306, 22.285017749981815 ], [ 114.137143795576321, 22.285018060469696 ], [ 114.13715192431728, 22.285025594131326 ], [ 114.137160024186642, 22.285033154678302 ], [ 114.137160357974409, 22.285033410385928 ], [ 114.137160664311509, 22.285033694296978 ], [ 114.137169547367705, 22.285040450181548 ], [ 114.137178404522871, 22.285047235455579 ], [ 114.137178763634907, 22.285047459483909 ], [ 114.13717909839886, 22.285047714083902 ], [ 114.137188650221461, 22.285053627128256 ], [ 114.137198179363153, 22.285059571783265 ], [ 114.137198560341005, 22.285059761974797 ], [ 114.137198920307867, 22.285059984811806 ], [ 114.137209048907351, 22.285064998069849 ], [ 114.137219158264529, 22.285070044855338 ], [ 114.137219557439167, 22.285070199378392 ], [ 114.137219939142241, 22.285070388306345 ], [ 114.137230546974408, 22.285074453497494 ], [ 114.137241139188134, 22.285078553809949 ], [ 114.137241552715253, 22.2850786711764 ], [ 114.137241952478533, 22.285078824375795 ], [ 114.137252937383792, 22.285081902349873 ], [ 114.137263910444858, 22.285085016700876 ], [ 114.137264334341964, 22.285085095780392 ], [ 114.137264748315502, 22.285085211775854 ], [ 114.137276004502823, 22.285087272890159 ], [ 114.137287252734168, 22.285089371286638 ], [ 114.137287682918895, 22.285089411317653 ], [ 114.13728810711585, 22.285089488992075 ], [ 114.137299526181437, 22.285090513396845 ], [ 114.137310941256032, 22.285091575630013 ], [ 114.137311373585405, 22.285091576227007 ], [ 114.137311803920539, 22.285091614832332 ], [ 114.137323275892243, 22.285091592661949 ], [ 114.13733474787594, 22.285091608501869 ], [ 114.137335178186405, 22.285091569659073 ], [ 114.137335610515322, 22.285091568823525 ], [ 114.137347024911136, 22.285090500291485 ], [ 114.137358443322043, 22.285089469585635 ], [ 114.137358867469445, 22.285089391677136 ], [ 114.137359297628564, 22.28508935140875 ], [ 114.137404692627982, 22.285082994989061 ], [ 114.137415654137953, 22.285084462835847 ], [ 114.137415909511134, 22.285084485198958 ], [ 114.137416161402129, 22.285084530254331 ], [ 114.137425302831986, 22.285085312646693 ], [ 114.137434423056916, 22.285086286056544 ], [ 114.13743689484852, 22.285086322890532 ], [ 114.137439356085054, 22.285086538421485 ], [ 114.137439612583847, 22.285086537381883 ], [ 114.137439868007235, 22.285086559242913 ], [ 114.137449047821349, 22.285086503990417 ], [ 114.137458226650892, 22.285086640769926 ], [ 114.137519926749718, 22.285084740767122 ], [ 114.137543653080272, 22.285082922409568 ], [ 114.137567073648938, 22.285078948501994 ], [ 114.137589962901785, 22.285072857315452 ], [ 114.137612100401896, 22.28506470751168 ], [ 114.137633272952201, 22.285054577578091 ], [ 114.137653276648862, 22.285042565071869 ], [ 114.137671918844873, 22.285028785680502 ], [ 114.137689020005439, 22.285013372107542 ], [ 114.137704415437014, 22.284996472794614 ], [ 114.137717956873331, 22.284978250491839 ], [ 114.137729513903366, 22.284958880690425 ], [ 114.137738975227165, 22.28493854993259 ], [ 114.137746249727769, 22.284917454014995 ], [ 114.137751267348648, 22.284895796103164 ], [ 114.137753979768377, 22.284873784774842 ], [ 114.137754360865955, 22.284851632011236 ], [ 114.13775240697224, 22.284829551155621 ], [ 114.137748136905472, 22.284807754858615 ], [ 114.137741591789705, 22.284786453030296 ], [ 114.13773283465892, 22.284765850818665 ], [ 114.137721949849862, 22.284746146633914 ], [ 114.137709042189869, 22.284727530237731 ], [ 114.137694235987198, 22.28471018091571 ], [ 114.137685919244561, 22.284702189061168 ], [ 114.137685297692713, 22.284695986937979 ], [ 114.137684785630356, 22.284688367205487 ], [ 114.137684192888372, 22.284684962702876 ], [ 114.137683848746676, 22.284681528701793 ], [ 114.137682289998395, 22.28467403316716 ], [ 114.137680977883406, 22.284666496835897 ], [ 114.137680029429916, 22.284663162796608 ], [ 114.137679325272771, 22.284659776723654 ], [ 114.137676984592929, 22.28465245947055 ], [ 114.137674885062125, 22.284645079119432 ], [ 114.137673590031355, 22.284641847652054 ], [ 114.137672532640366, 22.284638542116934 ], [ 114.1376694325713, 22.28463147361439 ], [ 114.137666565844597, 22.284624320320152 ], [ 114.137664936708575, 22.284621222545447 ], [ 114.137663536267084, 22.284618029382212 ], [ 114.137659706664493, 22.284611277703696 ], [ 114.137656100350284, 22.284604420356324 ], [ 114.137654152798561, 22.284601486107459 ], [ 114.137652422793764, 22.284598436067974 ], [ 114.137647900539022, 22.28459206623571 ], [ 114.137643589368309, 22.284585570875066 ], [ 114.137642315004157, 22.284584015659235 ], [ 114.137644701859514, 22.284582710633753 ], [ 114.137646230527295, 22.284581674768571 ], [ 114.137647845815067, 22.28458075981009 ], [ 114.137655850160385, 22.284575156253389 ], [ 114.137663947318998, 22.284569669405869 ], [ 114.137665359527134, 22.284568499083772 ], [ 114.137666870672206, 22.284567441184713 ], [ 114.13767424630052, 22.28456113445527 ], [ 114.137681726587147, 22.284554935406582 ], [ 114.137683008735308, 22.284553641898437 ], [ 114.137684401184515, 22.284552451246991 ], [ 114.137691077064417, 22.284545502082274 ], [ 114.137697868439787, 22.284538650532841 ], [ 114.137699008180192, 22.284537246295905 ], [ 114.137700268523432, 22.284535934358718 ], [ 114.137706180362613, 22.284528409683197 ], [ 114.137712217422134, 22.284520971617408 ], [ 114.137713203778461, 22.284519470175269 ], [ 114.137714319878015, 22.284518049587057 ], [ 114.137719410742335, 22.284510021867671 ], [ 114.137724635345933, 22.284502068918364 ], [ 114.137725458819062, 22.284500484730785 ], [ 114.137726419926281, 22.284498969172635 ], [ 114.137730640788206, 22.284490515720879 ], [ 114.137735002620289, 22.28448212447951 ], [ 114.137735655279812, 22.284480472803089 ], [ 114.137736452138753, 22.28447887687069 ], [ 114.137739762349312, 22.28447007909811 ], [ 114.137743219403376, 22.284461330377052 ], [ 114.137743694963845, 22.284459627118402 ], [ 114.137744319900406, 22.28445796618146 ], [ 114.137746687580815, 22.28444890881557 ], [ 114.137749206563896, 22.284439886869933 ], [ 114.137749500445523, 22.284438148432347 ], [ 114.137749947441264, 22.284436438486644 ], [ 114.13775134978988, 22.284427208754924 ], [ 114.137752906443225, 22.284418000471057 ], [ 114.137753015815818, 22.284416243596684 ], [ 114.137753280566017, 22.284414501109936 ], [ 114.137753704077895, 22.284405187899797 ], [ 114.137754283410501, 22.284395881958595 ], [ 114.137754207220823, 22.284394123567093 ], [ 114.137754287175866, 22.284392365320404 ], [ 114.137753727772832, 22.284383058323183 ], [ 114.137753324205875, 22.284373744345956 ], [ 114.137753063187787, 22.284372001371601 ], [ 114.13775295757776, 22.284370244297858 ], [ 114.137751420647632, 22.284361033144979 ], [ 114.137750038068134, 22.2843518008304 ], [ 114.137749594735453, 22.284350090058997 ], [ 114.137749304577525, 22.284348351079753 ], [ 114.137746804922202, 22.284339324479646 ], [ 114.137744456645621, 22.284330262739889 ], [ 114.137743835267955, 22.284328600647044 ], [ 114.137743363356591, 22.284326896509636 ], [ 114.137739925049544, 22.28431814139331 ], [ 114.13773663369146, 22.284309337497742 ], [ 114.137735840253114, 22.284307740090313 ], [ 114.137735191133146, 22.284306087206478 ], [ 114.137730847287514, 22.284297687890337 ], [ 114.137726644545836, 22.284289226625162 ], [ 114.1377256866881, 22.284287709287032 ], [ 114.137724866610981, 22.284286123574923 ], [ 114.137719659060679, 22.284278160948805 ], [ 114.137714585410421, 22.284270123800496 ], [ 114.137713472358044, 22.28426870114443 ], [ 114.137712489221599, 22.284267197875273 ], [ 114.137706468118381, 22.284259748623427 ], [ 114.137700572421821, 22.28425221299392 ], [ 114.137699314894093, 22.284250898720842 ], [ 114.137698178166517, 22.284249492371909 ], [ 114.137691401497065, 22.284242628234544 ], [ 114.137684740533075, 22.284235666695842 ], [ 114.137683350640714, 22.284234473462853 ], [ 114.137682071269339, 22.284233177578038 ], [ 114.137674604296734, 22.284226964660331 ], [ 114.137667242214079, 22.28422064425564 ], [ 114.13766573334253, 22.284219583554201 ], [ 114.13766432364838, 22.284218410613523 ], [ 114.137656238283625, 22.284212908749051 ], [ 114.137651068503843, 22.284209274513827 ], [ 114.137640909326791, 22.283884647280733 ], [ 114.137710771090312, 22.283881518585446 ], [ 114.137713397441232, 22.283883664382817 ], [ 114.137732741164015, 22.283896578959173 ], [ 114.137753351914469, 22.283907666807032 ], [ 114.137775031199254, 22.283916821143929 ], [ 114.137797570234298, 22.283923953808198 ], [ 114.137820751955502, 22.283928996108092 ], [ 114.137844353109216, 22.283931899483246 ], [ 114.137868146402369, 22.28393263597248 ], [ 114.137891902691479, 22.283931198482957 ], [ 114.13791539318936, 22.283927600858529 ], [ 114.137938391668655, 22.283921877746451 ], [ 114.137960676640475, 22.283914084263703 ], [ 114.137982033487532, 22.283904295466062 ], [ 114.138002256531067, 22.283892605625429 ], [ 114.138021151011571, 22.283879127321825 ], [ 114.138035085370461, 22.283866994070987 ], [ 114.138072695924706, 22.28386530962867 ], [ 114.138072866085452, 22.283869879407714 ], [ 114.138076018648476, 22.283891839889833 ], [ 114.138081468921357, 22.28391340704853 ], [ 114.138089164416016, 22.283934373179999 ], [ 114.138099031021468, 22.283954536368675 ], [ 114.13811097371763, 22.28397370243162 ], [ 114.138124877490384, 22.283991686788749 ], [ 114.13814060843913, 22.284008316240403 ], [ 114.138158015066381, 22.284023430635347 ], [ 114.13817692973673, 22.284036884413215 ], [ 114.138197170291264, 22.284048548006286 ], [ 114.138218541801876, 22.284058309087321 ], [ 114.13824083844861, 22.284066073651381 ], [ 114.138263845501712, 22.284071766921141 ], [ 114.138287341389699, 22.284075334067037 ], [ 114.138311099833331, 22.284076740735358 ], [ 114.138334892024716, 22.284075973379057 ], [ 114.138358488830931, 22.2840730393882 ], [ 114.138381663000771, 22.284067967018895 ], [ 114.138404191353345, 22.284060805121012 ], [ 114.138425856927398, 22.284051622667871 ], [ 114.138446451070919, 22.284040508091902 ], [ 114.138465775450499, 22.284027568432965 ], [ 114.138483643961408, 22.284012928307533 ], [ 114.13849988452003, 22.283996728708509 ], [ 114.138514340720931, 22.283979125647406 ], [ 114.138526873343324, 22.283960288651794 ], [ 114.138537361691675, 22.283940399132685 ], [ 114.138545704758116, 22.283919648637443 ], [ 114.138568466832425, 22.283853281793121 ], [ 114.138589820547054, 22.283801572110558 ], [ 114.138600716808483, 22.283783907770101 ], [ 114.138690442495701, 22.283752568550415 ], [ 114.138698659503277, 22.283749261876025 ], [ 114.138706960605973, 22.283746142425745 ], [ 114.13870958015319, 22.283744867205517 ], [ 114.138712293622703, 22.283743775255289 ], [ 114.138720122801772, 22.283739734944334 ], [ 114.138728055389507, 22.283735873284801 ], [ 114.138730528015785, 22.283734365248847 ], [ 114.138733113414176, 22.283733031032753 ], [ 114.138740479365239, 22.283728295995815 ], [ 114.138747967042619, 22.283723729317057 ], [ 114.138750268935169, 22.28372200298864 ], [ 114.138752701363572, 22.283720439355992 ], [ 114.138759533148317, 22.283715055194229 ], [ 114.138766503804788, 22.283709827476038 ], [ 114.138768612795062, 22.283707899480717 ], [ 114.138770868827862, 22.28370612149018 ], [ 114.138777100652334, 22.283700140056222 ], [ 114.138783487156601, 22.283694301644559 ], [ 114.138785382933889, 22.283692190550042 ], [ 114.138787440844197, 22.283690215324715 ], [ 114.138793012692588, 22.283683694223214 ], [ 114.138798753539106, 22.283677301345364 ], [ 114.138800417846028, 22.283675027482719 ], [ 114.138802257815044, 22.283672874045141 ], [ 114.138807116027479, 22.283665876078082 ], [ 114.138812155928861, 22.283658990301134 ], [ 114.138813572737305, 22.283656575568941 ], [ 114.138815177045174, 22.283654264657979 ], [ 114.138819274834546, 22.283646857219779 ], [ 114.138823565253929, 22.283639544857689 ], [ 114.138827465245029, 22.283632044852531 ], [ 114.138836852713538, 22.283611446859624 ], [ 114.138844003343664, 22.283590085261821 ], [ 114.138848065281849, 22.283571706436234 ], [ 114.13884940412504, 22.283571055819543 ], [ 114.138869325174682, 22.283558925239401 ], [ 114.138887872699613, 22.283545035862197 ], [ 114.138904868076821, 22.28352952145071 ], [ 114.138920147631509, 22.283512531417724 ], [ 114.138933564213389, 22.283494229387014 ], [ 114.138944988613844, 22.283474791617611 ], [ 114.138954310810249, 22.283454405306294 ], [ 114.138961441025529, 22.283433266784773 ], [ 114.138966310592707, 22.283411579628805 ], [ 114.138968872616189, 22.283389552697788 ], [ 114.138969102423374, 22.283367398123215 ], [ 114.138966997802171, 22.283345329265774 ], [ 114.138962579022348, 22.283323558660513 ], [ 114.138955888640155, 22.283302295970085 ], [ 114.138946991088588, 22.283281745965571 ], [ 114.1389359720567, 22.283262106554389 ], [ 114.138922937664447, 22.283243566874393 ], [ 114.138908013440584, 22.283226305472372 ], [ 114.138891343113784, 22.283210488584583 ], [ 114.138873087228419, 22.2831962685358 ], [ 114.138853421598483, 22.283183782272356 ], [ 114.138835833721046, 22.283174828979412 ], [ 114.138834866654008, 22.28311072906623 ], [ 114.138833312805488, 22.283088191601113 ], [ 114.138829347326947, 22.283065911371285 ], [ 114.138823009899696, 22.28304411132159 ], [ 114.138814363939545, 22.283023009591901 ], [ 114.138803495962421, 22.283002817334328 ], [ 114.138790514718366, 22.282983736600382 ], [ 114.138775550103489, 22.282965958319117 ], [ 114.138773037641116, 22.282963520687112 ], [ 114.13877941249612, 22.282944886028979 ], [ 114.138791212429126, 22.282901986012114 ], [ 114.138796567698023, 22.282876488479047 ], [ 114.138798739991969, 22.28285058718993 ], [ 114.13879963992089, 22.282809387188536 ], [ 114.138799509606685, 22.282805171691198 ], [ 114.138799654898946, 22.282800956617969 ], [ 114.138799455628444, 22.282798155310907 ], [ 114.138799477391146, 22.282795347944869 ], [ 114.138799080848131, 22.282791301901987 ], [ 114.138798955305049, 22.282787240743499 ], [ 114.138798381643625, 22.282783057432308 ], [ 114.138798082306209, 22.282778849402089 ], [ 114.138793482243599, 22.282741849408712 ], [ 114.138790452484614, 22.282723865160065 ], [ 114.13878587570062, 22.282706166545857 ], [ 114.138774075641493, 22.282667466562458 ], [ 114.138765280895925, 22.282643735259402 ], [ 114.138753709608366, 22.282621059342585 ], [ 114.138739504840942, 22.282599719164285 ], [ 114.138712304814689, 22.282563519196959 ], [ 114.138696033786999, 22.282544193885776 ], [ 114.138677604167583, 22.282526627156187 ], [ 114.138657233905377, 22.282511026751859 ], [ 114.138619833927507, 22.282485426784408 ], [ 114.138612784553459, 22.282481057558023 ], [ 114.13861200050431, 22.282480140386095 ], [ 114.138611569081903, 22.282479726496778 ], [ 114.138611180858376, 22.282479277083393 ], [ 114.138603282042013, 22.282471776242748 ], [ 114.138595424455787, 22.282464237988144 ], [ 114.138594951520304, 22.282463865446609 ], [ 114.138594517834306, 22.282463453611445 ], [ 114.138585867070418, 22.282456709427613 ], [ 114.138577253397855, 22.282449924249011 ], [ 114.138576743503947, 22.282449596643044 ], [ 114.138576268532105, 22.282449226352252 ], [ 114.138566949132255, 22.282443303775239 ], [ 114.138557662327557, 22.282437337017321 ], [ 114.138557120385713, 22.282437057501905 ], [ 114.138556608702302, 22.282436732321607 ], [ 114.138546710417259, 22.282431688388851 ], [ 114.138536839917194, 22.282426597514515 ], [ 114.138536271146663, 22.282426368781564 ], [ 114.138535727679411, 22.282426091843377 ], [ 114.138525345834665, 22.282421975130436 ], [ 114.138514986697402, 22.282417809167466 ], [ 114.138514396575701, 22.282417633419769 ], [ 114.138513826558508, 22.282417407390767 ], [ 114.138503061136731, 22.282414257543742 ], [ 114.138498284243184, 22.282412834907753 ], [ 114.138507642698855, 22.282403441635676 ], [ 114.138521670456967, 22.282386352211546 ], [ 114.138533887415846, 22.282368098151643 ], [ 114.138544182723621, 22.282348845087213 ], [ 114.138552462964967, 22.282328767714031 ], [ 114.138558653008644, 22.28230804820733 ], [ 114.138562696689306, 22.282286874568772 ], [ 114.138564076039813, 22.282276920286836 ], [ 114.138567884939903, 22.282274397675813 ], [ 114.138585834787875, 22.282259844219499 ], [ 114.13860216543938, 22.282243723431893 ], [ 114.138616719621339, 22.282226190565506 ], [ 114.138629357169336, 22.282207414471909 ], [ 114.138639956377318, 22.282187575975591 ], [ 114.138648415169811, 22.282166866132535 ], [ 114.138654652084824, 22.282145484390181 ], [ 114.138658607058389, 22.282123636666643 ], [ 114.138660242002999, 22.282101533367616 ], [ 114.138659541174349, 22.282079387360024 ], [ 114.138656511322893, 22.28205741192199 ], [ 114.138651181628816, 22.282035818688883 ], [ 114.138643603420959, 22.282014815615117 ], [ 114.138633849682506, 22.281994604971466 ], [ 114.13862201434803, 22.281975381397103 ], [ 114.13860821139879, 22.281957330025133 ], [ 114.138592573765138, 22.281940624699661 ], [ 114.138575252046166, 22.281925426301601 ], [ 114.138556413059419, 22.281911881199328 ], [ 114.138536238234394, 22.281900119839108 ], [ 114.138514921865166, 22.281890255488797 ], [ 114.138492669239426, 22.28188238314711 ], [ 114.138469694661225, 22.28187657862863 ], [ 114.138446219387404, 22.281872897833811 ], [ 114.138422469496675, 22.281871376210535 ], [ 114.138398673712331, 22.28187202841282 ], [ 114.138375061199696, 22.281874848159607 ], [ 114.138351859359119, 22.281879808295333 ], [ 114.138329291636012, 22.281886861051404 ], [ 114.138307575369012, 22.281895938506192 ], [ 114.13828691969691, 22.281906953239254 ], [ 114.138207019761069, 22.281954553176007 ], [ 114.138198351543096, 22.281960294067332 ], [ 114.138189619436389, 22.281965950475847 ], [ 114.138188655680693, 22.281966715558223 ], [ 114.138187623594888, 22.281967399100214 ], [ 114.138179601740219, 22.281973903074455 ], [ 114.138171507406796, 22.281980328800739 ], [ 114.138170628869389, 22.281981178114176 ], [ 114.138169673743135, 22.281981952513025 ], [ 114.138162375506553, 22.281989156933591 ], [ 114.138154996899218, 22.2819962900946 ], [ 114.138154212040902, 22.281997215459754 ], [ 114.138153343072574, 22.281998073257597 ], [ 114.13814683874007, 22.282005908742232 ], [ 114.138140246918894, 22.282013680641949 ], [ 114.138139563298296, 22.282014673147092 ], [ 114.138138788856565, 22.282015606082908 ], [ 114.13813314106855, 22.282023997171784 ], [ 114.138127399516492, 22.282032332962775 ], [ 114.138126823717258, 22.282033383049555 ], [ 114.138126151260437, 22.282034382138701 ], [ 114.138121414408346, 22.282043248021317 ], [ 114.13811657841994, 22.282052067425507 ], [ 114.138116115987359, 22.28205316498104 ], [ 114.138115551991604, 22.28205422060174 ], [ 114.138111771694241, 22.282063475894933 ], [ 114.138107887842978, 22.2820726939769 ], [ 114.138107543230575, 22.282073828431145 ], [ 114.138107093127488, 22.28207493041722 ], [ 114.138104305791543, 22.282084485987586 ], [ 114.138101411481401, 22.282094013972308 ], [ 114.138101188008022, 22.282095174399874 ], [ 114.138100856132411, 22.282096312138606 ], [ 114.138100571344765, 22.282097885303045 ], [ 114.13809243429489, 22.282097700120865 ], [ 114.138065364567638, 22.282098491498818 ], [ 114.138038558328731, 22.282102086188324 ], [ 114.138000656159406, 22.282109198271925 ], [ 114.137996220439831, 22.282092886566137 ], [ 114.137988291656924, 22.282072330872634 ], [ 114.137969491601154, 22.282030130898054 ], [ 114.137968796210956, 22.282028586193707 ], [ 114.137929879727352, 22.281943030816656 ], [ 114.137999517042758, 22.281840044787636 ], [ 114.13801053852238, 22.281821945579274 ], [ 114.138019723074123, 22.281802979027393 ], [ 114.138026992711389, 22.281783306179747 ], [ 114.138032285707439, 22.281763094081278 ], [ 114.138035557119593, 22.28174251435571 ], [ 114.138036779170747, 22.281721741748271 ], [ 114.138035941485185, 22.281700952641909 ], [ 114.138033051176748, 22.281680323559556 ], [ 114.138022251083555, 22.281623723575038 ], [ 114.138019679732324, 22.28161326006984 ], [ 114.138017142709472, 22.281602789308884 ], [ 114.138017026134577, 22.281602461880308 ], [ 114.138016943502194, 22.281602125627401 ], [ 114.138013282530167, 22.281591947069735 ], [ 114.138009654957273, 22.281581758159831 ], [ 114.138009504459376, 22.28158144294208 ], [ 114.13800938681122, 22.281581115846162 ], [ 114.138004671475954, 22.281571320260902 ], [ 114.137999988288954, 22.281561511326736 ], [ 114.137999805317449, 22.281561211355509 ], [ 114.137999653786494, 22.281560896566724 ], [ 114.1379939294997, 22.281551578290681 ], [ 114.137988235800563, 22.281542243797301 ], [ 114.137988022117582, 22.281541961961491 ], [ 114.13798783816317, 22.28154166251139 ], [ 114.137981160053101, 22.281532911284391 ], [ 114.137974510675519, 22.281524141127939 ], [ 114.137974268338951, 22.281523880141773 ], [ 114.137974053732705, 22.281523598914251 ], [ 114.137966486113328, 22.281515499015089 ], [ 114.137958945094709, 22.28150737765678 ], [ 114.137958676438373, 22.281507140033682 ], [ 114.137958433247064, 22.28150687973708 ], [ 114.137950048998832, 22.281499509172086 ], [ 114.137941688963281, 22.281492114824726 ], [ 114.137941396574533, 22.281491902853134 ], [ 114.137941127140223, 22.281491665994238 ], [ 114.137932007008203, 22.281485095745889 ], [ 114.137922908467218, 22.281478499620679 ], [ 114.137922595161854, 22.281478315341968 ], [ 114.137922302079332, 22.281478104201874 ], [ 114.137912533895246, 22.28147239754492 ], [ 114.137902784472644, 22.281466663166004 ], [ 114.137902453268012, 22.281466508354889 ], [ 114.137902139359824, 22.281466324966981 ], [ 114.137891817196106, 22.281461536859265 ], [ 114.137881510784197, 22.281456719451789 ], [ 114.137881164869952, 22.281456595599185 ], [ 114.137880833159187, 22.281456441729567 ], [ 114.137870056423608, 22.281452618283041 ], [ 114.137859292278463, 22.281448764241034 ], [ 114.137858934985942, 22.281448672539685 ], [ 114.137858588667157, 22.281448549670209 ], [ 114.137847461145427, 22.281445727706668 ], [ 114.137836342930953, 22.281442874146414 ], [ 114.137835977701059, 22.281442815479465 ], [ 114.137835620109485, 22.281442724793425 ], [ 114.137824248965131, 22.281440931489758 ], [ 114.137812883755558, 22.281439105892513 ], [ 114.137812514105605, 22.28143908082496 ], [ 114.137812148685029, 22.281439023195698 ], [ 114.137800643427937, 22.281438275822328 ], [ 114.137789140675821, 22.281437495769502 ], [ 114.137788770165784, 22.281437504542733 ], [ 114.137788400435383, 22.281437480525277 ], [ 114.137776871867104, 22.281437786279767 ], [ 114.137765342349596, 22.28143805928368 ], [ 114.137745735994201, 22.281439421659709 ], [ 114.137742234913048, 22.281439301310058 ], [ 114.13769722995373, 22.281432527986428 ], [ 114.137696923479652, 22.281432482048746 ], [ 114.137530123737335, 22.281407582087802 ], [ 114.137506253087778, 22.281405139042814 ], [ 114.137482239858315, 22.281404904517814 ], [ 114.137458319377586, 22.281406880811137 ], [ 114.137377119504393, 22.281417380794853 ], [ 114.137347983990367, 22.281422859425327 ], [ 114.13731978715478, 22.281431613213723 ], [ 114.137224387274074, 22.281467413161423 ], [ 114.137200567184877, 22.281477782225039 ], [ 114.137178093051645, 22.281490489993644 ], [ 114.137157228974885, 22.281505387134533 ], [ 114.137138220135085, 22.281522298586989 ], [ 114.137054520123201, 22.281605298497247 ], [ 114.137035894656464, 22.281626147261573 ], [ 114.136999194626938, 22.281672647218056 ], [ 114.136962884393554, 22.281718660104932 ], [ 114.136948018304963, 22.281739903208706 ], [ 114.136935804984674, 22.281762563516224 ], [ 114.136926398432607, 22.281786355302042 ], [ 114.136892598278877, 22.281889355254261 ], [ 114.136886838885388, 22.281910520372946 ], [ 114.136883303159792, 22.281932104275075 ], [ 114.136865104432843, 22.282096090270549 ], [ 114.136846711746927, 22.282261621919307 ], [ 114.136840205308047, 22.282279949831217 ], [ 114.136799487674708, 22.28235089812754 ], [ 114.136788530406363, 22.282366086391509 ], [ 114.136751151450142, 22.282401530930873 ], [ 114.136700327625647, 22.282437262943613 ], [ 114.136479765314988, 22.282518153293914 ], [ 114.136479697932515, 22.282518181635549 ], [ 114.136479627904023, 22.282518203733698 ], [ 114.136425080515835, 22.282538244431009 ] ], [ [ 114.136262741347409, 22.283072069875107 ], [ 114.136240174244193, 22.283065014876794 ], [ 114.13621697277803, 22.283060052435413 ], [ 114.136195088667606, 22.283057436901252 ], [ 114.136203432788349, 22.283050637375393 ], [ 114.136220497962086, 22.283033526806243 ], [ 114.136224450221903, 22.283028634982184 ], [ 114.136258592670089, 22.283024057636826 ], [ 114.136266239653651, 22.283022916191484 ], [ 114.136433301093888, 22.282995426704893 ], [ 114.136434815566332, 22.282996974640749 ], [ 114.136451925125243, 22.283011424014195 ], [ 114.13647043410019, 22.283024293046882 ], [ 114.136473114574429, 22.283025810037596 ], [ 114.136482599702575, 22.283035125615875 ], [ 114.136500548122413, 22.283049609312179 ], [ 114.136504621591342, 22.283052294989499 ], [ 114.136505814835886, 22.283053349169165 ], [ 114.13650738257445, 22.283054734198036 ], [ 114.136503233397235, 22.283063781604589 ], [ 114.136498776565304, 22.283073346135765 ], [ 114.136498561482796, 22.283073968853973 ], [ 114.136498285588402, 22.283074570449934 ], [ 114.136497388965537, 22.283077218921978 ], [ 114.136296965935912, 22.283087821661219 ], [ 114.136284456754979, 22.28308114948717 ], [ 114.136262741347409, 22.283072069875107 ] ], [ [ 114.135870630216488, 22.283115781025721 ], [ 114.135862535087682, 22.283121368477492 ], [ 114.135810548360823, 22.283128239879293 ], [ 114.135810232599169, 22.283082811587825 ], [ 114.135837028989442, 22.283080987115586 ], [ 114.135851774849726, 22.283091825409311 ], [ 114.135871813607935, 22.283103786794538 ], [ 114.135882785167098, 22.283109000803289 ], [ 114.135870630216488, 22.283115781025721 ] ], [ [ 114.136348556534855, 22.284004655795439 ], [ 114.136362162580284, 22.284002459407848 ], [ 114.136362741634613, 22.284003835546571 ], [ 114.136348556534855, 22.284004655795439 ] ], [ [ 114.137956518568629, 22.283209072636591 ], [ 114.137933630410032, 22.283215353852285 ], [ 114.137911516077565, 22.283223697465061 ], [ 114.137890389550037, 22.283234022741983 ], [ 114.137870455248319, 22.283246229775493 ], [ 114.137851906057435, 22.283260200450069 ], [ 114.137846028401313, 22.283265598656499 ], [ 114.137842637105209, 22.283265731048441 ], [ 114.137841210321341, 22.283265852231118 ], [ 114.137839777623455, 22.283265858413149 ], [ 114.137838459300369, 22.283265984999577 ], [ 114.137838459300369, 22.283265984999577 ], [ 114.137837134139303, 22.283266004181769 ], [ 114.137749400636153, 22.283271289381286 ], [ 114.137748701559985, 22.283270624913573 ], [ 114.137730459262329, 22.283256389761451 ], [ 114.13771080556333, 22.283243887227211 ], [ 114.137666733509533, 22.28321871154067 ], [ 114.137664513312487, 22.283184938955657 ], [ 114.137945598279771, 22.283170968827523 ], [ 114.137950845501379, 22.283183010109759 ], [ 114.13796191174967, 22.283202626510104 ], [ 114.137965358107252, 22.283207504618449 ], [ 114.137956518568629, 22.283209072636591 ] ] ] } },
{ "type": "Feature", "properties": { "site_id": "C", "walk_score": 69.8, "walkable_share_of_circle_pct": 45.3 }, "geometry": { "type": "Polygon", "coordinates": [ [ [ 114.131389719115973, 22.283910297349156 ], [ 114.13138617210457, 22.283908147214568 ], [ 114.13138277832175, 22.283905792597508 ], [ 114.131376203586512, 22.283902104477274 ], [ 114.131369771064897, 22.283898205197154 ], [ 114.131366014680637, 22.283896388974728 ], [ 114.13136238925091, 22.283894355276939 ], [ 114.131355457741122, 22.283891284663895 ], [ 114.131348645520674, 22.283887990935021 ], [ 114.131344715939449, 22.283886526115889 ], [ 114.131340893777619, 22.28388483292289 ], [ 114.13133367224728, 22.283882409388593 ], [ 114.131326545933234, 22.283879752931249 ], [ 114.131322480998932, 22.283878653622352 ], [ 114.131318498914368, 22.283877317240481 ], [ 114.131311056910491, 22.283875564124784 ], [ 114.131303685132835, 22.283873570521973 ], [ 114.131299523992851, 22.283872847310221 ], [ 114.131295420335036, 22.283871880609482 ], [ 114.131287829527906, 22.28387081479578 ], [ 114.131280283280603, 22.283869503246908 ], [ 114.131276066008823, 22.283869163097176 ], [ 114.131271880298044, 22.283868575387409 ], [ 114.131264213790899, 22.283868207139992 ], [ 114.131256565748146, 22.283867590275957 ], [ 114.131252332958994, 22.283867636464056 ], [ 114.131248105505733, 22.283867433405184 ], [ 114.131240437130941, 22.283867766270482 ], [ 114.131232760947142, 22.283867850031978 ], [ 114.131228553404483, 22.283868282113087 ], [ 114.131224324921291, 22.283868465660682 ], [ 114.131216728529083, 22.28386949643301 ], [ 114.131209098129773, 22.283870280013385 ], [ 114.131204956354367, 22.28387109382636 ], [ 114.131200767563598, 22.283871662212754 ], [ 114.131193316311084, 22.283873380965257 ], [ 114.131185805180834, 22.283874856818247 ], [ 114.131181769060049, 22.283876044525655 ], [ 114.131177660301887, 22.283876992277015 ], [ 114.131170425948383, 22.283879382457243 ], [ 114.131163106423131, 22.283881536369627 ], [ 114.131159214826852, 22.28388308653324 ], [ 114.13115522567071, 22.283884404522237 ], [ 114.131148277886695, 22.283887443111549 ], [ 114.131145506151341, 22.283888547193687 ], [ 114.131143576486011, 22.283888936794394 ], [ 114.131134841935548, 22.283890489887288 ], [ 114.131131949163986, 22.283891284357857 ], [ 114.131129001626505, 22.283891879467355 ], [ 114.131120537879525, 22.283894418351625 ], [ 114.131112008960088, 22.283896760732397 ], [ 114.131109213791731, 22.283897815256257 ], [ 114.131106343124443, 22.283898676374747 ], [ 114.131098187528337, 22.283901975097358 ], [ 114.13108994637777, 22.283905084207714 ], [ 114.131087275731545, 22.283906388629266 ], [ 114.131084509580361, 22.283907507463763 ], [ 114.131076740677713, 22.283911534256333 ], [ 114.131068866662488, 22.283915380153971 ], [ 114.131066346258081, 22.283916921910972 ], [ 114.131063711262499, 22.283918287686529 ], [ 114.131056403871852, 22.283923003769008 ], [ 114.131048972822825, 22.283927549415985 ], [ 114.131046626933042, 22.283929313660529 ], [ 114.131044148469442, 22.28393091322404 ], [ 114.131037372964798, 22.283936273178128 ], [ 114.131030456446879, 22.283941474797565 ], [ 114.131028307663897, 22.28394344453908 ], [ 114.131026009601186, 22.283945262485936 ], [ 114.131025019077171, 22.28394621675168 ], [ 114.131018764895174, 22.283947295013022 ], [ 114.13099589448359, 22.283953446595458 ], [ 114.13097378208488, 22.283961654796443 ], [ 114.130952640652723, 22.283971840566871 ], [ 114.130932673790042, 22.283983905812605 ], [ 114.130914073788205, 22.283997734339177 ], [ 114.130897019775134, 22.284013192970832 ], [ 114.130881675990281, 22.284030132832999 ], [ 114.130868190202847, 22.284048390786008 ], [ 114.130856692288731, 22.2840677909963 ], [ 114.130847292979723, 22.284088146629642 ], [ 114.130840082797064, 22.284109261650535 ], [ 114.130835131179666, 22.284130932710092 ], [ 114.130832927018361, 22.284149278800509 ], [ 114.130658277725075, 22.284335676690631 ], [ 114.130645452726583, 22.284334870690117 ], [ 114.130621657463337, 22.284335551823734 ], [ 114.130598048517598, 22.284338400276319 ], [ 114.130574853255311, 22.284343388615866 ], [ 114.130552295058592, 22.284350468802145 ], [ 114.13053059117432, 22.284359572649386 ], [ 114.130509950622027, 22.284370612482963 ], [ 114.130490572180946, 22.284383481983649 ], [ 114.130472642475738, 22.284398057211611 ], [ 114.130456334179073, 22.284414197799919 ], [ 114.130441804348834, 22.284431748306403 ], [ 114.130429192915528, 22.284450539710566 ], [ 114.130418621334655, 22.284470391041378 ], [ 114.1304101914169, 22.284491111120065 ], [ 114.130403984347893, 22.28451250040127 ], [ 114.130400059905995, 22.284534352894784 ], [ 114.130398455886791, 22.284556458149325 ], [ 114.130399187738917, 22.284578603279261 ], [ 114.130402248415379, 22.284600575014863 ], [ 114.130407608441232, 22.284622161756172 ], [ 114.130413046358129, 22.284637167868144 ], [ 114.130412461496519, 22.284639171393987 ], [ 114.130412388059639, 22.284639576594017 ], [ 114.130412273850439, 22.284639973533118 ], [ 114.130410408495351, 22.284650499164872 ], [ 114.130408502027095, 22.284661018414432 ], [ 114.130408471619944, 22.284661428362195 ], [ 114.130408399766708, 22.28466183380807 ], [ 114.13040765196429, 22.284672478913325 ], [ 114.130406862574702, 22.284683121417125 ], [ 114.13040687549011, 22.284683532164614 ], [ 114.130406846684835, 22.284683942212578 ], [ 114.130407223637405, 22.284694604272893 ], [ 114.130407558929235, 22.284705267538133 ], [ 114.130407615042827, 22.284705675129615 ], [ 114.130407615042827, 22.284705675129615 ], [ 114.130407629562995, 22.284706085830688 ], [ 114.130409127640775, 22.284716662164733 ], [ 114.130410584385515, 22.284727243498182 ], [ 114.130410683156924, 22.284727644008328 ], [ 114.130410740862686, 22.284728051407225 ], [ 114.130413345638843, 22.284738440158815 ], [ 114.130415909807837, 22.284748837656618 ], [ 114.130416050285845, 22.284749227228311 ], [ 114.130416150621485, 22.28474962740157 ], [ 114.130419837011104, 22.284759728521465 ], [ 114.130419837011118, 22.284759728521518 ], [ 114.130423483910405, 22.284769842049691 ], [ 114.130423664742182, 22.284770216931133 ], [ 114.130423806741433, 22.284770606024853 ], [ 114.130428539243027, 22.28478032223369 ], [ 114.130433233751418, 22.284790054393326 ], [ 114.130433453195437, 22.284790410974178 ], [ 114.130433635490775, 22.284790785241167 ], [ 114.130439368528158, 22.284800022966408 ], [ 114.130445065435254, 22.28480928003119 ], [ 114.13044532137819, 22.284809614877393 ], [ 114.13044532137819, 22.284809614877393 ], [ 114.130445542214019, 22.284809970713262 ], [ 114.130452220575194, 22.284818640990338 ], [ 114.130458865016919, 22.284827333809488 ], [ 114.130459154993886, 22.284827643696271 ], [ 114.130459412243468, 22.284827977674109 ], [ 114.130466971612265, 22.284835997003164 ], [ 114.130466971612279, 22.284835997003174 ], [ 114.130474499599273, 22.284844041859969 ], [ 114.130474820817625, 22.284844323802954 ], [ 114.130475112003509, 22.284844632706363 ], [ 114.13048347957924, 22.284851923856742 ], [ 114.130491818612853, 22.284859243274482 ], [ 114.130492167979099, 22.284859494558376 ], [ 114.130492490297001, 22.284859775412453 ], [ 114.13052649077251, 22.284886613021321 ], [ 114.130499346551417, 22.284911559806591 ], [ 114.130483248667133, 22.284927882365661 ], [ 114.130468947407834, 22.284945594767464 ], [ 114.130456580502766, 22.284964526432354 ], [ 114.130446267052477, 22.284984495038504 ], [ 114.130438106381817, 22.2850053082777 ], [ 114.13043217708335, 22.285026765707421 ], [ 114.130428536260425, 22.285048660681117 ], [ 114.130427218977218, 22.285070782338384 ], [ 114.130428237920967, 22.285092917635609 ], [ 114.130431583279758, 22.285114853397769 ], [ 114.130437222837045, 22.285136378371309 ], [ 114.130445102281783, 22.285157285258766 ], [ 114.130455145731474, 22.285177372715044 ], [ 114.130467256462893, 22.285196447286626 ], [ 114.130481317843632, 22.285214325274477 ], [ 114.130497194455245, 22.285230834503324 ], [ 114.130514733397376, 22.285245815979774 ], [ 114.130533765760347, 22.285259125423526 ], [ 114.130554108251815, 22.285270634656879 ], [ 114.130575564961944, 22.28528023283917 ], [ 114.130597929250214, 22.285287827534258 ], [ 114.130620985735447, 22.285293345600767 ], [ 114.130644512370139, 22.285296733896434 ], [ 114.130668282578867, 22.28529795979 ], [ 114.130692067440464, 22.285297011475336 ], [ 114.130715637892578, 22.28529389808531 ], [ 114.130731902127437, 22.285290207378328 ], [ 114.130747048643201, 22.285303215165523 ], [ 114.130764298695681, 22.285315560110387 ], [ 114.130796998717486, 22.285336860137981 ], [ 114.13079789117586, 22.285337358763666 ], [ 114.130720592667501, 22.285417127254782 ], [ 114.13072037635115, 22.285417213603235 ], [ 114.130699873804872, 22.285426482095751 ], [ 114.130680396474432, 22.285437500478317 ], [ 114.130662116308926, 22.285450171478935 ], [ 114.13064519468891, 22.285464383236032 ], [ 114.130617994689629, 22.285489483207883 ], [ 114.130612560091379, 22.285495016209509 ], [ 114.13060693942198, 22.285500385798265 ], [ 114.130604533228635, 22.285503188412196 ], [ 114.130601932490066, 22.285505836241256 ], [ 114.130597106804913, 22.285511838339026 ], [ 114.130592078733699, 22.28551769478403 ], [ 114.1305899793024, 22.285520703393335 ], [ 114.130587669960448, 22.285523575709345 ], [ 114.130583499662478, 22.285529989099928 ], [ 114.130579112612608, 22.285536276000574 ], [ 114.130577340162091, 22.285539461630798 ], [ 114.130575344457057, 22.285542530771878 ], [ 114.130571869708646, 22.285549293690938 ], [ 114.130568165929972, 22.285555950501102 ], [ 114.130566737530017, 22.285559282472953 ], [ 114.130565074681698, 22.285562518881648 ], [ 114.130562328946837, 22.285569566198777 ], [ 114.130559344108988, 22.285576528809838 ], [ 114.130558273515973, 22.285579975034651 ], [ 114.130556959538637, 22.285583347542637 ], [ 114.130554969260515, 22.285590611388432 ], [ 114.130552732109393, 22.285597812746754 ], [ 114.130552029633876, 22.285601340035541 ], [ 114.130551077181963, 22.285604816163787 ], [ 114.13054986152838, 22.285612226583503 ], [ 114.130548393609288, 22.285619597336158 ], [ 114.130531019521456, 22.285739380612902 ], [ 114.130524924031974, 22.28577188959493 ], [ 114.130524435797795, 22.285775544899376 ], [ 114.130523691294712, 22.285779162583719 ], [ 114.130522968236718, 22.285786532213333 ], [ 114.130521987339193, 22.285793875980978 ], [ 114.130521886439652, 22.285797558220334 ], [ 114.130521526542964, 22.285801226397346 ], [ 114.130521583150312, 22.285808626496788 ], [ 114.130521380435923, 22.285816024378612 ], [ 114.130521667842942, 22.285819698090922 ], [ 114.130521696018789, 22.285823381434053 ], [ 114.130522531746706, 22.285830740736277 ], [ 114.130523109168053, 22.28583812148668 ], [ 114.130523782113897, 22.285841751292089 ], [ 114.130524198091209, 22.285845414328715 ], [ 114.130525804891519, 22.285852661959609 ], [ 114.130527156888064, 22.285859954497869 ], [ 114.130528208892073, 22.285863505439337 ], [ 114.13052900866488, 22.285867112892419 ], [ 114.130531371063555, 22.285874179053284 ], [ 114.130533484615228, 22.285881313148202 ], [ 114.130534905546199, 22.285884751028178 ], [ 114.130536081412416, 22.285888268155908 ], [ 114.130536850514972, 22.285889961945369 ], [ 114.130520482650184, 22.285924177848035 ], [ 114.130511879061885, 22.285944836034901 ], [ 114.130505492662891, 22.285966179556226 ], [ 114.130501384958649, 22.285988002862528 ], [ 114.130499595509647, 22.286010095783595 ], [ 114.130500141550343, 22.286032245552605 ], [ 114.130503017823145, 22.286054238855154 ], [ 114.130508196629052, 22.286075863883593 ], [ 114.130515628094344, 22.286096912376845 ], [ 114.130525240650826, 22.286117181626164 ], [ 114.130536941725055, 22.286136476427185 ], [ 114.130550618629869, 22.286154610960011 ], [ 114.130566139649574, 22.286171410578721 ], [ 114.130583355308417, 22.286186713493283 ], [ 114.130602099810162, 22.286200372327784 ], [ 114.130622192634732, 22.286212255539667 ], [ 114.130643440276813, 22.28622224868667 ], [ 114.130665638109306, 22.28623025552891 ], [ 114.130688572354174, 22.286236198955773 ], [ 114.130712022141125, 22.286240021728577 ], [ 114.130735761634895, 22.286241687031701 ], [ 114.130759562210059, 22.286241178827353 ], [ 114.130783194652992, 22.286238502009805 ], [ 114.130793105838009, 22.286236446278437 ], [ 114.13080116886681, 22.286238883745071 ], [ 114.13080365822249, 22.286239391850863 ], [ 114.130806098071716, 22.286240077067266 ], [ 114.130815280566424, 22.286241764102837 ], [ 114.130824422980268, 22.286243630172351 ], [ 114.130826953864016, 22.286243908755399 ], [ 114.130829454133419, 22.286244368112122 ], [ 114.130838770094769, 22.286245209407824 ], [ 114.130848065024495, 22.286246232531521 ], [ 114.130850613062407, 22.286246278908866 ], [ 114.130850613062407, 22.286246278908866 ], [ 114.130853149672916, 22.286246507982053 ], [ 114.130860496744546, 22.286246498133629 ], [ 114.131384690220031, 22.286690127495735 ], [ 114.131397284156222, 22.286700078182214 ], [ 114.131828984356801, 22.287018278576461 ], [ 114.131829002790866, 22.287018290843797 ], [ 114.131829019846919, 22.287018304730619 ], [ 114.132071413650706, 22.287196900303481 ], [ 114.132367107463452, 22.287414795912714 ], [ 114.132379038010171, 22.287423046903157 ], [ 114.132417138035862, 22.287447746935211 ], [ 114.132425084185101, 22.287452684962656 ], [ 114.132488584235603, 22.287490485013027 ], [ 114.132518676641027, 22.287505725754507 ], [ 114.132578076709592, 22.287530925790858 ], [ 114.132598014329716, 22.287538409898758 ], [ 114.132626744948112, 22.287547840083366 ], [ 114.132667844259004, 22.287568101327206 ], [ 114.13268594316051, 22.287576150375543 ], [ 114.132758243247466, 22.287604950417503 ], [ 114.132779935511834, 22.287612473214022 ], [ 114.132858035618881, 22.287635673249138 ], [ 114.132885531208089, 22.287642219165637 ], [ 114.132986731361356, 22.287660519194333 ], [ 114.133010062350067, 22.287663652375464 ], [ 114.133097162487886, 22.287671352387864 ], [ 114.133123406877772, 22.287672343248097 ], [ 114.133218107029663, 22.287671143246527 ], [ 114.133244392899684, 22.287669478601515 ], [ 114.133319593017646, 22.287660878588291 ], [ 114.133332769770135, 22.287659028496112 ], [ 114.133402369876578, 22.287647428478323 ], [ 114.133410398295027, 22.287645959956659 ], [ 114.133740598789544, 22.287580159856251 ], [ 114.133741593340744, 22.287579913607523 ], [ 114.133742607596417, 22.287579751259067 ], [ 114.133753094515754, 22.287577065940823 ], [ 114.133763605515171, 22.287574463438716 ], [ 114.13376456934148, 22.287574127654821 ], [ 114.133765561614098, 22.287573873569823 ], [ 114.133775715208415, 22.287570244587062 ], [ 114.133785901489219, 22.287566695825145 ], [ 114.133786825308476, 22.287566273739923 ], [ 114.13378778604185, 22.28756593036535 ], [ 114.133797508526058, 22.287561392667342 ], [ 114.133807271988488, 22.287556931822259 ], [ 114.133808146903746, 22.287556427500615 ], [ 114.133809066845444, 22.28755599814339 ], [ 114.13381826458648, 22.287550595430787 ], [ 114.133827511202696, 22.287545265463145 ], [ 114.133828328788042, 22.287544683762011 ], [ 114.133829199078505, 22.287544172557073 ], [ 114.133837783496801, 22.287537956861165 ], [ 114.133846424216657, 22.287531809101679 ], [ 114.133847176598252, 22.287531155623139 ], [ 114.133847988856104, 22.287530567493715 ], [ 114.133855877278847, 22.28752359867531 ], [ 114.133863828887414, 22.287516692330424 ], [ 114.133864508819443, 22.287515973367881 ], [ 114.133865255222162, 22.287515313977988 ], [ 114.13387237167953, 22.287507659150823 ], [ 114.133879557598419, 22.287500060732693 ], [ 114.133880158532719, 22.28749928321016 ], [ 114.133880831892057, 22.287498558910109 ], [ 114.133887107848736, 22.287490291794573 ], [ 114.133893458873686, 22.287482074480323 ], [ 114.133893975022986, 22.287481245885811 ], [ 114.133894568854117, 22.287480463651004 ], [ 114.133899943869366, 22.287471663864181 ], [ 114.133905398836689, 22.287462906791276 ], [ 114.133905825230229, 22.287462035104596 ], [ 114.133906333814238, 22.287461202468425 ], [ 114.133910756123953, 22.287451954757305 ], [ 114.133915262499642, 22.287442742261273 ], [ 114.133915595030984, 22.287441835877267 ], [ 114.133916013469999, 22.287440960858497 ], [ 114.133919440485215, 22.2874313542838 ], [ 114.133922954870755, 22.287421775086163 ], [ 114.133923190337526, 22.28742084273383 ], [ 114.133923514601761, 22.287419933759377 ], [ 114.13392591331889, 22.287410060837772 ], [ 114.13392840186917, 22.287400207191617 ], [ 114.13392853800373, 22.287399257850019 ], [ 114.133928764970378, 22.287398323673834 ], [ 114.133930112288922, 22.287388279487001 ], [ 114.133931551038316, 22.287378246288469 ], [ 114.133931586529641, 22.287377289100313 ], [ 114.133931714012959, 22.287376338718992 ], [ 114.133931996957941, 22.287366219998049 ], [ 114.133932197151879, 22.287360820839815 ], [ 114.1341505225286, 22.287312418375137 ], [ 114.134152503969688, 22.287311882226323 ], [ 114.134154525601375, 22.28731149736792 ], [ 114.134163930194163, 22.287308790457502 ], [ 114.134173382867672, 22.287306232701923 ], [ 114.13417529829853, 22.287305518391509 ], [ 114.134177269660839, 22.287304950976889 ], [ 114.134186343866688, 22.2873013992319 ], [ 114.13419548163121, 22.287297991537653 ], [ 114.134197312605124, 22.287297105944877 ], [ 114.134199214712666, 22.287296361438592 ], [ 114.134207871141726, 22.287291999064401 ], [ 114.134216605995235, 22.287287774249613 ], [ 114.134218334878852, 22.28728672590324 ], [ 114.134220149413238, 22.287285811475321 ], [ 114.134228304699093, 22.28728068048412 ], [ 114.134236552519937, 22.287275679236252 ], [ 114.134238162663095, 22.28727447823249 ], [ 114.134239872149351, 22.287273402689401 ], [ 114.13424571791596, 22.287268888346645 ], [ 114.13434212465441, 22.287247071496935 ], [ 114.134364953673455, 22.287240786476179 ], [ 114.134387010804488, 22.287232449298742 ], [ 114.13440808362445, 22.287222140256528 ], [ 114.134427969189957, 22.287209958631689 ], [ 114.134446475991695, 22.287196021740378 ], [ 114.134463425798828, 22.287180463802965 ], [ 114.134478655375432, 22.287163434651404 ], [ 114.134492018052526, 22.287145098286224 ], [ 114.134503385140675, 22.287125631297112 ], [ 114.134512647169174, 22.287105221162246 ], [ 114.13451971494041, 22.28708406444273 ], [ 114.134524520388752, 22.287062364889636 ], [ 114.134527017236124, 22.287040331481709 ], [ 114.134527181437647, 22.287018176412833 ], [ 114.134525011413004, 22.286996113048446 ], [ 114.134520528061842, 22.286974353870693 ], [ 114.134513774562294, 22.286953108432201 ], [ 114.134504815955154, 22.286932581337858 ], [ 114.134493738517534, 22.286912970274464 ], [ 114.134480648931827, 22.286894464106858 ], [ 114.134465673258319, 22.286877241059095 ], [ 114.134448955721183, 22.286861466998058 ], [ 114.134430657319442, 22.286847293836061 ], [ 114.134410954276518, 22.28683485806792 ], [ 114.134390036343078, 22.2868242794564 ], [ 114.134368104969653, 22.286815659878904 ], [ 114.134345371366607, 22.286809082346302 ], [ 114.134322054470061, 22.286804610203532 ], [ 114.134298378833464, 22.286802286519617 ], [ 114.134274572465031, 22.286802133672737 ], [ 114.134250864632051, 22.286804153134923 ], [ 114.134230359753289, 22.286807812219379 ], [ 114.13422111847818, 22.28679934453994 ], [ 114.134202598708299, 22.286785422637738 ], [ 114.134182701827186, 22.286773257113033 ], [ 114.134161619452243, 22.286762965126002 ], [ 114.134139554617633, 22.286754645793703 ], [ 114.134116719818977, 22.286748379235494 ], [ 114.134093334966991, 22.286744225801495 ], [ 114.134069625269518, 22.286742225491363 ], [ 114.13404581906282, 22.286742397569054 ], [ 114.134042629641087, 22.286742713205715 ], [ 114.133998780255709, 22.286579765775645 ], [ 114.134403535628806, 22.286484584390429 ], [ 114.134414863566604, 22.286481362621327 ], [ 114.134426193169091, 22.286478145926733 ], [ 114.13442624714402, 22.286478125026861 ], [ 114.13442624714402, 22.286478125026861 ], [ 114.134426303052066, 22.286478109126097 ], [ 114.134437237117723, 22.28647386955117 ], [ 114.134448173372633, 22.286469634875157 ], [ 114.134448224886427, 22.286469609152395 ], [ 114.134448278850556, 22.28646958822835 ], [ 114.13445871374104, 22.286464371677788 ], [ 114.134469151327494, 22.286459159802209 ], [ 114.134469199884052, 22.286459129504284 ], [ 114.134469251384559, 22.286459103758464 ], [ 114.134479086606817, 22.286452960470285 ], [ 114.134488925003922, 22.286446821588964 ], [ 114.134488970135607, 22.28644678700768 ], [ 114.134489018676476, 22.286446756688019 ], [ 114.13449815951212, 22.286439745825323 ], [ 114.134507303970153, 22.286432739059642 ], [ 114.134507345242298, 22.286432700528042 ], [ 114.134507390356106, 22.286432665926522 ], [ 114.134515748773055, 22.286424855008413 ], [ 114.134524111226483, 22.286417047837187 ], [ 114.134524148241638, 22.286417005726314 ], [ 114.134524189493888, 22.286416967176212 ], [ 114.134531684996531, 22.286408431425748 ], [ 114.134539184909826, 22.28639989903715 ], [ 114.134539217311541, 22.286399853752581 ], [ 114.134539254304954, 22.286399811625131 ], [ 114.134545814706186, 22.28639063324821 ], [ 114.134545814706271, 22.286390633248079 ], [ 114.134552379852622, 22.28638145781234 ], [ 114.134552407328854, 22.286381409790181 ], [ 114.134552439707136, 22.286381364491113 ], [ 114.134558001827116, 22.286371631880968 ], [ 114.134558001827216, 22.286371631880812 ], [ 114.134563568980809, 22.286361901762309 ], [ 114.134563591266897, 22.286361851465042 ], [ 114.134563618718246, 22.286361803430598 ], [ 114.134568128991901, 22.286351610316565 ], [ 114.134570674797587, 22.286345864711119 ], [ 114.134572637808617, 22.286343123215662 ], [ 114.134573984474088, 22.28634077146388 ], [ 114.134575515695545, 22.286338519635926 ], [ 114.134579580118356, 22.286330999499 ], [ 114.134583834024284, 22.286323570680612 ], [ 114.134584926512773, 22.286321107412132 ], [ 114.134586213192748, 22.28631872675135 ], [ 114.134589466004641, 22.286310872074687 ], [ 114.134592917005136, 22.286303090992465 ], [ 114.134593744795467, 22.286300539929961 ], [ 114.134594774542649, 22.286298053363485 ], [ 114.134597184417544, 22.286289939792063 ], [ 114.134599799277893, 22.286281881382195 ], [ 114.134600354398117, 22.286279267093818 ], [ 114.134601117295546, 22.286276698568681 ], [ 114.134602661025369, 22.286268404240719 ], [ 114.134604414563412, 22.286260146110223 ], [ 114.134604691667519, 22.286257493773018 ], [ 114.134605180368212, 22.286254868025534 ], [ 114.134605843086405, 22.286246472820057 ], [ 114.134606718415, 22.286238094499279 ], [ 114.134606714834462, 22.28623542965672 ], [ 114.134606924632067, 22.286232771974298 ], [ 114.134606699956706, 22.286224356741766 ], [ 114.134606688646357, 22.286215938918527 ], [ 114.134606404415806, 22.286213287234531 ], [ 114.134606333289994, 22.286210623212089 ], [ 114.134605223385236, 22.286202268995744 ], [ 114.134604325545311, 22.286193892738329 ], [ 114.134603763402154, 22.286191279750039 ], [ 114.134603412038061, 22.286188635043597 ], [ 114.134601427593282, 22.286180422299072 ], [ 114.134599651870857, 22.286172168275368 ], [ 114.134478366562377, 22.285723931080145 ], [ 114.135040825626476, 22.285591686679737 ], [ 114.135042658155726, 22.285591248733116 ], [ 114.135056658175984, 22.285587848727971 ], [ 114.135079370788645, 22.285581209274767 ], [ 114.135101274752174, 22.285572529965098 ], [ 114.135122159118694, 22.28556189438579 ], [ 114.135141822759707, 22.285549404963746 ], [ 114.135160076303251, 22.285535181979377 ], [ 114.135176743957473, 22.285519362408291 ], [ 114.13519166520382, 22.285502098602116 ], [ 114.135204696342726, 22.285483556821227 ], [ 114.135215711877663, 22.285463915633574 ], [ 114.135224605723621, 22.285443364194951 ], [ 114.135231292228795, 22.285422100427283 ], [ 114.135235706999438, 22.285400329112555 ], [ 114.135237807519871, 22.28537825992063 ], [ 114.135237573562051, 22.285356105389958 ], [ 114.135235007380217, 22.28533407888078 ], [ 114.135230133689149, 22.285312392520318 ], [ 114.13522299942619, 22.285291255159873 ], [ 114.135213673299106, 22.285270870363497 ], [ 114.135202245124333, 22.285251434447559 ], [ 114.135188824962043, 22.285233134590147 ], [ 114.135173542056151, 22.285216147028397 ], [ 114.135156543589588, 22.285200635361335 ], [ 114.135137993266838, 22.28518674897429 ], [ 114.135118069737445, 22.285174621600284 ], [ 114.13509696487543, 22.285164370032067 ], [ 114.135074881931544, 22.285156092997461 ], [ 114.135052033575803, 22.28514987020846 ], [ 114.135028639849423, 22.285145761593672 ], [ 114.135004926045781, 22.285143806721102 ], [ 114.134981120540658, 22.28514402441715 ], [ 114.134957452593028, 22.285146412585309 ], [ 114.134934150137042, 22.285150948226299 ], [ 114.1349210655017, 22.285154125923285 ], [ 114.134471479334564, 22.285259832004446 ], [ 114.134471724346184, 22.285256718029181 ], [ 114.134471700560923, 22.2852558356381 ], [ 114.13447176243406, 22.285254954849631 ], [ 114.134471402100431, 22.285244763277326 ], [ 114.134471127319813, 22.285234569396536 ], [ 114.134471010714307, 22.285233693424075 ], [ 114.134470979523542, 22.285232811232806 ], [ 114.134469547533257, 22.285222701605115 ], [ 114.134468200441034, 22.285212581875861 ], [ 114.134467992138326, 22.285211720758113 ], [ 114.134467868184046, 22.285210845660043 ], [ 114.134465378328485, 22.285200915338081 ], [ 114.134462971898387, 22.285190967218881 ], [ 114.134462673904579, 22.285190129248882 ], [ 114.134462458380568, 22.285189269671665 ], [ 114.134458934638843, 22.285179614289799 ], [ 114.134455492046555, 22.285169933586353 ], [ 114.134455107231517, 22.285169126834184 ], [ 114.134454802213455, 22.285168291056024 ], [ 114.134450278521555, 22.285159003600736 ], [ 114.134445832921514, 22.285149683543338 ], [ 114.134445364991237, 22.285148915778482 ], [ 114.134444973416677, 22.285148111848336 ], [ 114.134439493340508, 22.285139281762675 ], [ 114.134434087546637, 22.285130412108472 ], [ 114.13443354100761, 22.285129690724872 ], [ 114.134433066647603, 22.285128926385045 ], [ 114.134426682963635, 22.285120638707408 ], [ 114.134420369036889, 22.285112304875771 ], [ 114.134419749152556, 22.285111636820744 ], [ 114.134419196575493, 22.285110919432213 ], [ 114.134411970762258, 22.285103253977258 ], [ 114.134404809509363, 22.285095536227299 ], [ 114.134404122249606, 22.285094927934555 ], [ 114.134403496777097, 22.285094264406137 ], [ 114.134395498423146, 22.285087294996117 ], [ 114.134387558811014, 22.285080267653822 ], [ 114.134386810794481, 22.285079724981539 ], [ 114.134386118450195, 22.285079121703362 ], [ 114.134377424584045, 22.285072915457281 ], [ 114.134368783075402, 22.285066646199532 ], [ 114.134367981505918, 22.285066174373927 ], [ 114.134367228957487, 22.285065637155871 ], [ 114.134357923305728, 22.285060253843096 ], [ 114.134348663122879, 22.285054803046012 ], [ 114.134347815719977, 22.285054406610993 ], [ 114.134347010214853, 22.285053940626732 ], [ 114.134337182395797, 22.285049432091277 ], [ 114.134327392719129, 22.285044852248834 ], [ 114.134326507643706, 22.285044535022283 ], [ 114.134325656939339, 22.285044144759503 ], [ 114.134315401599878, 22.28504055442081 ], [ 114.134305176709105, 22.28503688963923 ], [ 114.134304262484918, 22.285036654676183 ], [ 114.134303374773992, 22.285036343893278 ], [ 114.134299846094692, 22.285035464543675 ], [ 114.134303067892418, 22.2850194121214 ], [ 114.134305124192664, 22.284997339322501 ], [ 114.134304845854118, 22.284975185235464 ], [ 114.134302235558408, 22.28495316321623 ], [ 114.134297318445192, 22.284931485348782 ], [ 114.134290141869982, 22.28491036040263 ], [ 114.134280774947996, 22.28488999182224 ], [ 114.134269307888601, 22.284870575767851 ], [ 114.13425585112644, 22.284852299226248 ], [ 114.134240534257842, 22.284835338210041 ], [ 114.134223504792843, 22.284819856062587 ], [ 114.134204926734512, 22.284806001884945 ], [ 114.1341849789994, 22.284793909099918 ], [ 114.134163853694716, 22.284783694167167 ], [ 114.134141754268015, 22.284775455461681 ], [ 114.134118893548106, 22.284769272326329 ], [ 114.134095491695277, 22.284765204307849 ], [ 114.134071774081121, 22.284763290583268 ], [ 114.134047969118171, 22.284763549582728 ], [ 114.134024306060113, 22.284765978811915 ], [ 114.134001012794073, 22.28477055487615 ], [ 114.133978313645926, 22.284777233705633 ], [ 114.133956427219957, 22.284785950979856 ], [ 114.133935564293694, 22.284796622747095 ], [ 114.133915925787889, 22.284809146232792 ], [ 114.133897700831696, 22.284823400829406 ], [ 114.133881064941235, 22.284839249257878 ], [ 114.133866178329257, 22.284856538889706 ], [ 114.133853184362181, 22.284875103216734 ], [ 114.133731575552858, 22.285069029256739 ], [ 114.133688481490907, 22.285045572844002 ], [ 114.13368865554456, 22.285029775473653 ], [ 114.133679155093517, 22.28476807548693 ], [ 114.133676827805473, 22.284743592096071 ], [ 114.133671654436412, 22.284719489250367 ], [ 114.133663696305433, 22.28469605263016 ], [ 114.13363346408633, 22.284621426637134 ], [ 114.13363636269311, 22.284620574181947 ], [ 114.133658250386432, 22.284611859720194 ], [ 114.13367911486516, 22.284601190628365 ], [ 114.133698755192384, 22.28458866965607 ], [ 114.133716982220605, 22.284574417387603 ], [ 114.133718131860263, 22.284573322464563 ], [ 114.133860139283854, 22.284658358154577 ], [ 114.133880767582326, 22.284669417879591 ], [ 114.133902461375186, 22.284678542638698 ], [ 114.133925011738555, 22.284685644555083 ], [ 114.133948201499265, 22.284690655233081 ], [ 114.133971807326233, 22.284693526416948 ], [ 114.133995601881395, 22.284694230455433 ], [ 114.134019356009091, 22.284692760568269 ], [ 114.134042840942982, 22.284689130911321 ], [ 114.134065830509286, 22.284683376440316 ], [ 114.134088103304947, 22.284675552574218 ], [ 114.134109444829932, 22.284665734661473 ], [ 114.13412964955306, 22.284654017254358 ], [ 114.134148522891252, 22.284640513198312 ], [ 114.134165883083739, 22.284625352545302 ], [ 114.134181562942246, 22.284608681301197 ], [ 114.134195411461306, 22.284590660019695 ], [ 114.134207295272518, 22.284571462256046 ], [ 114.13421709992879, 22.284551272895666 ], [ 114.134224731006626, 22.284530286373499 ], [ 114.134230115015512, 22.284508704801528 ], [ 114.134233200105427, 22.284486736022327 ], [ 114.134233956566376, 22.284464591607357 ], [ 114.134232377114287, 22.284442484819504 ], [ 114.134228476961255, 22.284420628559133 ], [ 114.134222293668941, 22.284399233313827 ], [ 114.134213886786725, 22.28437850513123 ], [ 114.134203337278393, 22.284358643634757 ], [ 114.134190746742064, 22.284339840101069 ], [ 114.134176236432026, 22.284322275618042 ], [ 114.134159946090762, 22.284306119340737 ], [ 114.134142032603222, 22.284291526862443 ], [ 114.134122668485944, 22.28427863871622 ], [ 114.13387016868522, 22.284127438917018 ], [ 114.133839101583447, 22.284111690185956 ], [ 114.133823701601301, 22.284105190195316 ], [ 114.1338033371443, 22.284097881132354 ], [ 114.133802418545201, 22.284095619826797 ], [ 114.133792869176744, 22.284077300009148 ], [ 114.133785691827512, 22.284066204209772 ], [ 114.133788514428758, 22.284061990498671 ], [ 114.133799067901251, 22.284042130836593 ], [ 114.133807478921241, 22.284021404114661 ], [ 114.133813666486844, 22.284000009942861 ], [ 114.133817571009374, 22.28397815435903 ], [ 114.133819154887192, 22.283956047844558 ], [ 114.13381840286776, 22.283933903297321 ], [ 114.133815322194565, 22.283911933981386 ], [ 114.133809942537198, 22.283890351473154 ], [ 114.133802315705708, 22.283869363623751 ], [ 114.133792515151526, 22.283849172557343 ], [ 114.133780635260081, 22.283829972724568 ], [ 114.133766790441754, 22.283811949029843 ], [ 114.133751114030076, 22.283795275050764 ], [ 114.133733756997628, 22.283780111366351 ], [ 114.133714886502048, 22.283766604010683 ], [ 114.133694684276222, 22.283754883066468 ], [ 114.133673344878176, 22.283745061412379 ], [ 114.13365107381729, 22.283737233635904 ], [ 114.133628085575268, 22.283731475122462 ], [ 114.133604601540426, 22.283727841329451 ], [ 114.133580847875905, 22.283726367252108 ], [ 114.133557053341306, 22.283727067086552 ], [ 114.133533447089974, 22.283729934093007 ], [ 114.133510256461918, 22.283734940660761 ], [ 114.133487704794589, 22.283742038574069 ], [ 114.13346600927197, 22.283751159476424 ], [ 114.133445378833088, 22.283762215528935 ], [ 114.133426012159831, 22.283775100256218 ], [ 114.133408095763443, 22.283789689571773 ], [ 114.133393295764691, 22.283802989556655 ], [ 114.133380746089372, 22.28381514189897 ], [ 114.133338645336153, 22.283859081056725 ], [ 114.133336321918634, 22.28386129100463 ], [ 114.133334021918259, 22.283863591002159 ], [ 114.133330677583302, 22.283867004706991 ], [ 114.133289931791751, 22.28390946005721 ], [ 114.133284049536229, 22.283915269685131 ], [ 114.13328007144959, 22.283919606643014 ], [ 114.13327587582306, 22.283923762259622 ], [ 114.133272347850465, 22.28392802700262 ], [ 114.133268593031147, 22.283932120550773 ], [ 114.133265090869813, 22.283936799506566 ], [ 114.133261353117163, 22.283941317838298 ], [ 114.133258291296855, 22.283945883867482 ], [ 114.133254985691835, 22.283950300219161 ], [ 114.133251993183634, 22.283955276112088 ], [ 114.133248749301558, 22.283960113645058 ], [ 114.133246183120619, 22.283964936987196 ], [ 114.133243358564798, 22.283969633610603 ], [ 114.133240904529345, 22.283974858520214 ], [ 114.133238185758316, 22.283979968666451 ], [ 114.133236139930673, 22.2839850028702 ], [ 114.133233823626171, 22.283989934534414 ], [ 114.133231931697381, 22.283995358142086 ], [ 114.133229764220815, 22.284000691688181 ], [ 114.133228258449108, 22.284005888271505 ], [ 114.133226472703413, 22.284011007481979 ], [ 114.133225161101791, 22.284016577555455 ], [ 114.133223565793912, 22.284022083136552 ], [ 114.133222614579736, 22.28402739205357 ], [ 114.133221376590768, 22.284032649509584 ], [ 114.13322065794803, 22.284038312406071 ], [ 114.133219650172748, 22.284043937000462 ], [ 114.133219262677088, 22.284049307123464 ], [ 114.133218584367611, 22.284054652192872 ], [ 114.133218465604926, 22.284060353375629 ], [ 114.133218055067999, 22.284066042815429 ], [ 114.133218235022881, 22.284071422427211 ], [ 114.133218122925655, 22.284076803634111 ], [ 114.133218605187082, 22.284082488197662 ], [ 114.133218795842424, 22.28408818769044 ], [ 114.133219541515061, 22.284093524982406 ], [ 114.133219996709926, 22.284098890502815 ], [ 114.133221075351273, 22.28410450370168 ], [ 114.133221865363097, 22.284110158358224 ], [ 114.133223169572531, 22.284115401929288 ], [ 114.13322418767595, 22.28412070009032 ], [ 114.133225852309579, 22.284126187866256 ], [ 114.133227234069892, 22.284131743229093 ], [ 114.133229084256101, 22.284136842580779 ], [ 114.133230655463421, 22.284142022358164 ], [ 114.133232890058281, 22.284147331860854 ], [ 114.133234850260223, 22.284152734428741 ], [ 114.133237228605154, 22.284157640451411 ], [ 114.133239337785028, 22.284162651961015 ], [ 114.133242120820952, 22.284167732056982 ], [ 114.133244640586909, 22.284172929800128 ], [ 114.133247524185947, 22.284177595246039 ], [ 114.133250151026004, 22.284182390224164 ], [ 114.133253455701009, 22.284187191989187 ], [ 114.133256510764468, 22.284192134850397 ], [ 114.133259871847144, 22.284196514788658 ], [ 114.133262991049619, 22.284201047056968 ], [ 114.133266785537984, 22.284205524247298 ], [ 114.133270346477147, 22.284210164624017 ], [ 114.133272282434291, 22.284212225731299 ], [ 114.133270779313335, 22.284213984157837 ], [ 114.133260978960593, 22.284228094335962 ], [ 114.133240516399724, 22.284220827385706 ], [ 114.133217236506241, 22.284214946277977 ], [ 114.133193444107306, 22.284211245939126 ], [ 114.133169374455832, 22.284209762957136 ], [ 114.133145265546204, 22.284210511995315 ], [ 114.133017565749398, 22.284220411979984 ], [ 114.132994870669393, 22.284223179850919 ], [ 114.132972556917437, 22.284227926048946 ], [ 114.132950823143673, 22.284234608320602 ], [ 114.13292986283507, 22.284243167176381 ], [ 114.132909862592797, 22.284253526420297 ], [ 114.132891000471091, 22.284265593828195 ], [ 114.132733500557308, 22.28437689368829 ], [ 114.132715269766351, 22.284391141759464 ], [ 114.13269862737728, 22.284406984231374 ], [ 114.13268373366536, 22.284424268532831 ], [ 114.132670732065478, 22.28444282820708 ], [ 114.132659747790569, 22.284462484514773 ], [ 114.132650886625811, 22.284483048155323 ], [ 114.132644233909872, 22.284504321089972 ], [ 114.132639853712973, 22.284526098449025 ], [ 114.132637788219839, 22.284548170504777 ], [ 114.132638057323362, 22.284570324691355 ], [ 114.132640658433033, 22.284592347651824 ], [ 114.132645566499818, 22.284614027292925 ], [ 114.132652734257377, 22.284635154827676 ], [ 114.132662092677137, 22.284655526786068 ], [ 114.132673551633232, 22.28467494697464 ], [ 114.132687000770176, 22.284693228365935 ], [ 114.132702310565875, 22.284710194899713 ], [ 114.132719333578791, 22.284725683178479 ], [ 114.132737905867984, 22.284739544041116 ], [ 114.132757848571956, 22.28475164399946 ], [ 114.132778969631062, 22.284761866523851 ], [ 114.132801065637366, 22.284770113165361 ], [ 114.132823923793453, 22.284776304503989 ], [ 114.13284732396184, 22.284780380913471 ], [ 114.132871040785119, 22.284782303135596 ], [ 114.132894845856214, 22.284782052658194 ], [ 114.132918509918198, 22.284779631893542 ], [ 114.132941805072107, 22.284775064155003 ], [ 114.132964506971888, 22.284768393432618 ], [ 114.132986396984933, 22.284759683969376 ], [ 114.133007264297703, 22.284749019642529 ], [ 114.133026907945947, 22.284736503155791 ], [ 114.133119718424481, 22.28467091707769 ], [ 114.133141989824964, 22.284688176485872 ], [ 114.133195603244445, 22.284820518421824 ], [ 114.133203391730802, 22.285035080870998 ], [ 114.133202688598487, 22.285047123919533 ], [ 114.132921795709464, 22.285224807465156 ], [ 114.132874529893257, 22.285252844136661 ], [ 114.13285816648451, 22.285248531676004 ], [ 114.132833906898128, 22.285244554474975 ], [ 114.132707607096378, 22.285229954498075 ], [ 114.132686487182141, 22.285228380765908 ], [ 114.132665300270219, 22.285228528053203 ], [ 114.132644207974565, 22.285230395236471 ], [ 114.132625553802598, 22.285233593824913 ], [ 114.132545326147181, 22.285058582555628 ], [ 114.132545876471809, 22.285056929827451 ], [ 114.132547305627284, 22.285054223794965 ], [ 114.132555662169821, 22.28503347797826 ], [ 114.13256179349321, 22.285012069778652 ], [ 114.132565640550453, 22.284990205369088 ], [ 114.132567166293313, 22.284968095315936 ], [ 114.132566356029145, 22.284945952551162 ], [ 114.132563217562321, 22.284923990321676 ], [ 114.132557781119061, 22.284902420135598 ], [ 114.132550099056289, 22.284881449725411 ], [ 114.132540245357319, 22.284861281047313 ], [ 114.132535688796779, 22.284853052057947 ], [ 114.132527457643604, 22.284836663956728 ], [ 114.132518079470302, 22.284817118855713 ], [ 114.132503336885605, 22.284785596988012 ], [ 114.132493050636555, 22.284766199875527 ], [ 114.132480816961063, 22.284747807922283 ], [ 114.132466748160439, 22.284730589959533 ], [ 114.132450973381594, 22.284714704041686 ], [ 114.132433637431546, 22.28470029599541 ], [ 114.132414899448122, 22.28468749808102 ], [ 114.13239493143908, 22.284676427778461 ], [ 114.132373916703287, 22.284667186708806 ], [ 114.132352048147951, 22.284659859701421 ], [ 114.132329526517935, 22.284654514015408 ], [ 114.132306558553012, 22.28465119872202 ], [ 114.132283355090038, 22.284649944254394 ], [ 114.132267091828112, 22.28465051694544 ], [ 114.132243834722232, 22.284625792051191 ], [ 114.132243801001948, 22.284625759567415 ], [ 114.132243770850067, 22.284625724175331 ], [ 114.132192370833394, 22.284571124232045 ], [ 114.132168256570608, 22.284548866329846 ], [ 114.132106384106322, 22.284499250737383 ], [ 114.131408297563695, 22.283924150937416 ], [ 114.131404994084747, 22.283921687597562 ], [ 114.13140186463275, 22.283919034737416 ], [ 114.131395709990244, 22.283914764628463 ], [ 114.131389719115973, 22.283910297349156 ] ], [ [ 114.132062751577251, 22.285517981434054 ], [ 114.132003751453752, 22.28540998151108 ], [ 114.13199287140516, 22.285392124755084 ], [ 114.131952671352423, 22.285332624804969 ], [ 114.131932895294923, 22.285307409098571 ], [ 114.131884595274158, 22.285254009152759 ], [ 114.131872637820834, 22.285242350302543 ], [ 114.131945490591974, 22.285166191484986 ], [ 114.131956512245551, 22.285184858353109 ], [ 114.131988255943753, 22.285246608721049 ], [ 114.132104978781612, 22.285552698061856 ], [ 114.132085988024812, 22.285561563511202 ], [ 114.132063839258919, 22.28551999730287 ], [ 114.132062751577251, 22.285517981434054 ] ], [ [ 114.131414183637446, 22.285753052426848 ], [ 114.131424109854819, 22.285752503902582 ], [ 114.131782556334628, 22.286408058152222 ], [ 114.131705002707747, 22.286350894323942 ], [ 114.131210238769597, 22.285932172306801 ], [ 114.131380534365249, 22.285750926039789 ], [ 114.131390394859693, 22.285752191542397 ], [ 114.131414183637446, 22.285753052426848 ] ], [ [ 114.131522496672616, 22.284774513166528 ], [ 114.131433538123332, 22.284868610843883 ], [ 114.131347026945775, 22.284797572801338 ], [ 114.131435392625932, 22.284703344897135 ], [ 114.131522496672616, 22.284774513166528 ] ], [ [ 114.133251510262582, 22.285764759498964 ], [ 114.133245121783574, 22.285743416517835 ], [ 114.13323651618542, 22.285722759059173 ], [ 114.13322577634554, 22.285702986065274 ], [ 114.133213005695168, 22.285684287960461 ], [ 114.133198327223099, 22.285666844817264 ], [ 114.133181882291296, 22.285650824622188 ], [ 114.133163829273485, 22.285636381657973 ], [ 114.133148028701811, 22.285626062692966 ], [ 114.133185592423985, 22.285603780987522 ], [ 114.133191574981183, 22.28560011561202 ], [ 114.133448121391112, 22.285437832699593 ], [ 114.133490363573486, 22.285460825447203 ], [ 114.133405043010043, 22.285602055299425 ], [ 114.133394408095327, 22.285621877347694 ], [ 114.133385912082076, 22.285642574054059 ], [ 114.133379636792355, 22.285663946098246 ], [ 114.133375642661548, 22.28568578765606 ], [ 114.133373968156405, 22.28570788838152 ], [ 114.133374321606368, 22.285719726414737 ], [ 114.133370695688185, 22.285720662012462 ], [ 114.133348488324174, 22.285728645742338 ], [ 114.133327228753387, 22.28573861675936 ], [ 114.133307121716456, 22.285750479037571 ], [ 114.133288360854664, 22.285764118337237 ], [ 114.133271126845131, 22.285779403304911 ], [ 114.133259924399809, 22.285791501192708 ], [ 114.133256078452476, 22.285792234553433 ], [ 114.133255620097003, 22.285786582458257 ], [ 114.133251510262582, 22.285764759498964 ] ] ] } }
]
}
