{
"type": "FeatureCollection",
"name": "buildings",
"crs": { "type": "name", "properties": { "name": "urn:ogc:def:crs:OGC:1.3:CRS84" } },
"features": [
{ "type": "Feature", "properties": { "id": "2424275", "name": "本部大樓 Main Building", "shop": "nan", "highway": "nan", "railway": "nan", "leisure": "nan", "landuse": "nan", "building": "university" }, "geometry": { "type": "Polygon", "coordinates": [ [ [ 114.1381174, 22.2837056 ], [ 114.1381179, 22.2837309 ], [ 114.137956, 22.2837335 ], [ 114.1379554, 22.2837056 ], [ 114.1378643, 22.2837069 ], [ 114.1377727, 22.2837083 ], [ 114.1377731, 22.2837367 ], [ 114.1376233, 22.2837388 ], [ 114.1376227, 22.2837056 ], [ 114.1374461, 22.2837081 ], [ 114.1374568, 22.2843484 ], [ 114.1377176, 22.2843446 ], [ 114.1377179, 22.2843647 ], [ 114.1378148, 22.2843632 ], [ 114.1378153, 22.2843889 ], [ 114.1378154, 22.2843973 ], [ 114.137914, 22.2843958 ], [ 114.1379139, 22.2843889 ], [ 114.1379134, 22.2843613 ], [ 114.1380059, 22.2843599 ], [ 114.1380053, 22.2843256 ], [ 114.1382281, 22.284324 ], [ 114.1382709, 22.2843215 ], [ 114.1382591, 22.2837033 ], [ 114.1381174, 22.2837056 ] ], [ [ 114.1380644, 22.2839687 ], [ 114.1379578, 22.2839711 ], [ 114.1379543, 22.2838387 ], [ 114.1380878, 22.2838358 ], [ 114.1380907, 22.2839486 ], [ 114.1380638, 22.2839492 ], [ 114.1380644, 22.2839687 ] ], [ [ 114.1377779, 22.2839747 ], [ 114.1376734, 22.283977 ], [ 114.1376729, 22.2839549 ], [ 114.1376501, 22.2839553 ], [ 114.1376472, 22.2838419 ], [ 114.1377744, 22.283839 ], [ 114.1377779, 22.2839747 ] ], [ [ 114.1380936, 22.2841904 ], [ 114.1379608, 22.2841929 ], [ 114.1379581, 22.2840685 ], [ 114.1380676, 22.2840664 ], [ 114.138068, 22.2840862 ], [ 114.1380913, 22.2840858 ], [ 114.1380936, 22.2841904 ] ], [ [ 114.1377841, 22.2842 ], [ 114.1376473, 22.2842035 ], [ 114.1376442, 22.2841004 ], [ 114.1376716, 22.2840997 ], [ 114.1376709, 22.2840733 ], [ 114.1377803, 22.2840705 ], [ 114.1377841, 22.2842 ] ] ] } },
{ "type": "Feature", "properties": { "id": "2691388", "name": "李余愛喜大樓 June Li Building", "shop": "nan", "highway": "nan", "railway": "nan", "leisure": "nan", "landuse": "nan", "building": "school" }, "geometry": { "type": "Polygon", "coordinates": [ [ [ 114.143597, 22.2837194 ], [ 114.1436027, 22.2837391 ], [ 114.1437585, 22.2837001 ], [ 114.1437356, 22.2836216 ], [ 114.1438769, 22.2835863 ], [ 114.1438982, 22.2836594 ], [ 114.144051, 22.2836212 ], [ 114.1440444, 22.2835986 ], [ 114.1441116, 22.2835818 ], [ 114.1440631, 22.2834155 ], [ 114.1440164, 22.2834271 ], [ 114.1440089, 22.2834015 ], [ 114.1438271, 22.2834469 ], [ 114.1438116, 22.2833939 ], [ 114.1436766, 22.2834277 ], [ 114.1436958, 22.2834937 ], [ 114.1436671, 22.2835008 ], [ 114.1436504, 22.2834435 ], [ 114.1435512, 22.2834683 ], [ 114.1435576, 22.2834903 ], [ 114.1434689, 22.2835124 ], [ 114.1435339, 22.2837352 ], [ 114.143597, 22.2837194 ] ], [ [ 114.1439105, 22.2835494 ], [ 114.1438843, 22.2834596 ], [ 114.1439355, 22.2834468 ], [ 114.1439617, 22.2835366 ], [ 114.1439105, 22.2835494 ] ], [ [ 114.1436127, 22.2836238 ], [ 114.1435865, 22.283534 ], [ 114.1436836, 22.2835097 ], [ 114.1437098, 22.2835995 ], [ 114.1436127, 22.2836238 ] ] ] } },
{ "type": "Feature", "properties": { "id": "4497197", "name": "西區裁判法院大樓 Western Magistracy Building", "shop": "nan", "highway": "nan", "railway": "nan", "leisure": "nan", "landuse": "nan", "building": "civic" }, "geometry": { "type": "Polygon", "coordinates": [ [ [ 114.1403392, 22.2866423 ], [ 114.1405001, 22.2869094 ], [ 114.1407078, 22.2869015 ], [ 114.1406951, 22.2866152 ], [ 114.1403497, 22.2866283 ], [ 114.1403392, 22.2866423 ] ], [ [ 114.1405345, 22.2867368 ], [ 114.1406179, 22.2867336 ], [ 114.1406215, 22.2868145 ], [ 114.1405381, 22.2868177 ], [ 114.1405345, 22.2867368 ] ] ] } },
{ "type": "Feature", "properties": { "id": "7771538", "name": "西港中心 The Westpoint", "shop": "nan", "highway": "nan", "railway": "nan", "leisure": "nan", "landuse": "nan", "building": "yes" }, "geometry": { "type": "Polygon", "coordinates": [ [ [ 114.1396915, 22.2878672 ], [ 114.1395785, 22.2882071 ], [ 114.1396256, 22.2882205 ], [ 114.139652, 22.288141 ], [ 114.1396927, 22.2881526 ], [ 114.139679, 22.2881939 ], [ 114.1398426, 22.2882404 ], [ 114.1398555, 22.2882018 ], [ 114.1399028, 22.2882153 ], [ 114.1398761, 22.2882957 ], [ 114.1399158, 22.2883069 ], [ 114.1400298, 22.2879642 ], [ 114.1399967, 22.2879549 ], [ 114.1399637, 22.287945 ], [ 114.1399915, 22.2878612 ], [ 114.1397876, 22.2878032 ], [ 114.1397597, 22.2878871 ], [ 114.1397268, 22.2878773 ], [ 114.1396915, 22.2878672 ] ], [ [ 114.1399577, 22.2881563 ], [ 114.1398986, 22.2881404 ], [ 114.1399071, 22.2881134 ], [ 114.1398944, 22.2881099 ], [ 114.1398795, 22.2881573 ], [ 114.1398436, 22.2881476 ], [ 114.1398364, 22.2881708 ], [ 114.1397213, 22.2881398 ], [ 114.1397285, 22.2881168 ], [ 114.1396948, 22.2881077 ], [ 114.1397096, 22.2880604 ], [ 114.1396967, 22.288057 ], [ 114.1396882, 22.2880841 ], [ 114.1396289, 22.2880681 ], [ 114.1396845, 22.2878965 ], [ 114.1397405, 22.2879115 ], [ 114.1397328, 22.2879359 ], [ 114.1397486, 22.2879401 ], [ 114.1397603, 22.2879066 ], [ 114.1397941, 22.2879157 ], [ 114.1398025, 22.287889 ], [ 114.139846, 22.2879012 ], [ 114.1398644, 22.2878892 ], [ 114.1398737, 22.2879083 ], [ 114.1399183, 22.2879198 ], [ 114.1399096, 22.2879473 ], [ 114.1399448, 22.2879568 ], [ 114.1399334, 22.2879891 ], [ 114.1399496, 22.2879934 ], [ 114.1399571, 22.2879695 ], [ 114.1400133, 22.2879846 ], [ 114.1399577, 22.2881563 ] ] ] } },
{ "type": "Feature", "properties": { "id": "11221527", "name": "nan", "shop": "nan", "highway": "nan", "railway": "nan", "leisure": "nan", "landuse": "nan", "building": "yes" }, "geometry": { "type": "Polygon", "coordinates": [ [ [ 114.1386447, 22.2805231 ], [ 114.1386567, 22.2805024 ], [ 114.1387342, 22.2805454 ], [ 114.1387687, 22.2804837 ], [ 114.1387273, 22.2804626 ], [ 114.1387462, 22.2804275 ], [ 114.1387876, 22.2804498 ], [ 114.1388289, 22.2803861 ], [ 114.1385397, 22.2802268 ], [ 114.1385018, 22.2802905 ], [ 114.1385259, 22.2803049 ], [ 114.1385005, 22.2803467 ], [ 114.1384432, 22.2803192 ], [ 114.1383985, 22.2803941 ], [ 114.1386447, 22.2805231 ] ], [ [ 114.1385986, 22.2803419 ], [ 114.1386852, 22.2803845 ], [ 114.1386627, 22.280423 ], [ 114.1385761, 22.2803793 ], [ 114.1385986, 22.2803419 ] ] ] } },
{ "type": "Feature", "properties": { "id": "26104148", "name": "中山紀念公園體育館 Sun Yat Sen Memorial Park Sports Centre", "shop": "nan", "highway": "nan", "railway": "nan", "leisure": "sports_centre", "landuse": "nan", "building": "yes" }, "geometry": { "type": "Polygon", "coordinates": [ [ [ 114.1439262, 22.2902328 ], [ 114.1430926, 22.2902622 ], [ 114.1430772, 22.2898889 ], [ 114.1439108, 22.2898596 ], [ 114.1439262, 22.2902328 ] ] ] } },
{ "type": "Feature", "properties": { "id": "26305849", "name": "蔬菜批發市場 Vegetable Wholesale Market", "shop": "nan", "highway": "nan", "railway": "nan", "leisure": "nan", "landuse": "nan", "building": "yes" }, "geometry": { "type": "Polygon", "coordinates": [ [ [ 114.1353117, 22.2891426 ], [ 114.1354821, 22.2885546 ], [ 114.1362117, 22.2887356 ], [ 114.1360414, 22.2893236 ], [ 114.1353117, 22.2891426 ] ] ] } },
{ "type": "Feature", "properties": { "id": "26305856", "name": "水果批發市場 Fruits Wholesale Market", "shop": "nan", "highway": "nan", "railway": "nan", "leisure": "nan", "landuse": "nan", "building": "yes" }, "geometry": { "type": "Polygon", "coordinates": [ [ [ 114.1368401, 22.289525 ], [ 114.1370098, 22.2889379 ], [ 114.1377989, 22.2891331 ], [ 114.1376292, 22.2897203 ], [ 114.1368401, 22.289525 ] ] ] } },
{ "type": "Feature", "properties": { "id": "35973192", "name": "西區警署 Western Police Station", "shop": "nan", "highway": "nan", "railway": "nan", "leisure": "nan", "landuse": "nan", "building": "yes" }, "geometry": { "type": "Polygon", "coordinates": [ [ [ 114.1404871, 22.2878012 ], [ 114.1406123, 22.2878323 ], [ 114.1406193, 22.2878082 ], [ 114.1406275, 22.2877798 ], [ 114.1406885, 22.2877949 ], [ 114.1407169, 22.2876968 ], [ 114.1406571, 22.287682 ], [ 114.1407121, 22.2874918 ], [ 114.1405858, 22.2874605 ], [ 114.140524, 22.2876741 ], [ 114.1404871, 22.2878012 ] ] ] } },
{ "type": "Feature", "properties": { "id": "49516142", "name": "昌桂樓 Cheong Kwai Building", "shop": "nan", "highway": "nan", "railway": "nan", "leisure": "nan", "landuse": "nan", "building": "apartments" }, "geometry": { "type": "Polygon", "coordinates": [ [ [ 114.1429363, 22.2871217 ], [ 114.142849, 22.2871244 ], [ 114.1427686, 22.287127 ], [ 114.1427719, 22.2872159 ], [ 114.1429396, 22.2872106 ], [ 114.1429363, 22.2871217 ] ] ] } },
{ "type": "Feature", "properties": { "id": "71377872", "name": "nan", "shop": "nan", "highway": "nan", "railway": "nan", "leisure": "nan", "landuse": "nan", "building": "yes" }, "geometry": { "type": "Polygon", "coordinates": [ [ [ 114.139863, 22.2861887 ], [ 114.1398618, 22.2861637 ], [ 114.1398599, 22.2861219 ], [ 114.1398802, 22.2861213 ], [ 114.1398787, 22.2860803 ], [ 114.1398713, 22.2858751 ], [ 114.1398687, 22.2858026 ], [ 114.1398681, 22.2857851 ], [ 114.1399058, 22.2857846 ], [ 114.1399063, 22.2858012 ], [ 114.1399414, 22.2858002 ], [ 114.1399532, 22.2861624 ], [ 114.1399169, 22.2861634 ], [ 114.1399177, 22.2861894 ], [ 114.139863, 22.2861887 ] ] ] } },
{ "type": "Feature", "properties": { "id": "71378260", "name": "永翠閣 Evergreen Tower", "shop": "nan", "highway": "nan", "railway": "nan", "leisure": "nan", "landuse": "nan", "building": "apartments" }, "geometry": { "type": "Polygon", "coordinates": [ [ [ 114.1410579, 22.2864286 ], [ 114.1410597, 22.2864797 ], [ 114.1410114, 22.2864812 ], [ 114.1410099, 22.2864375 ], [ 114.1409704, 22.2864387 ], [ 114.1409701, 22.2864313 ], [ 114.1409643, 22.2864315 ], [ 114.1409626, 22.2863853 ], [ 114.1410014, 22.2863841 ], [ 114.1410006, 22.2863617 ], [ 114.1409618, 22.2863629 ], [ 114.1409602, 22.2863167 ], [ 114.140966, 22.2863165 ], [ 114.1409658, 22.2863091 ], [ 114.1410053, 22.2863079 ], [ 114.1410037, 22.2862642 ], [ 114.141052, 22.2862628 ], [ 114.1410538, 22.2863138 ], [ 114.141074, 22.2863132 ], [ 114.1410721, 22.2862622 ], [ 114.1411205, 22.2862607 ], [ 114.141122, 22.2863044 ], [ 114.1411615, 22.2863032 ], [ 114.1411618, 22.2863105 ], [ 114.1411676, 22.2863104 ], [ 114.1411692, 22.2863566 ], [ 114.1411305, 22.2863578 ], [ 114.1411313, 22.2863801 ], [ 114.14117, 22.2863789 ], [ 114.1411717, 22.2864252 ], [ 114.1411659, 22.2864253 ], [ 114.1411661, 22.2864327 ], [ 114.1411266, 22.2864339 ], [ 114.1411282, 22.2864776 ], [ 114.1410799, 22.2864791 ], [ 114.141078, 22.286428 ], [ 114.1410579, 22.2864286 ] ] ] } },
{ "type": "Feature", "properties": { "id": "71378399", "name": "西區社區中心 Western District Community Centre", "shop": "nan", "highway": "nan", "railway": "nan", "leisure": "nan", "landuse": "nan", "building": "public" }, "geometry": { "type": "Polygon", "coordinates": [ [ [ 114.1407919, 22.2860792 ], [ 114.1407853, 22.2859245 ], [ 114.1407787, 22.2857699 ], [ 114.1409276, 22.2857644 ], [ 114.1409408, 22.2860738 ], [ 114.1407919, 22.2860792 ] ] ] } },
{ "type": "Feature", "properties": { "id": "71378405", "name": "香港文化古蹟資源中心 Hong Kong Resource Centre for Heritage", "shop": "nan", "highway": "nan", "railway": "nan", "leisure": "nan", "landuse": "nan", "building": "yes" }, "geometry": { "type": "Polygon", "coordinates": [ [ [ 114.1409639, 22.2858923 ], [ 114.1409705, 22.2860694 ], [ 114.1410655, 22.2860664 ], [ 114.1410599, 22.2859166 ], [ 114.1410831, 22.2859159 ], [ 114.141082, 22.2858885 ], [ 114.1409733, 22.285892 ], [ 114.1409639, 22.2858923 ] ] ] } },
{ "type": "Feature", "properties": { "id": "71379535", "name": "士美非路市政大廈 Smithfield Municipal Services Building", "shop": "nan", "highway": "nan", "railway": "nan", "leisure": "nan", "landuse": "nan", "building": "civic" }, "geometry": { "type": "Polygon", "coordinates": [ [ [ 114.1289173, 22.2815804 ], [ 114.1289259, 22.2815368 ], [ 114.1288507, 22.2815242 ], [ 114.1288422, 22.2815678 ], [ 114.1286274, 22.2815318 ], [ 114.128636, 22.2814882 ], [ 114.1285613, 22.2814757 ], [ 114.1285445, 22.2815616 ], [ 114.1284531, 22.2815463 ], [ 114.1283841, 22.2818933 ], [ 114.1284182, 22.2819353 ], [ 114.1288332, 22.2820049 ], [ 114.1288407, 22.2819716 ], [ 114.1289082, 22.2819829 ], [ 114.1289261, 22.2818918 ], [ 114.1288586, 22.2818805 ], [ 114.1288994, 22.281672 ], [ 114.1289669, 22.2816833 ], [ 114.1289848, 22.2815917 ], [ 114.1289173, 22.2815804 ] ] ] } },
{ "type": "Feature", "properties": { "id": "71379590", "name": "堅尼地城社區綜合大樓 Kennedy Town Community Complex", "shop": "nan", "highway": "nan", "railway": "nan", "leisure": "nan", "landuse": "nan", "building": "yes" }, "geometry": { "type": "Polygon", "coordinates": [ [ [ 114.129014, 22.2815888 ], [ 114.1292808, 22.2816336 ], [ 114.1292054, 22.2820181 ], [ 114.1289386, 22.2819733 ], [ 114.129014, 22.2815888 ] ] ] } },
{ "type": "Feature", "properties": { "id": "89915792", "name": "香港電車有限公司 Hong Kong Tramways Limited", "shop": "nan", "highway": "nan", "railway": "nan", "leisure": "nan", "landuse": "nan", "building": "industrial" }, "geometry": { "type": "Polygon", "coordinates": [ [ [ 114.1372764, 22.2883205 ], [ 114.137284, 22.2882883 ], [ 114.1372965, 22.2882519 ], [ 114.1373104, 22.2882114 ], [ 114.1373169, 22.2881788 ], [ 114.1373666, 22.2881571 ], [ 114.1373898, 22.2880799 ], [ 114.137559, 22.2881095 ], [ 114.1377564, 22.2881157 ], [ 114.1380899, 22.2882036 ], [ 114.1381074, 22.2882082 ], [ 114.1381246, 22.2883159 ], [ 114.1381188, 22.2883369 ], [ 114.1380675, 22.2885106 ], [ 114.1380293, 22.2884977 ], [ 114.1379365, 22.2885537 ], [ 114.1376416, 22.2884801 ], [ 114.1376068, 22.2884438 ], [ 114.1375074, 22.2884152 ], [ 114.1374946, 22.288399 ], [ 114.1373029, 22.2883463 ], [ 114.1372764, 22.2883205 ] ] ] } },
{ "type": "Feature", "properties": { "id": "112687052", "name": "C座 Block C", "shop": "nan", "highway": "nan", "railway": "nan", "leisure": "nan", "landuse": "nan", "building": "apartments" }, "geometry": { "type": "Polygon", "coordinates": [ [ [ 114.1368399, 22.2860197 ], [ 114.1368528, 22.2859791 ], [ 114.1369023, 22.2859926 ], [ 114.136914, 22.2859559 ], [ 114.1369553, 22.2859672 ], [ 114.1369438, 22.2860031 ], [ 114.1369694, 22.2860101 ], [ 114.1369807, 22.285975 ], [ 114.1370254, 22.2859872 ], [ 114.1370128, 22.2860268 ], [ 114.1370613, 22.2860401 ], [ 114.1370488, 22.2860793 ], [ 114.1370002, 22.286066 ], [ 114.136993, 22.2860886 ], [ 114.1370402, 22.2861014 ], [ 114.1370283, 22.2861387 ], [ 114.1369794, 22.2861254 ], [ 114.1369665, 22.2861658 ], [ 114.1369205, 22.2861532 ], [ 114.1369332, 22.2861134 ], [ 114.136906, 22.286106 ], [ 114.1368933, 22.2861458 ], [ 114.1368516, 22.2861344 ], [ 114.1368638, 22.2860961 ], [ 114.1368199, 22.2860841 ], [ 114.1368327, 22.286044 ], [ 114.1368815, 22.2860574 ], [ 114.1368893, 22.2860332 ], [ 114.1368399, 22.2860197 ] ] ] } },
{ "type": "Feature", "properties": { "id": "112687053", "name": "石塘坊 The Rockpool", "shop": "mall", "highway": "nan", "railway": "nan", "leisure": "nan", "landuse": "nan", "building": "retail" }, "geometry": { "type": "Polygon", "coordinates": [ [ [ 114.1368556, 22.2867896 ], [ 114.1368952, 22.2866645 ], [ 114.1369076, 22.2866253 ], [ 114.1369356, 22.2865369 ], [ 114.137049, 22.2861785 ], [ 114.1369471, 22.28615 ], [ 114.137018, 22.2859332 ], [ 114.136894, 22.2858575 ], [ 114.1368719, 22.2858708 ], [ 114.1366006, 22.2867205 ], [ 114.1368556, 22.2867896 ] ] ] } },
{ "type": "Feature", "properties": { "id": "112687055", "name": "B座 Block B", "shop": "nan", "highway": "nan", "railway": "nan", "leisure": "nan", "landuse": "nan", "building": "apartments" }, "geometry": { "type": "Polygon", "coordinates": [ [ [ 114.1368113, 22.2862548 ], [ 114.1368422, 22.2862628 ], [ 114.1368469, 22.2862473 ], [ 114.1368182, 22.2862399 ], [ 114.1368312, 22.2861969 ], [ 114.1369187, 22.2862196 ], [ 114.1368882, 22.2863208 ], [ 114.1369588, 22.2863391 ], [ 114.1369231, 22.2864573 ], [ 114.1368598, 22.2864409 ], [ 114.1368315, 22.2865346 ], [ 114.1367375, 22.2865102 ], [ 114.1367531, 22.2864586 ], [ 114.1368032, 22.2864715 ], [ 114.1368075, 22.2864571 ], [ 114.1367544, 22.2864433 ], [ 114.1367684, 22.2863969 ], [ 114.1367962, 22.2864041 ], [ 114.1368011, 22.2863881 ], [ 114.1367732, 22.2863809 ], [ 114.1368113, 22.2862548 ] ] ] } },
{ "type": "Feature", "properties": { "id": "112687056", "name": "A座 Block A", "shop": "nan", "highway": "nan", "railway": "nan", "leisure": "nan", "landuse": "nan", "building": "apartments" }, "geometry": { "type": "Polygon", "coordinates": [ [ [ 114.1366483, 22.2866061 ], [ 114.1366631, 22.2865605 ], [ 114.1367023, 22.2865714 ], [ 114.1367138, 22.2865359 ], [ 114.1367639, 22.2865498 ], [ 114.1367476, 22.2866004 ], [ 114.1367635, 22.2866048 ], [ 114.1367799, 22.2865543 ], [ 114.1368373, 22.2865702 ], [ 114.1368257, 22.2866057 ], [ 114.1368672, 22.2866173 ], [ 114.136854, 22.2866579 ], [ 114.1368266, 22.2866503 ], [ 114.1368203, 22.2866699 ], [ 114.1368477, 22.2866775 ], [ 114.1368323, 22.2867248 ], [ 114.1367909, 22.2867132 ], [ 114.1367793, 22.2867489 ], [ 114.1367289, 22.2867349 ], [ 114.1367391, 22.2867033 ], [ 114.1367164, 22.286697 ], [ 114.1367061, 22.2867286 ], [ 114.1366558, 22.2867146 ], [ 114.1366674, 22.2866789 ], [ 114.1366282, 22.2866681 ], [ 114.1366417, 22.2866263 ], [ 114.1366695, 22.286634 ], [ 114.136676, 22.2866138 ], [ 114.1366483, 22.2866061 ] ] ] } },
{ "type": "Feature", "properties": { "id": "131575737", "name": "聖安多尼堂 St. Anthony's Church", "shop": "nan", "highway": "nan", "railway": "nan", "leisure": "nan", "landuse": "nan", "building": "yes" }, "geometry": { "type": "Polygon", "coordinates": [ [ [ 114.1369262, 22.2851118 ], [ 114.1371702, 22.2850844 ], [ 114.1371637, 22.2850331 ], [ 114.1371464, 22.2849016 ], [ 114.1371766, 22.2848988 ], [ 114.1371744, 22.2848746 ], [ 114.1371713, 22.2848509 ], [ 114.1371464, 22.2848537 ], [ 114.137137, 22.284783 ], [ 114.1371116, 22.2847859 ], [ 114.1370996, 22.2846848 ], [ 114.1370751, 22.2847002 ], [ 114.1370386, 22.28467 ], [ 114.1369925, 22.2846755 ], [ 114.1369776, 22.2847016 ], [ 114.1369676, 22.2847192 ], [ 114.1369355, 22.2847247 ], [ 114.1369475, 22.2848047 ], [ 114.1369213, 22.2848082 ], [ 114.1369311, 22.2848741 ], [ 114.1369076, 22.2848775 ], [ 114.1369157, 22.2849279 ], [ 114.136962, 22.2849228 ], [ 114.1369804, 22.2850632 ], [ 114.1369207, 22.2850699 ], [ 114.1369262, 22.2851118 ] ] ] } },
{ "type": "Feature", "properties": { "id": "131575738", "name": "nan", "shop": "nan", "highway": "nan", "railway": "nan", "leisure": "nan", "landuse": "nan", "building": "school" }, "geometry": { "type": "Polygon", "coordinates": [ [ [ 114.1380425, 22.2850851 ], [ 114.1381154, 22.2850846 ], [ 114.1381165, 22.2851162 ], [ 114.1382468, 22.2851123 ], [ 114.1383567, 22.2850477 ], [ 114.1383367, 22.2850148 ], [ 114.1383608, 22.2850002 ], [ 114.1384265, 22.2851071 ], [ 114.138277, 22.2852001 ], [ 114.1380443, 22.2852076 ], [ 114.1380425, 22.2850851 ] ] ] } },
{ "type": "Feature", "properties": { "id": "131575740", "name": "nan", "shop": "nan", "highway": "nan", "railway": "nan", "leisure": "nan", "landuse": "nan", "building": "school" }, "geometry": { "type": "Polygon", "coordinates": [ [ [ 114.1381746, 22.2849442 ], [ 114.1382297, 22.2849335 ], [ 114.1382151, 22.2848843 ], [ 114.1382945, 22.2848596 ], [ 114.1382535, 22.2847894 ], [ 114.1382372, 22.2847945 ], [ 114.1382018, 22.2848057 ], [ 114.1382031, 22.2848105 ], [ 114.1380027, 22.2848472 ], [ 114.1380169, 22.2849208 ], [ 114.1381604, 22.2848965 ], [ 114.1381746, 22.2849442 ] ] ] } },
{ "type": "Feature", "properties": { "id": "131575743", "name": "聖安多尼學校 St. Anthony's School", "shop": "nan", "highway": "nan", "railway": "nan", "leisure": "nan", "landuse": "nan", "building": "school" }, "geometry": { "type": "Polygon", "coordinates": [ [ [ 114.1371637, 22.2850331 ], [ 114.1371702, 22.2850844 ], [ 114.1371835, 22.2851901 ], [ 114.1372296, 22.2851855 ], [ 114.1373334, 22.2854477 ], [ 114.1374496, 22.2854043 ], [ 114.1373077, 22.2850836 ], [ 114.1373208, 22.2850756 ], [ 114.1373148, 22.2850667 ], [ 114.1373049, 22.2850536 ], [ 114.1372927, 22.2850371 ], [ 114.1372411, 22.2849661 ], [ 114.1372206, 22.2849368 ], [ 114.1372001, 22.2849378 ], [ 114.1371897, 22.2849516 ], [ 114.1372002, 22.2850277 ], [ 114.1371637, 22.2850331 ] ] ] } },
{ "type": "Feature", "properties": { "id": "131576505", "name": "聖類斯中學 (小學部) St. Louis School (Primary Section)", "shop": "nan", "highway": "nan", "railway": "nan", "leisure": "nan", "landuse": "nan", "building": "school" }, "geometry": { "type": "Polygon", "coordinates": [ [ [ 114.137287, 22.2854611 ], [ 114.1374258, 22.2854392 ], [ 114.1374428, 22.2855333 ], [ 114.1374046, 22.2855392 ], [ 114.1374423, 22.2857468 ], [ 114.1374776, 22.2857414 ], [ 114.1374901, 22.2858102 ], [ 114.1374725, 22.2858151 ], [ 114.1373567, 22.2858321 ], [ 114.137287, 22.2854611 ] ] ] } },
{ "type": "Feature", "properties": { "id": "148228849", "name": "nan", "shop": "nan", "highway": "nan", "railway": "nan", "leisure": "nan", "landuse": "nan", "building": "apartments" }, "geometry": { "type": "Polygon", "coordinates": [ [ [ 114.1446481, 22.2869869 ], [ 114.1447189, 22.287018 ], [ 114.1447509, 22.2870261 ], [ 114.1447839, 22.2870281 ], [ 114.1448134, 22.2870247 ], [ 114.1448417, 22.2870163 ], [ 114.1447986, 22.2869714 ], [ 114.1447406, 22.286911 ], [ 114.1446481, 22.2869869 ] ] ] } },
{ "type": "Feature", "properties": { "id": "149510731", "name": "nan", "shop": "nan", "highway": "nan", "railway": "nan", "leisure": "nan", "landuse": "nan", "building": "yes" }, "geometry": { "type": "Polygon", "coordinates": [ [ [ 114.1397268, 22.2878773 ], [ 114.1397597, 22.2878871 ], [ 114.1397876, 22.2878032 ], [ 114.1399915, 22.2878612 ], [ 114.1399637, 22.287945 ], [ 114.1399967, 22.2879549 ], [ 114.1400298, 22.2879642 ], [ 114.1399158, 22.2883069 ], [ 114.1398761, 22.2882957 ], [ 114.1399028, 22.2882153 ], [ 114.1398555, 22.2882018 ], [ 114.1398426, 22.2882404 ], [ 114.139679, 22.2881939 ], [ 114.1396927, 22.2881526 ], [ 114.139652, 22.288141 ], [ 114.1396256, 22.2882205 ], [ 114.1395785, 22.2882071 ], [ 114.1396915, 22.2878672 ], [ 114.1397268, 22.2878773 ] ] ] } },
{ "type": "Feature", "properties": { "id": "155738160", "name": "第1座 Block 1", "shop": "nan", "highway": "nan", "railway": "nan", "leisure": "nan", "landuse": "nan", "building": "apartments" }, "geometry": { "type": "Polygon", "coordinates": [ [ [ 114.128011, 22.2821857 ], [ 114.1280033, 22.2822213 ], [ 114.128102, 22.2822396 ], [ 114.1281098, 22.2822038 ], [ 114.1281771, 22.2822163 ], [ 114.1281995, 22.2821135 ], [ 114.1281359, 22.2821016 ], [ 114.1281437, 22.2820657 ], [ 114.128045, 22.2820474 ], [ 114.1280371, 22.2820835 ], [ 114.1279235, 22.2820624 ], [ 114.1279012, 22.2821653 ], [ 114.128011, 22.2821857 ] ] ] } },
{ "type": "Feature", "properties": { "id": "155738161", "name": "第1座 Block 1", "shop": "nan", "highway": "nan", "railway": "nan", "leisure": "nan", "landuse": "nan", "building": "apartments" }, "geometry": { "type": "Polygon", "coordinates": [ [ [ 114.1269401, 22.2803557 ], [ 114.126983, 22.2804213 ], [ 114.1270288, 22.2803948 ], [ 114.1270049, 22.2803597 ], [ 114.1270543, 22.2803303 ], [ 114.1271348, 22.280351 ], [ 114.1270872, 22.2803833 ], [ 114.1271277, 22.2804422 ], [ 114.1272381, 22.2803801 ], [ 114.1272094, 22.2803341 ], [ 114.1271838, 22.2803485 ], [ 114.1271702, 22.2803276 ], [ 114.1271562, 22.2803355 ], [ 114.1271702, 22.2802792 ], [ 114.1271945, 22.2802672 ], [ 114.1272089, 22.280289 ], [ 114.1272395, 22.280271 ], [ 114.1272303, 22.2802566 ], [ 114.1272468, 22.2802473 ], [ 114.1271973, 22.2801725 ], [ 114.1271284, 22.2802159 ], [ 114.1271545, 22.2802558 ], [ 114.1270631, 22.2802285 ], [ 114.1270982, 22.2802084 ], [ 114.1270568, 22.2801487 ], [ 114.1270169, 22.2801746 ], [ 114.1270255, 22.2801881 ], [ 114.1270003, 22.2802016 ], [ 114.1270074, 22.2802151 ], [ 114.1269748, 22.2803358 ], [ 114.1269401, 22.2803557 ] ] ] } },
{ "type": "Feature", "properties": { "id": "155738162", "name": "第1座 Block 1", "shop": "nan", "highway": "nan", "railway": "nan", "leisure": "nan", "landuse": "nan", "building": "apartments" }, "geometry": { "type": "Polygon", "coordinates": [ [ [ 114.1260895, 22.2835824 ], [ 114.1259771, 22.2834247 ], [ 114.1260079, 22.2834067 ], [ 114.1260231, 22.283409 ], [ 114.1260302, 22.2834203 ], [ 114.1260396, 22.2834168 ], [ 114.1260678, 22.2834609 ], [ 114.1260821, 22.2833857 ], [ 114.1260672, 22.2833957 ], [ 114.1260615, 22.2833878 ], [ 114.1260377, 22.2834041 ], [ 114.1260132, 22.2833685 ], [ 114.1261384, 22.2832863 ], [ 114.1261607, 22.2833152 ], [ 114.1261427, 22.2833293 ], [ 114.1261524, 22.2833403 ], [ 114.1261382, 22.2833478 ], [ 114.1261489, 22.2833623 ], [ 114.126163, 22.2833644 ], [ 114.1261821, 22.2833673 ], [ 114.1261935, 22.2833597 ], [ 114.1261849, 22.2833492 ], [ 114.1261999, 22.2833392 ], [ 114.126189, 22.2833239 ], [ 114.1262229, 22.2833024 ], [ 114.1263045, 22.2834211 ], [ 114.1262686, 22.2834444 ], [ 114.1262535, 22.2834237 ], [ 114.1262458, 22.2834272 ], [ 114.1262339, 22.2834133 ], [ 114.1262199, 22.2834877 ], [ 114.1262632, 22.2834584 ], [ 114.1262704, 22.2834678 ], [ 114.1262837, 22.2834569 ], [ 114.1262958, 22.2834592 ], [ 114.1263148, 22.2834882 ], [ 114.1261492, 22.2835905 ], [ 114.1261318, 22.2835654 ], [ 114.1261358, 22.283548 ], [ 114.1261452, 22.2835429 ], [ 114.1261391, 22.2835344 ], [ 114.1261755, 22.2835121 ], [ 114.1261806, 22.2834878 ], [ 114.1261031, 22.2834746 ], [ 114.1260967, 22.2834991 ], [ 114.1261229, 22.2835309 ], [ 114.1261122, 22.2835382 ], [ 114.1261193, 22.2835481 ], [ 114.1261154, 22.2835654 ], [ 114.1260895, 22.2835824 ] ] ] } },
{ "type": "Feature", "properties": { "id": "155738163", "name": "第2座 Block 2", "shop": "nan", "highway": "nan", "railway": "nan", "leisure": "nan", "landuse": "nan", "building": "apartments" }, "geometry": { "type": "Polygon", "coordinates": [ [ [ 114.1276868, 22.2821255 ], [ 114.1276791, 22.2821613 ], [ 114.1277777, 22.2821797 ], [ 114.1277856, 22.2821436 ], [ 114.1278951, 22.282164 ], [ 114.1279174, 22.2820611 ], [ 114.1278117, 22.2820414 ], [ 114.1278194, 22.2820058 ], [ 114.1277207, 22.2819874 ], [ 114.1277129, 22.2820233 ], [ 114.1276415, 22.2820101 ], [ 114.1276191, 22.2821129 ], [ 114.1276868, 22.2821255 ] ] ] } },
{ "type": "Feature", "properties": { "id": "155738164", "name": "第2座 Block 2", "shop": "nan", "highway": "nan", "railway": "nan", "leisure": "nan", "landuse": "nan", "building": "apartments" }, "geometry": { "type": "Polygon", "coordinates": [ [ [ 114.1271441, 22.2806649 ], [ 114.1270994, 22.2806002 ], [ 114.1271455, 22.280574 ], [ 114.1271688, 22.2806093 ], [ 114.1272191, 22.2805816 ], [ 114.1272349, 22.2805054 ], [ 114.1271825, 22.2805306 ], [ 114.1271415, 22.2804646 ], [ 114.1272526, 22.2804018 ], [ 114.1272833, 22.2804526 ], [ 114.1272593, 22.2804643 ], [ 114.1272732, 22.2804864 ], [ 114.1272593, 22.2804945 ], [ 114.1273201, 22.2805078 ], [ 114.1273425, 22.280493 ], [ 114.1273278, 22.2804714 ], [ 114.1273601, 22.2804526 ], [ 114.1273686, 22.280468 ], [ 114.127386, 22.2804578 ], [ 114.1274355, 22.2805326 ], [ 114.1273629, 22.2805706 ], [ 114.1273358, 22.2805312 ], [ 114.1273218, 22.2806192 ], [ 114.1273568, 22.280599 ], [ 114.1273963, 22.2806598 ], [ 114.1273535, 22.2806814 ], [ 114.1273443, 22.2806683 ], [ 114.12732, 22.2806832 ], [ 114.1273101, 22.2806713 ], [ 114.1271787, 22.2806448 ], [ 114.1271441, 22.2806649 ] ] ] } },
{ "type": "Feature", "properties": { "id": "155738165", "name": "第3座 Block 3", "shop": "nan", "highway": "nan", "railway": "nan", "leisure": "nan", "landuse": "nan", "building": "apartments" }, "geometry": { "type": "Polygon", "coordinates": [ [ [ 114.1264396, 22.2829112 ], [ 114.126443, 22.2828879 ], [ 114.1264358, 22.2828862 ], [ 114.1264452, 22.2828403 ], [ 114.1264787, 22.282847 ], [ 114.12649, 22.2827775 ], [ 114.1264565, 22.282772 ], [ 114.1264697, 22.2826929 ], [ 114.1265141, 22.2826996 ], [ 114.1265098, 22.2827256 ], [ 114.1265296, 22.2827293 ], [ 114.126534, 22.2827072 ], [ 114.1265897, 22.2827168 ], [ 114.1265831, 22.28275 ], [ 114.1266181, 22.2827554 ], [ 114.1266249, 22.2827215 ], [ 114.1266775, 22.282729 ], [ 114.1266743, 22.2827511 ], [ 114.1266935, 22.2827547 ], [ 114.1266984, 22.2827294 ], [ 114.1267434, 22.2827369 ], [ 114.1267291, 22.2828153 ], [ 114.1266939, 22.2828097 ], [ 114.126682, 22.2828773 ], [ 114.1267176, 22.2828829 ], [ 114.1267097, 22.2829293 ], [ 114.126702, 22.2829279 ], [ 114.1266969, 22.2829518 ], [ 114.1266655, 22.2829466 ], [ 114.126576, 22.2829318 ], [ 114.1265844, 22.2828813 ], [ 114.1265693, 22.2828785 ], [ 114.1265604, 22.2829305 ], [ 114.1264396, 22.2829112 ] ] ] } },
{ "type": "Feature", "properties": { "id": "155738166", "name": "第2座 Block 2", "shop": "nan", "highway": "nan", "railway": "nan", "leisure": "nan", "landuse": "nan", "building": "apartments" }, "geometry": { "type": "Polygon", "coordinates": [ [ [ 114.1261424, 22.2832766 ], [ 114.1260541, 22.2831603 ], [ 114.1260872, 22.2831396 ], [ 114.1261002, 22.2831555 ], [ 114.1261126, 22.2831457 ], [ 114.1261275, 22.2831648 ], [ 114.1261378, 22.2831163 ], [ 114.1261179, 22.2831292 ], [ 114.1261092, 22.2831179 ], [ 114.1260942, 22.2831276 ], [ 114.1260822, 22.283125 ], [ 114.1260626, 22.2830999 ], [ 114.126172, 22.2830273 ], [ 114.1261787, 22.2830357 ], [ 114.126195, 22.2830245 ], [ 114.126217, 22.2830527 ], [ 114.1262, 22.2830652 ], [ 114.1262038, 22.2830707 ], [ 114.1261857, 22.2830834 ], [ 114.1262536, 22.2830943 ], [ 114.1262399, 22.2830754 ], [ 114.1262463, 22.283072 ], [ 114.1262336, 22.2830545 ], [ 114.1262631, 22.2830343 ], [ 114.1262765, 22.2830503 ], [ 114.1262859, 22.2830441 ], [ 114.1263462, 22.2831242 ], [ 114.1263394, 22.283128 ], [ 114.1263576, 22.2831489 ], [ 114.1263341, 22.2831655 ], [ 114.1263212, 22.283163 ], [ 114.1263123, 22.283151 ], [ 114.1263012, 22.2831577 ], [ 114.1262871, 22.2831385 ], [ 114.1262774, 22.2831915 ], [ 114.1263003, 22.2831766 ], [ 114.1263096, 22.283188 ], [ 114.1263262, 22.2831757 ], [ 114.1263501, 22.2832082 ], [ 114.1262252, 22.2832909 ], [ 114.1261985, 22.2832542 ], [ 114.1262175, 22.2832422 ], [ 114.1262105, 22.2832341 ], [ 114.1262225, 22.2832248 ], [ 114.1262145, 22.2832125 ], [ 114.1261948, 22.2832091 ], [ 114.1261812, 22.2832067 ], [ 114.1261674, 22.2832166 ], [ 114.1261764, 22.2832271 ], [ 114.1261671, 22.283235 ], [ 114.1261817, 22.2832523 ], [ 114.1261424, 22.2832766 ] ] ] } },
{ "type": "Feature", "properties": { "id": "155738167", "name": "A座 Block A", "shop": "nan", "highway": "nan", "railway": "nan", "leisure": "nan", "landuse": "nan", "building": "apartments" }, "geometry": { "type": "Polygon", "coordinates": [ [ [ 114.1285194, 22.2799678 ], [ 114.1285446, 22.2799703 ], [ 114.128561, 22.2799719 ], [ 114.1286315, 22.279901 ], [ 114.1282726, 22.2795924 ], [ 114.1282122, 22.2796542 ], [ 114.128248, 22.2796835 ], [ 114.1281998, 22.2797358 ], [ 114.128434, 22.2799321 ], [ 114.1284836, 22.2798837 ], [ 114.1285256, 22.2799185 ], [ 114.1285194, 22.2799678 ] ] ] } },
{ "type": "Feature", "properties": { "id": "155738168", "name": "B座 Block B", "shop": "nan", "highway": "nan", "railway": "nan", "leisure": "nan", "landuse": "nan", "building": "apartments" }, "geometry": { "type": "Polygon", "coordinates": [ [ [ 114.1276151, 22.2833723 ], [ 114.1276036, 22.2834354 ], [ 114.127619, 22.2834378 ], [ 114.1276104, 22.2834851 ], [ 114.127681, 22.2834961 ], [ 114.1276896, 22.2834491 ], [ 114.1277078, 22.2834519 ], [ 114.1277193, 22.2833885 ], [ 114.1276151, 22.2833723 ] ] ] } },
{ "type": "Feature", "properties": { "id": "155738169", "name": "A座 Block A", "shop": "nan", "highway": "nan", "railway": "nan", "leisure": "nan", "landuse": "nan", "building": "apartments" }, "geometry": { "type": "Polygon", "coordinates": [ [ [ 114.1275699, 22.2834949 ], [ 114.1275831, 22.2834234 ], [ 114.1276008, 22.2834263 ], [ 114.1276145, 22.283354 ], [ 114.1275002, 22.2833345 ], [ 114.1274775, 22.2834529 ], [ 114.1275168, 22.2834592 ], [ 114.1275125, 22.2834846 ], [ 114.1275699, 22.2834949 ] ] ] } },
{ "type": "Feature", "properties": { "id": "155738170", "name": "B座 Block B", "shop": "nan", "highway": "nan", "railway": "nan", "leisure": "nan", "landuse": "nan", "building": "apartments" }, "geometry": { "type": "Polygon", "coordinates": [ [ [ 114.1283578, 22.2803597 ], [ 114.1283176, 22.280308 ], [ 114.1284556, 22.2802158 ], [ 114.1284775, 22.2799649 ], [ 114.1285194, 22.2799678 ], [ 114.1285446, 22.2799703 ], [ 114.1285317, 22.2800367 ], [ 114.1286203, 22.280045 ], [ 114.1285829, 22.2803197 ], [ 114.1284673, 22.2803914 ], [ 114.1284142, 22.2803204 ], [ 114.1283578, 22.2803597 ] ] ] } },
{ "type": "Feature", "properties": { "id": "155738172", "name": "A座 Block A", "shop": "nan", "highway": "nan", "railway": "nan", "leisure": "nan", "landuse": "nan", "building": "apartments" }, "geometry": { "type": "Polygon", "coordinates": [ [ [ 114.1276503, 22.2837473 ], [ 114.1276622, 22.2836843 ], [ 114.1276462, 22.2836817 ], [ 114.1276551, 22.2836345 ], [ 114.1275846, 22.2836231 ], [ 114.1275757, 22.28367 ], [ 114.1275582, 22.2836672 ], [ 114.1275462, 22.2837305 ], [ 114.1276503, 22.2837473 ] ] ] } },
{ "type": "Feature", "properties": { "id": "155738175", "name": "B座 Block B", "shop": "nan", "highway": "nan", "railway": "nan", "leisure": "nan", "landuse": "nan", "building": "apartments" }, "geometry": { "type": "Polygon", "coordinates": [ [ [ 114.1275412, 22.2835982 ], [ 114.12753, 22.2836571 ], [ 114.1275477, 22.28366 ], [ 114.127534, 22.2837322 ], [ 114.1274196, 22.2837128 ], [ 114.1274392, 22.2836069 ], [ 114.1274785, 22.2836132 ], [ 114.1274838, 22.2835881 ], [ 114.1275412, 22.2835982 ] ] ] } },
{ "type": "Feature", "properties": { "id": "155738178", "name": "C座 Block C", "shop": "nan", "highway": "nan", "railway": "nan", "leisure": "nan", "landuse": "nan", "building": "apartments" }, "geometry": { "type": "Polygon", "coordinates": [ [ [ 114.1280903, 22.2806302 ], [ 114.1280471, 22.280575 ], [ 114.1280105, 22.2805994 ], [ 114.127961, 22.280532 ], [ 114.1283176, 22.280308 ], [ 114.1283578, 22.2803597 ], [ 114.1284006, 22.2804231 ], [ 114.1280903, 22.2806302 ] ] ] } },
{ "type": "Feature", "properties": { "id": "155738182", "name": "D座 Block D", "shop": "nan", "highway": "nan", "railway": "nan", "leisure": "nan", "landuse": "nan", "building": "apartments" }, "geometry": { "type": "Polygon", "coordinates": [ [ [ 114.1276239, 22.2806215 ], [ 114.1276816, 22.280585 ], [ 114.1276548, 22.2805488 ], [ 114.1277698, 22.2804777 ], [ 114.1278509, 22.2805984 ], [ 114.127961, 22.280532 ], [ 114.1280105, 22.2805994 ], [ 114.1280038, 22.2805999 ], [ 114.1280445, 22.2806531 ], [ 114.127776, 22.2808257 ], [ 114.1276239, 22.2806215 ] ] ] } },
{ "type": "Feature", "properties": { "id": "155738183", "name": "E座 Block E", "shop": "nan", "highway": "nan", "railway": "nan", "leisure": "nan", "landuse": "nan", "building": "apartments" }, "geometry": { "type": "Polygon", "coordinates": [ [ [ 114.127568, 22.2805418 ], [ 114.127523, 22.2804763 ], [ 114.1275197, 22.2802852 ], [ 114.1276348, 22.2802779 ], [ 114.1277698, 22.2804777 ], [ 114.1276548, 22.2805488 ], [ 114.1276231, 22.2805055 ], [ 114.127568, 22.2805418 ] ] ] } },
{ "type": "Feature", "properties": { "id": "155738187", "name": "F座 Block F", "shop": "nan", "highway": "nan", "railway": "nan", "leisure": "nan", "landuse": "nan", "building": "apartments" }, "geometry": { "type": "Polygon", "coordinates": [ [ [ 114.1274912, 22.2797965 ], [ 114.1275479, 22.2797913 ], [ 114.1275435, 22.27975 ], [ 114.1276428, 22.2797409 ], [ 114.1276941, 22.280219 ], [ 114.1275924, 22.2802284 ], [ 114.127581, 22.2801225 ], [ 114.1275268, 22.2801274 ], [ 114.1274912, 22.2797965 ] ] ] } },
{ "type": "Feature", "properties": { "id": "155738205", "name": "nan", "shop": "nan", "highway": "nan", "railway": "nan", "leisure": "nan", "landuse": "nan", "building": "apartments" }, "geometry": { "type": "Polygon", "coordinates": [ [ [ 114.1277449, 22.2837734 ], [ 114.1277589, 22.2836934 ], [ 114.1277899, 22.2836983 ], [ 114.1278003, 22.2836399 ], [ 114.1276777, 22.2836205 ], [ 114.1276672, 22.2836799 ], [ 114.1276985, 22.2836846 ], [ 114.1276845, 22.2837645 ], [ 114.1276511, 22.283759 ], [ 114.1276395, 22.2838184 ], [ 114.1277628, 22.283837 ], [ 114.1277732, 22.2837776 ], [ 114.1277449, 22.2837734 ] ] ] } },
{ "type": "Feature", "properties": { "id": "155738216", "name": "聯發新樓 Luen Fat Apartments", "shop": "nan", "highway": "nan", "railway": "nan", "leisure": "nan", "landuse": "nan", "building": "apartments" }, "geometry": { "type": "Polygon", "coordinates": [ [ [ 114.1275556, 22.2815705 ], [ 114.1275468, 22.2815691 ], [ 114.1275373, 22.2816212 ], [ 114.1275462, 22.2816226 ], [ 114.1275289, 22.2817188 ], [ 114.1276192, 22.2817328 ], [ 114.1276306, 22.2816693 ], [ 114.1276521, 22.2816727 ], [ 114.1276407, 22.2817361 ], [ 114.127731, 22.28175 ], [ 114.1277483, 22.281654 ], [ 114.1277584, 22.2816556 ], [ 114.1277679, 22.2816034 ], [ 114.1277577, 22.2816019 ], [ 114.1277698, 22.2815345 ], [ 114.1276795, 22.2815206 ], [ 114.1276674, 22.2815878 ], [ 114.1276459, 22.2815845 ], [ 114.127658, 22.2815173 ], [ 114.1275677, 22.2815033 ], [ 114.1275556, 22.2815705 ] ] ] } },
{ "type": "Feature", "properties": { "id": "155738217", "name": "聯基新樓 Luen Gay Apartments", "shop": "nan", "highway": "nan", "railway": "nan", "leisure": "nan", "landuse": "nan", "building": "apartments" }, "geometry": { "type": "Polygon", "coordinates": [ [ [ 114.1273806, 22.2818561 ], [ 114.1273851, 22.2818324 ], [ 114.1273404, 22.281825 ], [ 114.1273304, 22.2818768 ], [ 114.1273088, 22.2818732 ], [ 114.1273189, 22.2818213 ], [ 114.1272784, 22.2818146 ], [ 114.1272739, 22.2818379 ], [ 114.1271974, 22.2818252 ], [ 114.127188, 22.2818739 ], [ 114.1272136, 22.2818781 ], [ 114.1271976, 22.2819608 ], [ 114.1271717, 22.2819565 ], [ 114.1271622, 22.2820053 ], [ 114.1272378, 22.2820178 ], [ 114.127233, 22.282043 ], [ 114.1272738, 22.2820497 ], [ 114.1272834, 22.2820003 ], [ 114.1273047, 22.2820038 ], [ 114.1272951, 22.2820534 ], [ 114.1273397, 22.2820608 ], [ 114.1273445, 22.282036 ], [ 114.127408, 22.2820465 ], [ 114.1274174, 22.2819978 ], [ 114.1273958, 22.2819943 ], [ 114.1274118, 22.2819116 ], [ 114.1274337, 22.2819152 ], [ 114.1274432, 22.2818664 ], [ 114.1273806, 22.2818561 ] ] ] } },
{ "type": "Feature", "properties": { "id": "155738218", "name": "聯興新樓 Luen Hing Apartments", "shop": "nan", "highway": "nan", "railway": "nan", "leisure": "nan", "landuse": "nan", "building": "apartments" }, "geometry": { "type": "Polygon", "coordinates": [ [ [ 114.1278146, 22.2816137 ], [ 114.1278058, 22.2816123 ], [ 114.1277963, 22.2816645 ], [ 114.1278052, 22.2816659 ], [ 114.1277879, 22.2817621 ], [ 114.1278782, 22.281776 ], [ 114.1278896, 22.2817126 ], [ 114.1279111, 22.2817159 ], [ 114.1278997, 22.2817793 ], [ 114.12799, 22.2817933 ], [ 114.1280073, 22.2816973 ], [ 114.1280174, 22.2816988 ], [ 114.1280269, 22.2816467 ], [ 114.1280167, 22.2816451 ], [ 114.1280288, 22.2815777 ], [ 114.1279385, 22.2815638 ], [ 114.1279264, 22.2816311 ], [ 114.1279049, 22.2816277 ], [ 114.127917, 22.2815605 ], [ 114.1278267, 22.2815466 ], [ 114.1278146, 22.2816137 ] ] ] } },
{ "type": "Feature", "properties": { "id": "155738219", "name": "聯康新樓 Luen Hong Apartments", "shop": "nan", "highway": "nan", "railway": "nan", "leisure": "nan", "landuse": "nan", "building": "apartments" }, "geometry": { "type": "Polygon", "coordinates": [ [ [ 114.1275001, 22.2822988 ], [ 114.1275257, 22.282303 ], [ 114.1275337, 22.2822616 ], [ 114.1274777, 22.2822524 ], [ 114.1274815, 22.2822324 ], [ 114.1275376, 22.2822417 ], [ 114.1275448, 22.2822042 ], [ 114.1275197, 22.2822 ], [ 114.1275333, 22.2821293 ], [ 114.1274807, 22.2821206 ], [ 114.1274762, 22.2821443 ], [ 114.1273868, 22.2821295 ], [ 114.1273914, 22.2821055 ], [ 114.1273387, 22.2820969 ], [ 114.1273252, 22.2821669 ], [ 114.127298, 22.2821624 ], [ 114.1272907, 22.2822002 ], [ 114.1273442, 22.282209 ], [ 114.1273404, 22.2822287 ], [ 114.1272868, 22.2822199 ], [ 114.1272789, 22.2822612 ], [ 114.1273057, 22.2822656 ], [ 114.1272944, 22.2823243 ], [ 114.1273469, 22.282333 ], [ 114.1273508, 22.282313 ], [ 114.1274402, 22.2823277 ], [ 114.1274363, 22.282348 ], [ 114.127489, 22.2823567 ], [ 114.1275001, 22.2822988 ] ] ] } },
{ "type": "Feature", "properties": { "id": "155738220", "name": "聯安新樓 Luen On Apartments", "shop": "nan", "highway": "nan", "railway": "nan", "leisure": "nan", "landuse": "nan", "building": "apartments" }, "geometry": { "type": "Polygon", "coordinates": [ [ [ 114.1273018, 22.2815294 ], [ 114.127293, 22.281528 ], [ 114.1272835, 22.2815801 ], [ 114.1272924, 22.2815815 ], [ 114.1272751, 22.2816777 ], [ 114.1273654, 22.2816917 ], [ 114.1273768, 22.2816282 ], [ 114.1273983, 22.2816316 ], [ 114.1273869, 22.281695 ], [ 114.1274772, 22.2817089 ], [ 114.1274945, 22.2816129 ], [ 114.1275046, 22.2816145 ], [ 114.1275141, 22.2815623 ], [ 114.1275039, 22.2815608 ], [ 114.127516, 22.2814934 ], [ 114.1274257, 22.2814795 ], [ 114.1274136, 22.2815467 ], [ 114.1273921, 22.2815434 ], [ 114.1274042, 22.2814762 ], [ 114.1273139, 22.2814622 ], [ 114.1273018, 22.2815294 ] ] ] } },
{ "type": "Feature", "properties": { "id": "155738221", "name": "聯德新樓 Luen Tak Apartments", "shop": "nan", "highway": "nan", "railway": "nan", "leisure": "nan", "landuse": "nan", "building": "apartments" }, "geometry": { "type": "Polygon", "coordinates": [ [ [ 114.1280664, 22.2816545 ], [ 114.1280576, 22.2816532 ], [ 114.1280481, 22.2817053 ], [ 114.128057, 22.2817067 ], [ 114.1280397, 22.2818029 ], [ 114.12813, 22.2818169 ], [ 114.1281414, 22.2817534 ], [ 114.1281629, 22.2817567 ], [ 114.1281515, 22.2818202 ], [ 114.1282418, 22.2818341 ], [ 114.1282591, 22.2817381 ], [ 114.1282692, 22.2817397 ], [ 114.1282787, 22.2816875 ], [ 114.1282685, 22.2816859 ], [ 114.1282806, 22.2816186 ], [ 114.1281903, 22.2816047 ], [ 114.1281782, 22.2816719 ], [ 114.1281567, 22.2816686 ], [ 114.1281688, 22.2816013 ], [ 114.1280785, 22.2815874 ], [ 114.1280664, 22.2816545 ] ] ] } },
{ "type": "Feature", "properties": { "id": "155738222", "name": "聯威新樓 Luen Wai Apartments", "shop": "nan", "highway": "nan", "railway": "nan", "leisure": "nan", "landuse": "nan", "building": "apartments" }, "geometry": { "type": "Polygon", "coordinates": [ [ [ 114.1271665, 22.2822441 ], [ 114.1271921, 22.2822483 ], [ 114.1272001, 22.2822069 ], [ 114.1271441, 22.2821977 ], [ 114.1271479, 22.2821777 ], [ 114.127204, 22.282187 ], [ 114.1272112, 22.2821495 ], [ 114.1271861, 22.2821453 ], [ 114.1271997, 22.2820746 ], [ 114.1271471, 22.2820659 ], [ 114.1271426, 22.2820896 ], [ 114.1270532, 22.2820748 ], [ 114.1270578, 22.2820508 ], [ 114.1270051, 22.2820422 ], [ 114.1269916, 22.2821122 ], [ 114.1269644, 22.2821077 ], [ 114.1269571, 22.2821455 ], [ 114.1270106, 22.2821543 ], [ 114.1270068, 22.282174 ], [ 114.1269532, 22.2821652 ], [ 114.1269453, 22.2822065 ], [ 114.1269721, 22.2822109 ], [ 114.1269608, 22.2822696 ], [ 114.1270134, 22.2822783 ], [ 114.1270172, 22.2822583 ], [ 114.1271066, 22.282273 ], [ 114.1271027, 22.2822933 ], [ 114.1271554, 22.282302 ], [ 114.1271665, 22.2822441 ] ] ] } },
{ "type": "Feature", "properties": { "id": "155738223", "name": "聯友新樓 Luen Yau Apartments", "shop": "nan", "highway": "nan", "railway": "nan", "leisure": "nan", "landuse": "nan", "building": "apartments" }, "geometry": { "type": "Polygon", "coordinates": [ [ [ 114.1278985, 22.2823691 ], [ 114.1279037, 22.282345 ], [ 114.1278519, 22.2823345 ], [ 114.1278463, 22.2823586 ], [ 114.1278184, 22.2823533 ], [ 114.1278235, 22.28233 ], [ 114.1277714, 22.2823202 ], [ 114.1277665, 22.2823427 ], [ 114.127704, 22.282331 ], [ 114.1276828, 22.2824277 ], [ 114.1277427, 22.2824389 ], [ 114.1277372, 22.2824637 ], [ 114.1277919, 22.2824739 ], [ 114.1277971, 22.2824502 ], [ 114.1278236, 22.2824552 ], [ 114.1278182, 22.2824784 ], [ 114.1278704, 22.2824882 ], [ 114.127876, 22.2824629 ], [ 114.12794, 22.2824749 ], [ 114.1279605, 22.2823807 ], [ 114.1278985, 22.2823691 ] ] ] } },
{ "type": "Feature", "properties": { "id": "155738225", "name": "高逸華軒 Manhattan Heights", "shop": "nan", "highway": "nan", "railway": "nan", "leisure": "nan", "landuse": "nan", "building": "yes" }, "geometry": { "type": "Polygon", "coordinates": [ [ [ 114.1269167, 22.2837198 ], [ 114.1273746, 22.2838003 ], [ 114.1274137, 22.2836103 ], [ 114.1274858, 22.2832592 ], [ 114.1270278, 22.2831786 ], [ 114.1269557, 22.2835297 ], [ 114.1269167, 22.2837198 ] ] ] } },
{ "type": "Feature", "properties": { "id": "155738226", "name": "May Sun Building", "shop": "nan", "highway": "nan", "railway": "nan", "leisure": "nan", "landuse": "nan", "building": "apartments" }, "geometry": { "type": "Polygon", "coordinates": [ [ [ 114.127776, 22.2838585 ], [ 114.1278766, 22.2838731 ], [ 114.1278866, 22.2838659 ], [ 114.1279949, 22.2833144 ], [ 114.1279819, 22.2833019 ], [ 114.1278868, 22.2832857 ], [ 114.127776, 22.2838585 ] ] ] } },
{ "type": "Feature", "properties": { "id": "155738268", "name": "nan", "shop": "nan", "highway": "nan", "railway": "nan", "leisure": "nan", "landuse": "nan", "building": "apartments" }, "geometry": { "type": "Polygon", "coordinates": [ [ [ 114.1267164, 22.2836294 ], [ 114.1267313, 22.2835574 ], [ 114.1266954, 22.283551 ], [ 114.1267044, 22.2835072 ], [ 114.1267544, 22.2835161 ], [ 114.1267589, 22.2834942 ], [ 114.1268549, 22.283511 ], [ 114.1268509, 22.2835307 ], [ 114.1268946, 22.2835384 ], [ 114.1268853, 22.2835836 ], [ 114.1268506, 22.2835775 ], [ 114.1268357, 22.2836504 ], [ 114.1267835, 22.2836412 ], [ 114.1267876, 22.2836214 ], [ 114.1267735, 22.2836189 ], [ 114.1267694, 22.2836388 ], [ 114.1267164, 22.2836294 ] ] ] } },
{ "type": "Feature", "properties": { "id": "155738269", "name": "nan", "shop": "nan", "highway": "nan", "railway": "nan", "leisure": "nan", "landuse": "nan", "building": "yes" }, "geometry": { "type": "Polygon", "coordinates": [ [ [ 114.1267148, 22.282968 ], [ 114.1267748, 22.2826131 ], [ 114.1264765, 22.2825646 ], [ 114.1264128, 22.2829147 ], [ 114.1267148, 22.282968 ] ] ] } },
{ "type": "Feature", "properties": { "id": "155738271", "name": "nan", "shop": "nan", "highway": "nan", "railway": "nan", "leisure": "nan", "landuse": "nan", "building": "office" }, "geometry": { "type": "Polygon", "coordinates": [ [ [ 114.1359737, 22.2869994 ], [ 114.1357679, 22.2869421 ], [ 114.1356974, 22.2871591 ], [ 114.1358845, 22.2872112 ], [ 114.1360709, 22.2872631 ], [ 114.1361414, 22.2870461 ], [ 114.1359737, 22.2869994 ] ] ] } },
{ "type": "Feature", "properties": { "id": "155738272", "name": "Manhattan Heights", "shop": "nan", "highway": "nan", "railway": "nan", "leisure": "nan", "landuse": "nan", "building": "apartments" }, "geometry": { "type": "Polygon", "coordinates": [ [ [ 114.1271575, 22.2835871 ], [ 114.1271492, 22.2835757 ], [ 114.1271853, 22.283553 ], [ 114.1271571, 22.2835147 ], [ 114.1271256, 22.2835346 ], [ 114.1270909, 22.2835285 ], [ 114.1270694, 22.2834993 ], [ 114.1270156, 22.2835331 ], [ 114.1270332, 22.2835571 ], [ 114.1270259, 22.2835617 ], [ 114.1269876, 22.2835096 ], [ 114.1269557, 22.2835297 ], [ 114.1269723, 22.2835523 ], [ 114.1269585, 22.283561 ], [ 114.1270163, 22.2836396 ], [ 114.1269904, 22.2836559 ], [ 114.127027, 22.2837056 ], [ 114.1270586, 22.2836857 ], [ 114.1270933, 22.2836918 ], [ 114.1271147, 22.283721 ], [ 114.1271561, 22.283695 ], [ 114.1271315, 22.2836616 ], [ 114.1271438, 22.2836539 ], [ 114.1271895, 22.2836619 ], [ 114.1271978, 22.2836733 ], [ 114.1271617, 22.283696 ], [ 114.1271899, 22.2837342 ], [ 114.1272214, 22.2837144 ], [ 114.1272561, 22.2837205 ], [ 114.1272776, 22.2837497 ], [ 114.1273313, 22.2837158 ], [ 114.1273137, 22.2836919 ], [ 114.1273987, 22.2836384 ], [ 114.1273893, 22.2836257 ], [ 114.1274137, 22.2836103 ], [ 114.1273919, 22.2835808 ], [ 114.1273357, 22.2836162 ], [ 114.1273307, 22.2836094 ], [ 114.1273566, 22.2835931 ], [ 114.12732, 22.2835434 ], [ 114.1272884, 22.2835633 ], [ 114.1272537, 22.2835572 ], [ 114.1272322, 22.283528 ], [ 114.1271909, 22.283554 ], [ 114.1272155, 22.2835874 ], [ 114.1272032, 22.2835951 ], [ 114.1271575, 22.2835871 ] ] ] } },
{ "type": "Feature", "properties": { "id": "155738273", "name": "nan", "shop": "nan", "highway": "nan", "railway": "nan", "leisure": "nan", "landuse": "nan", "building": "yes" }, "geometry": { "type": "Polygon", "coordinates": [ [ [ 114.1263061, 22.2835873 ], [ 114.1263908, 22.2831663 ], [ 114.1263439, 22.2831498 ], [ 114.1263649, 22.2830504 ], [ 114.1260612, 22.2829968 ], [ 114.1259523, 22.2835267 ], [ 114.1260681, 22.2835605 ], [ 114.1262087, 22.2835851 ], [ 114.1263061, 22.2835873 ] ] ] } },
{ "type": "Feature", "properties": { "id": "178594304", "name": "中山紀念公園游泳池 Sun Yat Sen Memorial Park Swimming Pool", "shop": "nan", "highway": "nan", "railway": "nan", "leisure": "sports_centre", "landuse": "nan", "building": "yes" }, "geometry": { "type": "Polygon", "coordinates": [ [ [ 114.1439813, 22.2896725 ], [ 114.144768, 22.2896518 ], [ 114.1447694, 22.2896986 ], [ 114.1447711, 22.2897543 ], [ 114.1446614, 22.2897572 ], [ 114.1446636, 22.2898298 ], [ 114.144665, 22.2898747 ], [ 114.144666, 22.2899062 ], [ 114.1448589, 22.2899011 ], [ 114.1448663, 22.2901433 ], [ 114.1445482, 22.2901517 ], [ 114.1445528, 22.2903008 ], [ 114.1439672, 22.2903157 ], [ 114.1439615, 22.290129 ], [ 114.1439523, 22.2898307 ], [ 114.1439862, 22.2898302 ], [ 114.1439813, 22.2896725 ] ] ] } },
{ "type": "Feature", "properties": { "id": "178735582", "name": "A座 Block A", "shop": "nan", "highway": "nan", "railway": "nan", "leisure": "nan", "landuse": "nan", "building": "apartments" }, "geometry": { "type": "Polygon", "coordinates": [ [ [ 114.1400922, 22.288349 ], [ 114.140106, 22.2883063 ], [ 114.1401303, 22.288313 ], [ 114.140139, 22.2882864 ], [ 114.1401099, 22.2882784 ], [ 114.1401227, 22.2882386 ], [ 114.1401494, 22.288246 ], [ 114.1401602, 22.2882125 ], [ 114.1401278, 22.2882034 ], [ 114.1401198, 22.288228 ], [ 114.1400834, 22.2882179 ], [ 114.1400918, 22.2881916 ], [ 114.1400624, 22.2881835 ], [ 114.1400547, 22.2882074 ], [ 114.1400197, 22.2881978 ], [ 114.1400527, 22.2880891 ], [ 114.1400906, 22.2880997 ], [ 114.1400843, 22.2881193 ], [ 114.1401109, 22.2881266 ], [ 114.1401176, 22.2881061 ], [ 114.1401581, 22.2881174 ], [ 114.1401518, 22.288137 ], [ 114.1401834, 22.2881457 ], [ 114.1401915, 22.2881206 ], [ 114.1401615, 22.2881122 ], [ 114.1401803, 22.2880542 ], [ 114.1402095, 22.2880623 ], [ 114.140218, 22.2880358 ], [ 114.1401905, 22.2880283 ], [ 114.1402047, 22.2879842 ], [ 114.1403215, 22.2880166 ], [ 114.1403056, 22.2880655 ], [ 114.140274, 22.2880568 ], [ 114.1402656, 22.2880828 ], [ 114.1402951, 22.288091 ], [ 114.1402773, 22.2881459 ], [ 114.1402484, 22.288138 ], [ 114.1402394, 22.2881661 ], [ 114.1402714, 22.2881749 ], [ 114.1402785, 22.288153 ], [ 114.1403218, 22.288165 ], [ 114.140315, 22.2881863 ], [ 114.1403382, 22.2881927 ], [ 114.1403456, 22.2881699 ], [ 114.1403918, 22.2881827 ], [ 114.1403847, 22.2882046 ], [ 114.140395, 22.2882075 ], [ 114.1403738, 22.2882726 ], [ 114.1403635, 22.2882697 ], [ 114.1403559, 22.2882934 ], [ 114.1403091, 22.2882804 ], [ 114.1403167, 22.2882569 ], [ 114.1402947, 22.2882508 ], [ 114.1402872, 22.2882744 ], [ 114.1402445, 22.2882626 ], [ 114.1402523, 22.2882384 ], [ 114.1402209, 22.2882298 ], [ 114.1402104, 22.2882622 ], [ 114.140239, 22.2882701 ], [ 114.1402255, 22.2883118 ], [ 114.1401968, 22.2883037 ], [ 114.1401886, 22.2883291 ], [ 114.1402176, 22.2883371 ], [ 114.1402037, 22.28838 ], [ 114.1400922, 22.288349 ] ] ] } },
{ "type": "Feature", "properties": { "id": "178735589", "name": "B座 Block B", "shop": "nan", "highway": "nan", "railway": "nan", "leisure": "nan", "landuse": "nan", "building": "apartments" }, "geometry": { "type": "Polygon", "coordinates": [ [ [ 114.1404567, 22.2884471 ], [ 114.1404681, 22.288412 ], [ 114.1405001, 22.288421 ], [ 114.1405109, 22.2883873 ], [ 114.1404778, 22.2883781 ], [ 114.1404903, 22.2883395 ], [ 114.1405231, 22.2883485 ], [ 114.1405339, 22.288315 ], [ 114.1404963, 22.2883046 ], [ 114.1404871, 22.288333 ], [ 114.140443, 22.2883207 ], [ 114.1404517, 22.2882937 ], [ 114.1404281, 22.2882872 ], [ 114.1404198, 22.2883127 ], [ 114.1403756, 22.2883005 ], [ 114.1403837, 22.2882753 ], [ 114.1403738, 22.2882726 ], [ 114.140395, 22.2882075 ], [ 114.1404045, 22.2882101 ], [ 114.1404124, 22.2881855 ], [ 114.1404537, 22.2881968 ], [ 114.1404456, 22.2882219 ], [ 114.1404727, 22.2882294 ], [ 114.1404815, 22.2882019 ], [ 114.140523, 22.2882135 ], [ 114.1405165, 22.2882334 ], [ 114.1405555, 22.2882442 ], [ 114.1405651, 22.2882148 ], [ 114.1405322, 22.2882057 ], [ 114.1405468, 22.2881607 ], [ 114.1405776, 22.2881692 ], [ 114.1405865, 22.2881418 ], [ 114.1405641, 22.2881356 ], [ 114.1405787, 22.2880904 ], [ 114.1406851, 22.2881199 ], [ 114.1406707, 22.2881647 ], [ 114.1406405, 22.2881564 ], [ 114.1406313, 22.288185 ], [ 114.1406596, 22.2881928 ], [ 114.140645, 22.288238 ], [ 114.1406189, 22.2882308 ], [ 114.1406089, 22.2882617 ], [ 114.1406437, 22.2882714 ], [ 114.1406517, 22.2882468 ], [ 114.1406983, 22.2882597 ], [ 114.1406906, 22.2882834 ], [ 114.1407233, 22.2882924 ], [ 114.1407315, 22.2882671 ], [ 114.1407731, 22.2882787 ], [ 114.140732, 22.2883962 ], [ 114.140695, 22.288386 ], [ 114.1407025, 22.2883626 ], [ 114.140672, 22.2883542 ], [ 114.1406645, 22.2883774 ], [ 114.1406153, 22.2883637 ], [ 114.1406235, 22.2883384 ], [ 114.1405898, 22.2883291 ], [ 114.1405787, 22.2883636 ], [ 114.1406109, 22.2883725 ], [ 114.1405969, 22.2884158 ], [ 114.1405636, 22.2884065 ], [ 114.1405545, 22.2884348 ], [ 114.1405887, 22.2884443 ], [ 114.140577, 22.2884804 ], [ 114.1404567, 22.2884471 ] ] ] } },
{ "type": "Feature", "properties": { "id": "178735591", "name": "nan", "shop": "nan", "highway": "nan", "railway": "nan", "leisure": "nan", "landuse": "nan", "building": "apartments" }, "geometry": { "type": "Polygon", "coordinates": [ [ [ 114.1408943, 22.2882195 ], [ 114.1410053, 22.288216 ], [ 114.1410038, 22.2881763 ], [ 114.141015, 22.2881759 ], [ 114.1410154, 22.2881856 ], [ 114.1410368, 22.2881849 ], [ 114.1410365, 22.2881753 ], [ 114.1411016, 22.2881732 ], [ 114.1411019, 22.2881829 ], [ 114.1411335, 22.2881819 ], [ 114.1411327, 22.2881602 ], [ 114.1411567, 22.2881594 ], [ 114.1411564, 22.2881512 ], [ 114.1411532, 22.2880654 ], [ 114.1408889, 22.2880737 ], [ 114.1408943, 22.2882195 ] ] ] } },
{ "type": "Feature", "properties": { "id": "178741318", "name": "南苑臺 South Terrace", "shop": "nan", "highway": "nan", "railway": "nan", "leisure": "nan", "landuse": "nan", "building": "apartments" }, "geometry": { "type": "Polygon", "coordinates": [ [ [ 114.1258628, 22.2809777 ], [ 114.1257717, 22.2809616 ], [ 114.1255561, 22.2806557 ], [ 114.1256454, 22.2806018 ], [ 114.1258253, 22.2808573 ], [ 114.1258825, 22.2808821 ], [ 114.1258628, 22.2809777 ] ] ] } },
{ "type": "Feature", "properties": { "id": "178741320", "name": "東苑臺 East Terrace", "shop": "nan", "highway": "nan", "railway": "nan", "leisure": "nan", "landuse": "nan", "building": "apartments" }, "geometry": { "type": "Polygon", "coordinates": [ [ [ 114.1261022, 22.2814526 ], [ 114.1261625, 22.2811509 ], [ 114.1261995, 22.281158 ], [ 114.1262018, 22.2811449 ], [ 114.1262813, 22.2806992 ], [ 114.1262939, 22.2807014 ], [ 114.1263764, 22.2807159 ], [ 114.1262837, 22.2811793 ], [ 114.1262248, 22.2814736 ], [ 114.1261022, 22.2814526 ] ] ] } },
{ "type": "Feature", "properties": { "id": "178741322", "name": "北苑臺 North Terrace", "shop": "nan", "highway": "nan", "railway": "nan", "leisure": "nan", "landuse": "nan", "building": "apartments" }, "geometry": { "type": "Polygon", "coordinates": [ [ [ 114.1258828, 22.281165 ], [ 114.1259528, 22.2811782 ], [ 114.125999, 22.2811854 ], [ 114.1259477, 22.2814318 ], [ 114.1255129, 22.2813563 ], [ 114.1255529, 22.2811592 ], [ 114.1256452, 22.2811752 ], [ 114.1256242, 22.2812791 ], [ 114.1258518, 22.2813185 ], [ 114.1258828, 22.281165 ] ] ] } },
{ "type": "Feature", "properties": { "id": "178741323", "name": "中苑臺 Central Terrace", "shop": "nan", "highway": "nan", "railway": "nan", "leisure": "nan", "landuse": "nan", "building": "apartments" }, "geometry": { "type": "Polygon", "coordinates": [ [ [ 114.1258228, 22.2811537 ], [ 114.1258628, 22.2809777 ], [ 114.1258825, 22.2808821 ], [ 114.1259864, 22.2809017 ], [ 114.1260178, 22.2807588 ], [ 114.1260201, 22.2807482 ], [ 114.1261023, 22.2807637 ], [ 114.1260496, 22.2810026 ], [ 114.1259938, 22.2809921 ], [ 114.1259528, 22.2811782 ], [ 114.1258828, 22.281165 ], [ 114.1258228, 22.2811537 ] ] ] } },
{ "type": "Feature", "properties": { "id": "181770576", "name": "nan", "shop": "nan", "highway": "nan", "railway": "nan", "leisure": "nan", "landuse": "nan", "building": "apartments" }, "geometry": { "type": "Polygon", "coordinates": [ [ [ 114.1390657, 22.284 ], [ 114.1390233, 22.2840385 ], [ 114.1390569, 22.2840702 ], [ 114.139048, 22.2840783 ], [ 114.1390763, 22.284105 ], [ 114.1390354, 22.2841421 ], [ 114.1390826, 22.2841866 ], [ 114.1391234, 22.2841494 ], [ 114.1391599, 22.2841838 ], [ 114.1391688, 22.2841757 ], [ 114.1391915, 22.2841971 ], [ 114.1392062, 22.2841964 ], [ 114.1392408, 22.284165 ], [ 114.1390657, 22.284 ] ] ] } },
{ "type": "Feature", "properties": { "id": "181770579", "name": "nan", "shop": "nan", "highway": "nan", "railway": "nan", "leisure": "nan", "landuse": "nan", "building": "apartments" }, "geometry": { "type": "Polygon", "coordinates": [ [ [ 114.1391318, 22.2843652 ], [ 114.1392163, 22.2843613 ], [ 114.1392152, 22.2843397 ], [ 114.1392443, 22.2843383 ], [ 114.1392407, 22.284271 ], [ 114.1392116, 22.2842723 ], [ 114.1392105, 22.2842515 ], [ 114.139126, 22.2842554 ], [ 114.1391318, 22.2843652 ] ] ] } },
{ "type": "Feature", "properties": { "id": "181770587", "name": "nan", "shop": "nan", "highway": "nan", "railway": "nan", "leisure": "nan", "landuse": "nan", "building": "school" }, "geometry": { "type": "Polygon", "coordinates": [ [ [ 114.1395831, 22.2849469 ], [ 114.1395884, 22.285009 ], [ 114.1396656, 22.2850044 ], [ 114.1396662, 22.2851008 ], [ 114.1397892, 22.2850987 ], [ 114.1397842, 22.285004 ], [ 114.139977, 22.284991 ], [ 114.1399747, 22.2849618 ], [ 114.1399505, 22.2849618 ], [ 114.1399505, 22.2849271 ], [ 114.1395831, 22.2849469 ] ] ] } },
{ "type": "Feature", "properties": { "id": "181770588", "name": "nan", "shop": "nan", "highway": "nan", "railway": "nan", "leisure": "nan", "landuse": "nan", "building": "school" }, "geometry": { "type": "Polygon", "coordinates": [ [ [ 114.1395834, 22.2851005 ], [ 114.1395797, 22.2849818 ], [ 114.1395052, 22.284983 ], [ 114.1395084, 22.2851009 ], [ 114.1395834, 22.2851005 ] ] ] } },
{ "type": "Feature", "properties": { "id": "181770590", "name": "nan", "shop": "nan", "highway": "nan", "railway": "nan", "leisure": "nan", "landuse": "nan", "building": "apartments" }, "geometry": { "type": "Polygon", "coordinates": [ [ [ 114.1398627, 22.284334 ], [ 114.1399105, 22.2843314 ], [ 114.1399118, 22.2843525 ], [ 114.1399367, 22.2843512 ], [ 114.139939, 22.284388 ], [ 114.1398997, 22.2843902 ], [ 114.1399007, 22.2844074 ], [ 114.1399364, 22.2844055 ], [ 114.1399391, 22.2844482 ], [ 114.1398978, 22.2844504 ], [ 114.139899, 22.2844692 ], [ 114.1397399, 22.2844778 ], [ 114.1397388, 22.2844613 ], [ 114.1397146, 22.2844626 ], [ 114.1397117, 22.284416 ], [ 114.1397518, 22.2844139 ], [ 114.1397506, 22.284395 ], [ 114.1397088, 22.2843972 ], [ 114.1397076, 22.2843777 ], [ 114.139734, 22.2843762 ], [ 114.1397319, 22.2843439 ], [ 114.1398629, 22.2843368 ], [ 114.1398627, 22.284334 ] ] ] } },
{ "type": "Feature", "properties": { "id": "181770591", "name": "天悅閣 Smiling Court", "shop": "nan", "highway": "nan", "railway": "nan", "leisure": "nan", "landuse": "residential", "building": "yes" }, "geometry": { "type": "Polygon", "coordinates": [ [ [ 114.1392965, 22.2841921 ], [ 114.1392994, 22.2842475 ], [ 114.1393013, 22.2842826 ], [ 114.1393149, 22.284282 ], [ 114.1393406, 22.2842808 ], [ 114.139341, 22.2842879 ], [ 114.1393438, 22.2843525 ], [ 114.1394483, 22.2843493 ], [ 114.1394699, 22.2843064 ], [ 114.1394774, 22.2842907 ], [ 114.1393691, 22.2842317 ], [ 114.1392965, 22.2841921 ] ] ] } },
{ "type": "Feature", "properties": { "id": "181770592", "name": "nan", "shop": "nan", "highway": "nan", "railway": "nan", "leisure": "nan", "landuse": "nan", "building": "apartments" }, "geometry": { "type": "Polygon", "coordinates": [ [ [ 114.1394201, 22.2845362 ], [ 114.1396454, 22.2845274 ], [ 114.139643, 22.2844739 ], [ 114.1395726, 22.2844761 ], [ 114.1395704, 22.2844268 ], [ 114.1394859, 22.28443 ], [ 114.1394882, 22.2844794 ], [ 114.1394176, 22.2844821 ], [ 114.1394201, 22.2845362 ] ] ] } },
{ "type": "Feature", "properties": { "id": "181770593", "name": "nan", "shop": "nan", "highway": "nan", "railway": "nan", "leisure": "nan", "landuse": "nan", "building": "school" }, "geometry": { "type": "Polygon", "coordinates": [ [ [ 114.1399645, 22.2852628 ], [ 114.1399389, 22.2854272 ], [ 114.1398819, 22.2854206 ], [ 114.1398733, 22.285419 ], [ 114.1398444, 22.2854154 ], [ 114.1396966, 22.285397 ], [ 114.1396007, 22.2853835 ], [ 114.1395812, 22.2853808 ], [ 114.1395828, 22.285373 ], [ 114.139584, 22.2853668 ], [ 114.1395563, 22.2853604 ], [ 114.1395244, 22.2853521 ], [ 114.1394859, 22.2853395 ], [ 114.1394462, 22.2853154 ], [ 114.1394244, 22.2852949 ], [ 114.1393961, 22.2852643 ], [ 114.1394255, 22.2852187 ], [ 114.1394395, 22.285197 ], [ 114.1394533, 22.2852066 ], [ 114.1394873, 22.2852216 ], [ 114.1395196, 22.2852339 ], [ 114.1395305, 22.285238 ], [ 114.1395448, 22.2852421 ], [ 114.1395667, 22.285247 ], [ 114.1396047, 22.2852533 ], [ 114.1396029, 22.2852695 ], [ 114.1396532, 22.2852742 ], [ 114.139655, 22.2852592 ], [ 114.1397036, 22.2852625 ], [ 114.139745, 22.285263 ], [ 114.1397446, 22.285272 ], [ 114.1398053, 22.2852787 ], [ 114.1398043, 22.2852643 ], [ 114.1399645, 22.2852628 ] ] ] } },
{ "type": "Feature", "properties": { "id": "181770594", "name": "nan", "shop": "nan", "highway": "nan", "railway": "nan", "leisure": "nan", "landuse": "nan", "building": "apartments" }, "geometry": { "type": "Polygon", "coordinates": [ [ [ 114.139341, 22.2842879 ], [ 114.1393873, 22.2842591 ], [ 114.1394014, 22.2842785 ], [ 114.1394154, 22.2842698 ], [ 114.1394305, 22.2842906 ], [ 114.1394419, 22.2842835 ], [ 114.1394568, 22.284304 ], [ 114.1394231, 22.2843249 ], [ 114.1394287, 22.2843326 ], [ 114.1394051, 22.2843472 ], [ 114.1393938, 22.2843317 ], [ 114.1393793, 22.2843407 ], [ 114.139341, 22.2842879 ] ] ] } },
{ "type": "Feature", "properties": { "id": "181770597", "name": "nan", "shop": "nan", "highway": "nan", "railway": "nan", "leisure": "nan", "landuse": "nan", "building": "commercial" }, "geometry": { "type": "Polygon", "coordinates": [ [ [ 114.1392447, 22.2849292 ], [ 114.1392651, 22.2848872 ], [ 114.1393199, 22.2848842 ], [ 114.1392902, 22.2849482 ], [ 114.1392447, 22.2849292 ] ] ] } },
{ "type": "Feature", "properties": { "id": "181770892", "name": "nan", "shop": "nan", "highway": "nan", "railway": "nan", "leisure": "nan", "landuse": "nan", "building": "school" }, "geometry": { "type": "Polygon", "coordinates": [ [ [ 114.1406088, 22.2847572 ], [ 114.1405841, 22.284264 ], [ 114.1405597, 22.2842637 ], [ 114.1405572, 22.2842511 ], [ 114.1405517, 22.2842369 ], [ 114.1405439, 22.2842235 ], [ 114.1405339, 22.2842114 ], [ 114.1405221, 22.2842009 ], [ 114.1405087, 22.2841922 ], [ 114.140494, 22.2841854 ], [ 114.1404783, 22.2841808 ], [ 114.140451, 22.2841785 ], [ 114.1404502, 22.2841581 ], [ 114.1403845, 22.2841605 ], [ 114.1403717, 22.2841609 ], [ 114.1403741, 22.2842203 ], [ 114.140138, 22.2842287 ], [ 114.1401355, 22.2841683 ], [ 114.1401269, 22.2841686 ], [ 114.1400553, 22.2841712 ], [ 114.1400571, 22.2842133 ], [ 114.1399682, 22.2842166 ], [ 114.1399538, 22.2842171 ], [ 114.1399586, 22.2843469 ], [ 114.1400185, 22.284345 ], [ 114.140019, 22.284359 ], [ 114.1399591, 22.2843609 ], [ 114.139972, 22.2847111 ], [ 114.1400948, 22.2847066 ], [ 114.140093, 22.2846688 ], [ 114.1400589, 22.28467 ], [ 114.1400533, 22.2845358 ], [ 114.140045, 22.2843388 ], [ 114.1403907, 22.2843264 ], [ 114.1403904, 22.284348 ], [ 114.1403986, 22.2845211 ], [ 114.1404078, 22.2847172 ], [ 114.1401762, 22.2847265 ], [ 114.1401773, 22.2847543 ], [ 114.1401339, 22.2847558 ], [ 114.1401366, 22.2848197 ], [ 114.140425, 22.2848093 ], [ 114.1404231, 22.2847639 ], [ 114.1406088, 22.2847572 ] ] ] } },
{ "type": "Feature", "properties": { "id": "181773515", "name": "包兆龍樓 Pao Siu Loong Building", "shop": "nan", "highway": "nan", "railway": "nan", "leisure": "nan", "landuse": "nan", "building": "university" }, "geometry": { "type": "Polygon", "coordinates": [ [ [ 114.1377007, 22.2846094 ], [ 114.1375592, 22.2846037 ], [ 114.1374921, 22.2845788 ], [ 114.1374358, 22.2845292 ], [ 114.1373956, 22.2844821 ], [ 114.1374626, 22.2844275 ], [ 114.137527, 22.2844821 ], [ 114.1375608, 22.2845143 ], [ 114.1375876, 22.2845236 ], [ 114.1375887, 22.2845069 ], [ 114.13763, 22.2845069 ], [ 114.1376309, 22.2845279 ], [ 114.137704, 22.2845245 ], [ 114.1377007, 22.2846094 ] ] ] } },
{ "type": "Feature", "properties": { "id": "181773520", "name": "B座 Block B", "shop": "nan", "highway": "nan", "railway": "nan", "leisure": "nan", "landuse": "nan", "building": "apartments" }, "geometry": { "type": "Polygon", "coordinates": [ [ [ 114.1378177, 22.2850849 ], [ 114.1377602, 22.2850862 ], [ 114.1377589, 22.2850331 ], [ 114.1378171, 22.2850319 ], [ 114.1378165, 22.2850082 ], [ 114.1377688, 22.2850093 ], [ 114.1377675, 22.2849589 ], [ 114.1378534, 22.284957 ], [ 114.1378536, 22.2849663 ], [ 114.1378855, 22.2849656 ], [ 114.1378852, 22.2849567 ], [ 114.1379694, 22.2849548 ], [ 114.1379706, 22.2850041 ], [ 114.1379161, 22.2850053 ], [ 114.1379167, 22.2850299 ], [ 114.1379828, 22.2850284 ], [ 114.1379841, 22.2850792 ], [ 114.1379173, 22.2850807 ], [ 114.1379166, 22.285089 ], [ 114.1379124, 22.2850951 ], [ 114.1379058, 22.2851007 ], [ 114.1378967, 22.2851015 ], [ 114.1378899, 22.2850989 ], [ 114.1378835, 22.2850908 ], [ 114.1378824, 22.2850824 ], [ 114.1378573, 22.2850832 ], [ 114.1378563, 22.2850905 ], [ 114.1378519, 22.2850974 ], [ 114.1378447, 22.2851022 ], [ 114.1378359, 22.2851024 ], [ 114.1378278, 22.2851001 ], [ 114.13782, 22.2850918 ], [ 114.1378177, 22.2850849 ] ] ] } },
{ "type": "Feature", "properties": { "id": "181773521", "name": "A座 Block A", "shop": "nan", "highway": "nan", "railway": "nan", "leisure": "nan", "landuse": "nan", "building": "apartments" }, "geometry": { "type": "Polygon", "coordinates": [ [ [ 114.137583, 22.2850101 ], [ 114.1375256, 22.2850113 ], [ 114.1375242, 22.2849583 ], [ 114.1375825, 22.284957 ], [ 114.1375819, 22.2849333 ], [ 114.1375341, 22.2849344 ], [ 114.1375328, 22.284884 ], [ 114.1376188, 22.2848821 ], [ 114.137619, 22.2848914 ], [ 114.1376508, 22.2848907 ], [ 114.1376506, 22.2848818 ], [ 114.1377348, 22.2848799 ], [ 114.137736, 22.2849292 ], [ 114.1376815, 22.2849304 ], [ 114.1376821, 22.284955 ], [ 114.1377482, 22.2849535 ], [ 114.1377495, 22.2850044 ], [ 114.1376827, 22.2850058 ], [ 114.137682, 22.2850141 ], [ 114.1376778, 22.2850202 ], [ 114.1376712, 22.2850259 ], [ 114.1376621, 22.2850266 ], [ 114.1376553, 22.285024 ], [ 114.1376489, 22.2850159 ], [ 114.1376478, 22.2850075 ], [ 114.1376226, 22.2850083 ], [ 114.1376217, 22.2850156 ], [ 114.1376173, 22.2850225 ], [ 114.1376101, 22.2850273 ], [ 114.1376013, 22.2850275 ], [ 114.1375932, 22.2850252 ], [ 114.1375854, 22.2850169 ], [ 114.137583, 22.2850101 ] ] ] } },
{ "type": "Feature", "properties": { "id": "181773526", "name": "孔慶熒樓 Hung Hing Ying Building", "shop": "nan", "highway": "nan", "railway": "nan", "leisure": "nan", "landuse": "nan", "building": "university" }, "geometry": { "type": "Polygon", "coordinates": [ [ [ 114.1377139, 22.2846163 ], [ 114.1377101, 22.284566 ], [ 114.1377281, 22.2845676 ], [ 114.1377281, 22.2845211 ], [ 114.1377415, 22.2845085 ], [ 114.1377683, 22.2845085 ], [ 114.1377844, 22.2845248 ], [ 114.1377989, 22.284509 ], [ 114.1378246, 22.2845087 ], [ 114.1378461, 22.2845285 ], [ 114.1378461, 22.2844689 ], [ 114.1379078, 22.2844689 ], [ 114.1379078, 22.284531 ], [ 114.137926, 22.28451 ], [ 114.137955, 22.284509 ], [ 114.1379641, 22.284531 ], [ 114.137984, 22.284509 ], [ 114.1380153, 22.2845087 ], [ 114.1380334, 22.2845107 ], [ 114.1380359, 22.2846152 ], [ 114.1379176, 22.2846162 ], [ 114.1378906, 22.284631 ], [ 114.1378595, 22.2846303 ], [ 114.1378381, 22.2846179 ], [ 114.1377139, 22.2846163 ] ] ] } },
{ "type": "Feature", "properties": { "id": "182016462", "name": "nan", "shop": "nan", "highway": "nan", "railway": "nan", "leisure": "nan", "landuse": "nan", "building": "apartments" }, "geometry": { "type": "Polygon", "coordinates": [ [ [ 114.1298154, 22.282488 ], [ 114.1297892, 22.2825398 ], [ 114.1297596, 22.282527 ], [ 114.1297534, 22.2825393 ], [ 114.1297267, 22.2825277 ], [ 114.1297065, 22.2825675 ], [ 114.1299171, 22.2826589 ], [ 114.1299368, 22.2826202 ], [ 114.129915, 22.2826107 ], [ 114.1299218, 22.2825973 ], [ 114.129893, 22.2825848 ], [ 114.1299194, 22.2825328 ], [ 114.1299478, 22.2825452 ], [ 114.1299543, 22.2825324 ], [ 114.1299767, 22.2825421 ], [ 114.1299947, 22.2825065 ], [ 114.1297838, 22.2824151 ], [ 114.1297658, 22.2824506 ], [ 114.1297923, 22.2824621 ], [ 114.1297857, 22.2824751 ], [ 114.1298154, 22.282488 ] ] ] } },
{ "type": "Feature", "properties": { "id": "182016464", "name": "nan", "shop": "nan", "highway": "nan", "railway": "nan", "leisure": "nan", "landuse": "nan", "building": "yes" }, "geometry": { "type": "Polygon", "coordinates": [ [ [ 114.1299231, 22.2826735 ], [ 114.1296834, 22.2825692 ], [ 114.1297518, 22.2823911 ], [ 114.130022, 22.282511 ], [ 114.1299231, 22.2826735 ] ] ] } },
{ "type": "Feature", "properties": { "id": "182016465", "name": "nan", "shop": "nan", "highway": "nan", "railway": "nan", "leisure": "nan", "landuse": "nan", "building": "yes" }, "geometry": { "type": "Polygon", "coordinates": [ [ [ 114.1295873, 22.2828182 ], [ 114.1296834, 22.2825692 ], [ 114.1299231, 22.2826735 ], [ 114.1297817, 22.2829171 ], [ 114.1297236, 22.2828855 ], [ 114.1297384, 22.2828613 ], [ 114.1296718, 22.2828296 ], [ 114.1296589, 22.2828529 ], [ 114.1295873, 22.2828182 ] ] ] } },
{ "type": "Feature", "properties": { "id": "182021680", "name": "1座 Tower 1", "shop": "nan", "highway": "nan", "railway": "nan", "leisure": "nan", "landuse": "nan", "building": "apartments" }, "geometry": { "type": "Polygon", "coordinates": [ [ [ 114.1294498, 22.283492 ], [ 114.1295597, 22.2834893 ], [ 114.1295705, 22.2834818 ], [ 114.1296361, 22.2834801 ], [ 114.1296454, 22.2834876 ], [ 114.1297618, 22.2834845 ], [ 114.1297625, 22.2835091 ], [ 114.1297474, 22.2835095 ], [ 114.1297479, 22.2835284 ], [ 114.1296793, 22.28353 ], [ 114.129681, 22.2835935 ], [ 114.1296463, 22.2835943 ], [ 114.1296458, 22.2835771 ], [ 114.1295716, 22.2835788 ], [ 114.129572, 22.2835956 ], [ 114.1295384, 22.2835965 ], [ 114.1295367, 22.2835361 ], [ 114.1294678, 22.2835378 ], [ 114.1294672, 22.2835182 ], [ 114.1294505, 22.2835186 ], [ 114.1294498, 22.283492 ] ] ] } },
{ "type": "Feature", "properties": { "id": "182021681", "name": "2座 Tower 2", "shop": "nan", "highway": "nan", "railway": "nan", "leisure": "nan", "landuse": "nan", "building": "apartments" }, "geometry": { "type": "Polygon", "coordinates": [ [ [ 114.1292182, 22.2833553 ], [ 114.1292175, 22.2833331 ], [ 114.1292051, 22.2833334 ], [ 114.1292043, 22.2833134 ], [ 114.1292733, 22.2833113 ], [ 114.1292738, 22.2833281 ], [ 114.1292883, 22.2833276 ], [ 114.1292977, 22.2833192 ], [ 114.1293466, 22.2833181 ], [ 114.1293555, 22.2833256 ], [ 114.1293714, 22.2833251 ], [ 114.1293709, 22.2833084 ], [ 114.1294444, 22.2833061 ], [ 114.1294451, 22.2833267 ], [ 114.1294336, 22.283327 ], [ 114.1294343, 22.2833487 ], [ 114.129389, 22.2833501 ], [ 114.1293912, 22.2834151 ], [ 114.12936, 22.2834161 ], [ 114.1293595, 22.2834031 ], [ 114.1293335, 22.2834039 ], [ 114.1293326, 22.2833819 ], [ 114.1293154, 22.2833827 ], [ 114.129316, 22.2834044 ], [ 114.1292939, 22.2834051 ], [ 114.1292942, 22.2834163 ], [ 114.1292633, 22.2834172 ], [ 114.1292611, 22.283354 ], [ 114.1292182, 22.2833553 ] ] ] } },
{ "type": "Feature", "properties": { "id": "182021682", "name": "3座 Tower 3", "shop": "nan", "highway": "nan", "railway": "nan", "leisure": "nan", "landuse": "nan", "building": "apartments" }, "geometry": { "type": "Polygon", "coordinates": [ [ [ 114.1290801, 22.2833743 ], [ 114.1291052, 22.2833785 ], [ 114.1291029, 22.2833902 ], [ 114.129129, 22.2833946 ], [ 114.1291401, 22.2833382 ], [ 114.1291275, 22.2833361 ], [ 114.1291311, 22.2833174 ], [ 114.1291683, 22.2833236 ], [ 114.1291665, 22.2833326 ], [ 114.1291919, 22.2833369 ], [ 114.129204, 22.2832749 ], [ 114.1291729, 22.2832697 ], [ 114.1291758, 22.2832545 ], [ 114.1291969, 22.283258 ], [ 114.1292124, 22.2831783 ], [ 114.129171, 22.2831714 ], [ 114.1291824, 22.2831132 ], [ 114.12916, 22.2831094 ], [ 114.1291574, 22.2831229 ], [ 114.1291313, 22.2831185 ], [ 114.129121, 22.2831711 ], [ 114.1290622, 22.2831613 ], [ 114.1290506, 22.2832204 ], [ 114.1290969, 22.2832281 ], [ 114.1290937, 22.2832441 ], [ 114.1290479, 22.2832364 ], [ 114.1290357, 22.2832987 ], [ 114.129093, 22.2833083 ], [ 114.1290801, 22.2833743 ] ] ] } },
{ "type": "Feature", "properties": { "id": "182023171", "name": "鈕魯詩樓 Knowles Building", "shop": "nan", "highway": "nan", "railway": "nan", "leisure": "nan", "landuse": "nan", "building": "university" }, "geometry": { "type": "Polygon", "coordinates": [ [ [ 114.1382447, 22.2834389 ], [ 114.138244, 22.283419 ], [ 114.1382403, 22.2833486 ], [ 114.1382383, 22.2833106 ], [ 114.1382318, 22.2830898 ], [ 114.1382287, 22.2829739 ], [ 114.1382597, 22.282973 ], [ 114.1382588, 22.2829474 ], [ 114.1383914, 22.2829435 ], [ 114.1386396, 22.2829362 ], [ 114.1386406, 22.2829662 ], [ 114.1386671, 22.2829655 ], [ 114.1386804, 22.283378 ], [ 114.138683, 22.2834281 ], [ 114.1386479, 22.283429 ], [ 114.138648, 22.283457 ], [ 114.1386043, 22.2834583 ], [ 114.1384917, 22.2834616 ], [ 114.1382859, 22.2834677 ], [ 114.1382849, 22.2834377 ], [ 114.1382447, 22.2834389 ] ] ] } },
{ "type": "Feature", "properties": { "id": "182023173", "name": "梁銶琚樓 K.K. Leung Building", "shop": "nan", "highway": "nan", "railway": "nan", "leisure": "nan", "landuse": "nan", "building": "university" }, "geometry": { "type": "Polygon", "coordinates": [ [ [ 114.1389048, 22.2831458 ], [ 114.1389047, 22.2831203 ], [ 114.1390135, 22.2831155 ], [ 114.1391626, 22.2831178 ], [ 114.1391631, 22.2831525 ], [ 114.1391966, 22.2831521 ], [ 114.1392003, 22.283407 ], [ 114.1391692, 22.2834074 ], [ 114.1391697, 22.2834432 ], [ 114.1390758, 22.2834466 ], [ 114.1390135, 22.2834489 ], [ 114.1389434, 22.2834473 ], [ 114.1389089, 22.2834465 ], [ 114.1389084, 22.2834151 ], [ 114.1388753, 22.2834155 ], [ 114.1388736, 22.2833694 ], [ 114.1388734, 22.2831459 ], [ 114.1389048, 22.2831458 ] ] ] } },
{ "type": "Feature", "properties": { "id": "182023175", "name": "本部圖書館大樓（舊翼）Main Library (Old Wing)", "shop": "nan", "highway": "nan", "railway": "nan", "leisure": "nan", "landuse": "nan", "building": "university" }, "geometry": { "type": "Polygon", "coordinates": [ [ [ 114.1375086, 22.2831811 ], [ 114.1375054, 22.2831163 ], [ 114.1375044, 22.2830887 ], [ 114.1374734, 22.2830898 ], [ 114.1374705, 22.2830242 ], [ 114.1375024, 22.2830231 ], [ 114.1375006, 22.2829822 ], [ 114.137784, 22.2829717 ], [ 114.1381014, 22.2829599 ], [ 114.1381023, 22.2829811 ], [ 114.1381305, 22.28298 ], [ 114.1381335, 22.2830481 ], [ 114.1380969, 22.2830495 ], [ 114.1380983, 22.283094 ], [ 114.1381016, 22.283158 ], [ 114.1380542, 22.2831598 ], [ 114.137855, 22.2831672 ], [ 114.1378589, 22.2832564 ], [ 114.137784, 22.2832592 ], [ 114.1377802, 22.2831708 ], [ 114.137572, 22.2831785 ], [ 114.1375086, 22.2831811 ] ] ] } },
{ "type": "Feature", "properties": { "id": "182023178", "name": "nan", "shop": "nan", "highway": "nan", "railway": "nan", "leisure": "nan", "landuse": "nan", "building": "yes" }, "geometry": { "type": "Polygon", "coordinates": [ [ [ 114.1386859, 22.2834724 ], [ 114.1386842, 22.2834055 ], [ 114.1387769, 22.2834035 ], [ 114.1387786, 22.2834703 ], [ 114.1387327, 22.2834713 ], [ 114.1386859, 22.2834724 ] ] ] } },
{ "type": "Feature", "properties": { "id": "182023179", "name": "圖書館新翼 Library Extension", "shop": "nan", "highway": "nan", "railway": "nan", "leisure": "nan", "landuse": "nan", "building": "university" }, "geometry": { "type": "Polygon", "coordinates": [ [ [ 114.1380542, 22.2831598 ], [ 114.137855, 22.2831672 ], [ 114.1377802, 22.2831708 ], [ 114.137572, 22.2831785 ], [ 114.1375839, 22.2834363 ], [ 114.1375872, 22.2835073 ], [ 114.1375897, 22.2835611 ], [ 114.1375963, 22.2836943 ], [ 114.1378639, 22.2836834 ], [ 114.1380788, 22.2836746 ], [ 114.1380542, 22.2831598 ] ] ] } },
{ "type": "Feature", "properties": { "id": "182024491", "name": "嘉道理生物科學大樓 Kadoorie Biological Sciences Building", "shop": "nan", "highway": "nan", "railway": "nan", "leisure": "nan", "landuse": "nan", "building": "university" }, "geometry": { "type": "Polygon", "coordinates": [ [ [ 114.1372215, 22.2831981 ], [ 114.1371145, 22.2831996 ], [ 114.1371136, 22.2831724 ], [ 114.1371127, 22.283167 ], [ 114.1371092, 22.2831599 ], [ 114.1371035, 22.2831542 ], [ 114.1370961, 22.2831505 ], [ 114.1370878, 22.2831491 ], [ 114.1370788, 22.2831504 ], [ 114.1370709, 22.2831544 ], [ 114.1370649, 22.2831607 ], [ 114.1370615, 22.2831685 ], [ 114.137061, 22.2831749 ], [ 114.1370615, 22.2832006 ], [ 114.1369527, 22.2832029 ], [ 114.1369535, 22.2832354 ], [ 114.1369621, 22.2838007 ], [ 114.1370679, 22.2837993 ], [ 114.1370679, 22.2838193 ], [ 114.1370692, 22.2838267 ], [ 114.1370729, 22.2838333 ], [ 114.1370787, 22.2838384 ], [ 114.137086, 22.2838415 ], [ 114.137094, 22.2838423 ], [ 114.1371013, 22.2838408 ], [ 114.1371078, 22.2838374 ], [ 114.1371128, 22.2838324 ], [ 114.137116, 22.2838262 ], [ 114.137117, 22.2838193 ], [ 114.137117, 22.2837986 ], [ 114.1372315, 22.283797 ], [ 114.1372269, 22.2835187 ], [ 114.1372215, 22.2831981 ] ] ] } },
{ "type": "Feature", "properties": { "id": "182172764", "name": "周亦卿樓 Chow Yei Ching Building", "shop": "nan", "highway": "nan", "railway": "nan", "leisure": "nan", "landuse": "nan", "building": "university" }, "geometry": { "type": "Polygon", "coordinates": [ [ [ 114.1352919, 22.2832104 ], [ 114.1352876, 22.2829082 ], [ 114.1355664, 22.2829048 ], [ 114.135659, 22.2829037 ], [ 114.1356633, 22.2832058 ], [ 114.1355685, 22.283207 ], [ 114.1352919, 22.2832104 ] ] ] } },
{ "type": "Feature", "properties": { "id": "182172765", "name": "綜合大樓 (香港大學學生會) Composite Building (HKU Students' Union)", "shop": "nan", "highway": "nan", "railway": "nan", "leisure": "nan", "landuse": "nan", "building": "university" }, "geometry": { "type": "Polygon", "coordinates": [ [ [ 114.1356911, 22.2831041 ], [ 114.1356986, 22.2833129 ], [ 114.1360054, 22.2833035 ], [ 114.1361169, 22.2833 ], [ 114.1361163, 22.2832839 ], [ 114.1361083, 22.2830611 ], [ 114.1361068, 22.2830174 ], [ 114.1359765, 22.2830221 ], [ 114.1359774, 22.2830491 ], [ 114.1359106, 22.2830964 ], [ 114.1356911, 22.2831041 ] ] ] } },
{ "type": "Feature", "properties": { "id": "182172767", "name": "西區食水及海水抽水站 Elliot Fresh Water and Salt Water Pumping Station", "shop": "nan", "highway": "nan", "railway": "nan", "leisure": "nan", "landuse": "nan", "building": "yes" }, "geometry": { "type": "Polygon", "coordinates": [ [ [ 114.1352145, 22.2834429 ], [ 114.1354077, 22.2832915 ], [ 114.1354942, 22.2833836 ], [ 114.1353004, 22.2835372 ], [ 114.1352145, 22.2834429 ] ] ] } },
{ "type": "Feature", "properties": { "id": "182172768", "name": "李國賢堂 Simon K.Y. Lee Hall", "shop": "nan", "highway": "nan", "railway": "nan", "leisure": "nan", "landuse": "nan", "building": "dormitory" }, "geometry": { "type": "Polygon", "coordinates": [ [ [ 114.1356911, 22.2831041 ], [ 114.1359106, 22.2830964 ], [ 114.1359774, 22.2830491 ], [ 114.1359765, 22.2830221 ], [ 114.1361068, 22.2830174 ], [ 114.1361033, 22.2829208 ], [ 114.1358812, 22.2829291 ], [ 114.1358835, 22.2829931 ], [ 114.1356874, 22.2829991 ], [ 114.1356911, 22.2831041 ] ] ] } },
{ "type": "Feature", "properties": { "id": "182172769", "name": "黃克競樓 Haking Wong Building", "shop": "nan", "highway": "nan", "railway": "nan", "leisure": "nan", "landuse": "nan", "building": "university" }, "geometry": { "type": "Polygon", "coordinates": [ [ [ 114.1361871, 22.2830589 ], [ 114.1366551, 22.2830459 ], [ 114.1366536, 22.2830065 ], [ 114.1367841, 22.2830028 ], [ 114.1368378, 22.2830012 ], [ 114.1368341, 22.2828905 ], [ 114.1367805, 22.282892 ], [ 114.1366785, 22.282895 ], [ 114.1366466, 22.2828959 ], [ 114.1366454, 22.2828618 ], [ 114.1361756, 22.2828754 ], [ 114.136177, 22.2829155 ], [ 114.1361439, 22.2829164 ], [ 114.1361472, 22.2830162 ], [ 114.1361475, 22.2830258 ], [ 114.136186, 22.2830248 ], [ 114.1361871, 22.2830589 ] ] ] } },
{ "type": "Feature", "properties": { "id": "182172774", "name": "黃克競平臺 Haking Wong Podium", "shop": "nan", "highway": "pedestrian", "railway": "nan", "leisure": "nan", "landuse": "nan", "building": "yes" }, "geometry": { "type": "Polygon", "coordinates": [ [ [ 114.1361163, 22.2832839 ], [ 114.1361415, 22.2832832 ], [ 114.1361743, 22.2832823 ], [ 114.1367303, 22.2832668 ], [ 114.1368074, 22.2832646 ], [ 114.1368057, 22.2832141 ], [ 114.1368001, 22.2830418 ], [ 114.1367851, 22.2830422 ], [ 114.1366551, 22.2830459 ], [ 114.1361871, 22.2830589 ], [ 114.1361083, 22.2830611 ], [ 114.1361163, 22.2832839 ] ] ] } },
{ "type": "Feature", "properties": { "id": "182173956", "name": "西區軍營 Western Barracks", "shop": "nan", "highway": "nan", "railway": "nan", "leisure": "nan", "landuse": "military", "building": "apartments" }, "geometry": { "type": "Polygon", "coordinates": [ [ [ 114.1401226, 22.2836993 ], [ 114.1405423, 22.2836309 ], [ 114.1404979, 22.2838199 ], [ 114.1404798, 22.2838609 ], [ 114.1403646, 22.283991 ], [ 114.140304, 22.2839955 ], [ 114.1401853, 22.2840042 ], [ 114.1401226, 22.2836993 ] ] ] } },
{ "type": "Feature", "properties": { "id": "182203609", "name": "邵仁枚樓 Runme Shaw Building", "shop": "nan", "highway": "nan", "railway": "nan", "leisure": "nan", "landuse": "nan", "building": "university" }, "geometry": { "type": "Polygon", "coordinates": [ [ [ 114.1384576, 22.2826098 ], [ 114.1384568, 22.2825868 ], [ 114.1384513, 22.2824025 ], [ 114.138451, 22.2823728 ], [ 114.1388909, 22.2823623 ], [ 114.1388975, 22.2825993 ], [ 114.1384576, 22.2826098 ] ] ] } },
{ "type": "Feature", "properties": { "id": "182203618", "name": "邵逸夫樓 Run Run Shaw Building", "shop": "nan", "highway": "nan", "railway": "nan", "leisure": "nan", "landuse": "nan", "building": "university" }, "geometry": { "type": "Polygon", "coordinates": [ [ [ 114.1378499, 22.2826344 ], [ 114.1382781, 22.2826205 ], [ 114.1382759, 22.2825914 ], [ 114.1382704, 22.2824071 ], [ 114.1382694, 22.2823918 ], [ 114.1378412, 22.2824057 ], [ 114.1378499, 22.2826344 ] ] ] } },
{ "type": "Feature", "properties": { "id": "182203620", "name": "研究生堂 Graduate House", "shop": "nan", "highway": "nan", "railway": "nan", "leisure": "nan", "landuse": "nan", "building": "university" }, "geometry": { "type": "Polygon", "coordinates": [ [ [ 114.1373775, 22.281896 ], [ 114.1373783, 22.2817992 ], [ 114.1373045, 22.281803 ], [ 114.1373015, 22.2817571 ], [ 114.1376593, 22.281741 ], [ 114.1376564, 22.2818498 ], [ 114.1375493, 22.2818861 ], [ 114.1375759, 22.2819662 ], [ 114.1375505, 22.2819772 ], [ 114.1375587, 22.2821726 ], [ 114.1373332, 22.2821832 ], [ 114.1373333, 22.2821283 ], [ 114.1373613, 22.2821284 ], [ 114.137359, 22.282029 ], [ 114.1373592, 22.2819507 ], [ 114.1372298, 22.2819946 ], [ 114.1372435, 22.2819404 ], [ 114.1373775, 22.281896 ] ] ] } },
{ "type": "Feature", "properties": { "id": "182203625", "name": "厲樹雄科學館 James Hsioung Lee Science Building", "shop": "nan", "highway": "nan", "railway": "nan", "leisure": "nan", "landuse": "nan", "building": "university" }, "geometry": { "type": "Polygon", "coordinates": [ [ [ 114.137311, 22.282658 ], [ 114.1372997, 22.282426 ], [ 114.1375878, 22.2824141 ], [ 114.137599, 22.282646 ], [ 114.137311, 22.282658 ] ] ] } },
{ "type": "Feature", "properties": { "id": "182203643", "name": "黃麗松講堂 Rayson Huang Theatre", "shop": "nan", "highway": "nan", "railway": "nan", "leisure": "nan", "landuse": "nan", "building": "university" }, "geometry": { "type": "Polygon", "coordinates": [ [ [ 114.1382759, 22.2825914 ], [ 114.1384568, 22.2825868 ], [ 114.1384513, 22.2824025 ], [ 114.1382704, 22.2824071 ], [ 114.1382759, 22.2825914 ] ] ] } },
{ "type": "Feature", "properties": { "id": "182203645", "name": "柏立基學院 Robert Black College", "shop": "nan", "highway": "nan", "railway": "nan", "leisure": "nan", "landuse": "nan", "building": "apartments" }, "geometry": { "type": "Polygon", "coordinates": [ [ [ 114.1384535, 22.2817418 ], [ 114.1384535, 22.2816748 ], [ 114.1387405, 22.28165 ], [ 114.1390973, 22.2816227 ], [ 114.1390973, 22.2816574 ], [ 114.1390946, 22.2816822 ], [ 114.1391804, 22.2816822 ], [ 114.1391884, 22.2816326 ], [ 114.1394808, 22.2816227 ], [ 114.1394808, 22.2816748 ], [ 114.1395693, 22.2816748 ], [ 114.1395623, 22.2818616 ], [ 114.1395228, 22.2818546 ], [ 114.139519, 22.2818936 ], [ 114.1391675, 22.2819036 ], [ 114.139167, 22.2818212 ], [ 114.1390704, 22.2818212 ], [ 114.1390704, 22.2818709 ], [ 114.1390356, 22.2818783 ], [ 114.1390356, 22.2819404 ], [ 114.1388854, 22.2819379 ], [ 114.1388854, 22.2818212 ], [ 114.1389363, 22.2818212 ], [ 114.1389363, 22.2817344 ], [ 114.1384535, 22.2817418 ] ] ] } },
{ "type": "Feature", "properties": { "id": "182203649", "name": "許愛周科學館 Hui Oi Chow Science Building", "shop": "nan", "highway": "nan", "railway": "nan", "leisure": "nan", "landuse": "nan", "building": "university" }, "geometry": { "type": "Polygon", "coordinates": [ [ [ 114.1375286, 22.2829267 ], [ 114.1375164, 22.2826995 ], [ 114.1379688, 22.2826788 ], [ 114.1379774, 22.2829086 ], [ 114.1375286, 22.2829267 ] ] ] } },
{ "type": "Feature", "properties": { "id": "182203652", "name": "莊月明文娛中心 Chong Yuet Ming Amenities Centre", "shop": "nan", "highway": "nan", "railway": "nan", "leisure": "nan", "landuse": "nan", "building": "university" }, "geometry": { "type": "Polygon", "coordinates": [ [ [ 114.1388352, 22.2827536 ], [ 114.1388336, 22.2826818 ], [ 114.1388666, 22.2826812 ], [ 114.1388913, 22.2826806 ], [ 114.1389788, 22.2826785 ], [ 114.1391403, 22.2826745 ], [ 114.139139, 22.2826311 ], [ 114.1392512, 22.2826284 ], [ 114.1394322, 22.282624 ], [ 114.1394368, 22.2827866 ], [ 114.1393336, 22.2827916 ], [ 114.1391476, 22.2827936 ], [ 114.1391463, 22.2827462 ], [ 114.1388739, 22.2827529 ], [ 114.1388352, 22.2827536 ] ] ] } },
{ "type": "Feature", "properties": { "id": "182208614", "name": "儀禮堂 Eliot Hall", "shop": "nan", "highway": "nan", "railway": "nan", "leisure": "nan", "landuse": "nan", "building": "apartments" }, "geometry": { "type": "Polygon", "coordinates": [ [ [ 114.1395813, 22.2825946 ], [ 114.1395886, 22.2825728 ], [ 114.1394774, 22.2825385 ], [ 114.1395113, 22.282446 ], [ 114.1394043, 22.2824085 ], [ 114.1394177, 22.2823613 ], [ 114.1395813, 22.2824159 ], [ 114.1395545, 22.282478 ], [ 114.1396162, 22.2824953 ], [ 114.1396216, 22.282473 ], [ 114.1397101, 22.2824978 ], [ 114.139702, 22.2825202 ], [ 114.139811, 22.2825545 ], [ 114.1399381, 22.2825946 ], [ 114.1399488, 22.2825723 ], [ 114.1400293, 22.2825946 ], [ 114.1399751, 22.282719 ], [ 114.1398891, 22.2826941 ], [ 114.1399036, 22.2826685 ], [ 114.1396787, 22.2826006 ], [ 114.1396699, 22.2826219 ], [ 114.1395813, 22.2825946 ] ] ] } },
{ "type": "Feature", "properties": { "id": "182208617", "name": "梅堂 May Hall", "shop": "nan", "highway": "nan", "railway": "nan", "leisure": "nan", "landuse": "nan", "building": "apartments" }, "geometry": { "type": "Polygon", "coordinates": [ [ [ 114.1396706, 22.2823747 ], [ 114.1396779, 22.2823528 ], [ 114.1395666, 22.2823185 ], [ 114.1396006, 22.2822259 ], [ 114.1394937, 22.2821885 ], [ 114.1395079, 22.2821385 ], [ 114.1396746, 22.2821942 ], [ 114.1396478, 22.2822562 ], [ 114.1397063, 22.2822726 ], [ 114.1397116, 22.2822503 ], [ 114.1398033, 22.282276 ], [ 114.1397952, 22.2822984 ], [ 114.1400284, 22.2823719 ], [ 114.1400391, 22.2823497 ], [ 114.1401226, 22.2823728 ], [ 114.1400672, 22.2824998 ], [ 114.1399781, 22.2824741 ], [ 114.1399926, 22.2824484 ], [ 114.1398639, 22.2824096 ], [ 114.1397708, 22.2823815 ], [ 114.139762, 22.2824028 ], [ 114.1396706, 22.2823747 ] ] ] } },
{ "type": "Feature", "properties": { "id": "182208619", "name": "莊月明化學樓 Chong Yuet Ming Chemistry Building", "shop": "nan", "highway": "nan", "railway": "nan", "leisure": "nan", "landuse": "nan", "building": "university" }, "geometry": { "type": "Polygon", "coordinates": [ [ [ 114.1398736, 22.2828912 ], [ 114.1402784, 22.2828764 ], [ 114.1402851, 22.2830341 ], [ 114.1398804, 22.2830489 ], [ 114.1398763, 22.2829539 ], [ 114.1398736, 22.2828912 ] ] ] } },
{ "type": "Feature", "properties": { "id": "182208628", "name": "莊月明物理樓 Chong Yuet Ming Physics Building", "shop": "nan", "highway": "nan", "railway": "nan", "leisure": "nan", "landuse": "nan", "building": "university" }, "geometry": { "type": "Polygon", "coordinates": [ [ [ 114.1396462, 22.2831406 ], [ 114.1398927, 22.2831305 ], [ 114.1398914, 22.2831029 ], [ 114.1398889, 22.28305 ], [ 114.1400466, 22.2830435 ], [ 114.140059, 22.2832999 ], [ 114.1396547, 22.2833165 ], [ 114.1396462, 22.2831406 ] ] ] } },
{ "type": "Feature", "properties": { "id": "182208630", "name": "徐展堂樓 T.T. Tsui Building", "shop": "nan", "highway": "nan", "railway": "nan", "leisure": "nan", "landuse": "nan", "building": "yes" }, "geometry": { "type": "Polygon", "coordinates": [ [ [ 114.139341, 22.2837834 ], [ 114.1393162, 22.283814 ], [ 114.1392686, 22.2838728 ], [ 114.139341, 22.2839075 ], [ 114.1393269, 22.2839317 ], [ 114.1393135, 22.2839193 ], [ 114.1392873, 22.2839869 ], [ 114.1393189, 22.2839888 ], [ 114.1393108, 22.2840186 ], [ 114.1393591, 22.2840322 ], [ 114.1394087, 22.2840462 ], [ 114.1394188, 22.2840192 ], [ 114.1394456, 22.2840217 ], [ 114.1394644, 22.2839695 ], [ 114.1394429, 22.2839547 ], [ 114.1394536, 22.2839398 ], [ 114.1395314, 22.2839373 ], [ 114.1395314, 22.2838231 ], [ 114.1394456, 22.2838306 ], [ 114.1394365, 22.2838276 ], [ 114.1394, 22.2838157 ], [ 114.139341, 22.2837834 ] ] ] } },
{ "type": "Feature", "properties": { "id": "182208638", "name": "太古樓 Swire Building", "shop": "nan", "highway": "nan", "railway": "nan", "leisure": "nan", "landuse": "nan", "building": "residential" }, "geometry": { "type": "Polygon", "coordinates": [ [ [ 114.1395951, 22.2836007 ], [ 114.1395911, 22.2835546 ], [ 114.1395897, 22.2835386 ], [ 114.1396171, 22.2835367 ], [ 114.1398354, 22.2835215 ], [ 114.1398437, 22.2835835 ], [ 114.1398124, 22.2835808 ], [ 114.1398204, 22.2836329 ], [ 114.139858, 22.2836329 ], [ 114.139858, 22.283695 ], [ 114.139861, 22.283793 ], [ 114.1398262, 22.2838201 ], [ 114.1398334, 22.2839309 ], [ 114.1396031, 22.2839506 ], [ 114.1395914, 22.2838391 ], [ 114.1395885, 22.2838119 ], [ 114.1395461, 22.2838129 ], [ 114.1395447, 22.283734 ], [ 114.1395946, 22.28373 ], [ 114.1395924, 22.2837128 ], [ 114.1395892, 22.283688 ], [ 114.1395545, 22.2836805 ], [ 114.1395492, 22.2836058 ], [ 114.1395951, 22.2836007 ] ] ] } },
{ "type": "Feature", "properties": { "id": "182208641", "name": "鄧志昂樓 Tang Chi Ngong Building", "shop": "nan", "highway": "nan", "railway": "nan", "leisure": "nan", "landuse": "nan", "building": "yes" }, "geometry": { "type": "Polygon", "coordinates": [ [ [ 114.1398657, 22.2836587 ], [ 114.139855, 22.2835203 ], [ 114.1398523, 22.2834849 ], [ 114.1399193, 22.28348 ], [ 114.1400527, 22.2834677 ], [ 114.1400711, 22.2836392 ], [ 114.1400239, 22.2836438 ], [ 114.1400266, 22.2836686 ], [ 114.139922, 22.283676 ], [ 114.139922, 22.2836537 ], [ 114.1398657, 22.2836587 ] ] ] } },
{ "type": "Feature", "properties": { "id": "182208644", "name": "馮平山樓 Fung Ping Shan Building", "shop": "nan", "highway": "nan", "railway": "nan", "leisure": "nan", "landuse": "nan", "building": "yes" }, "geometry": { "type": "Polygon", "coordinates": [ [ [ 114.1390787, 22.2836119 ], [ 114.1391066, 22.2836065 ], [ 114.1391415, 22.2836165 ], [ 114.1391683, 22.2836314 ], [ 114.1391844, 22.2836587 ], [ 114.1391978, 22.283681 ], [ 114.1392245, 22.283696 ], [ 114.139289, 22.2836984 ], [ 114.13926, 22.2837943 ], [ 114.1392537, 22.2838153 ], [ 114.1391066, 22.2837852 ], [ 114.1390234, 22.2837455 ], [ 114.1389258, 22.2836496 ], [ 114.1389956, 22.2835596 ], [ 114.1390787, 22.2836119 ] ] ] } },
{ "type": "Feature", "properties": { "id": "182213403", "name": "nan", "shop": "nan", "highway": "nan", "railway": "nan", "leisure": "nan", "landuse": "nan", "building": "school" }, "geometry": { "type": "Polygon", "coordinates": [ [ [ 114.1359364, 22.28397 ], [ 114.1358457, 22.2840008 ], [ 114.1357513, 22.2837622 ], [ 114.1361966, 22.2836114 ], [ 114.1362268, 22.2836879 ], [ 114.1361811, 22.2837034 ], [ 114.1361937, 22.2837352 ], [ 114.1361169, 22.2837612 ], [ 114.1361043, 22.2837294 ], [ 114.1358723, 22.283808 ], [ 114.1359364, 22.28397 ] ] ] } },
{ "type": "Feature", "properties": { "id": "182213411", "name": "nan", "shop": "nan", "highway": "nan", "railway": "nan", "leisure": "nan", "landuse": "nan", "building": "school" }, "geometry": { "type": "Polygon", "coordinates": [ [ [ 114.134317, 22.2849913 ], [ 114.1342832, 22.2848579 ], [ 114.1343734, 22.2848383 ], [ 114.1343826, 22.2848745 ], [ 114.1347671, 22.284791 ], [ 114.1347762, 22.2848267 ], [ 114.1348154, 22.2848182 ], [ 114.1348466, 22.2849413 ], [ 114.1347621, 22.2849596 ], [ 114.1347465, 22.2848981 ], [ 114.134317, 22.2849913 ] ] ] } },
{ "type": "Feature", "properties": { "id": "182213414", "name": "nan", "shop": "nan", "highway": "nan", "railway": "nan", "leisure": "nan", "landuse": "nan", "building": "school" }, "geometry": { "type": "Polygon", "coordinates": [ [ [ 114.1355829, 22.2841373 ], [ 114.1357363, 22.2841107 ], [ 114.1357314, 22.2840863 ], [ 114.1357969, 22.284075 ], [ 114.1358014, 22.2840971 ], [ 114.1358258, 22.2840929 ], [ 114.1358431, 22.2841778 ], [ 114.1356599, 22.2842096 ], [ 114.135688, 22.2843482 ], [ 114.1355347, 22.2843748 ], [ 114.1355183, 22.2843611 ], [ 114.1355123, 22.2843387 ], [ 114.135527, 22.2842994 ], [ 114.1355371, 22.2842947 ], [ 114.1355355, 22.2842811 ], [ 114.1355719, 22.2842732 ], [ 114.1355765, 22.2842886 ], [ 114.1356306, 22.2842783 ], [ 114.135618, 22.2842184 ], [ 114.1355723, 22.2842269 ], [ 114.1355598, 22.2841707 ], [ 114.1355829, 22.2841373 ] ] ] } },
{ "type": "Feature", "properties": { "id": "182213417", "name": "任白樓 Yam Pak Building", "shop": "nan", "highway": "nan", "railway": "nan", "leisure": "nan", "landuse": "nan", "building": "university" }, "geometry": { "type": "Polygon", "coordinates": [ [ [ 114.1353188, 22.28417 ], [ 114.1355086, 22.2839835 ], [ 114.1355782, 22.2840441 ], [ 114.1354398, 22.28418 ], [ 114.1354877, 22.2842218 ], [ 114.1354362, 22.2842724 ], [ 114.1353188, 22.28417 ] ] ] } },
{ "type": "Feature", "properties": { "id": "182298778", "name": "香港大學訪客中心 Visitor and Information Centre", "shop": "nan", "highway": "nan", "railway": "nan", "leisure": "nan", "landuse": "nan", "building": "university" }, "geometry": { "type": "Polygon", "coordinates": [ [ [ 114.1341107, 22.2838947 ], [ 114.1342675, 22.2838975 ], [ 114.1342658, 22.2839788 ], [ 114.134109, 22.283976 ], [ 114.1341107, 22.2838947 ] ] ] } },
{ "type": "Feature", "properties": { "id": "182298784", "name": "逸夫苑 Run Run Shaw Heritage House", "shop": "nan", "highway": "nan", "railway": "nan", "leisure": "nan", "landuse": "nan", "building": "university" }, "geometry": { "type": "Polygon", "coordinates": [ [ [ 114.1344133, 22.2838893 ], [ 114.1346548, 22.2838112 ], [ 114.134686, 22.2838873 ], [ 114.1345104, 22.2839489 ], [ 114.1344935, 22.2839076 ], [ 114.1344275, 22.283927 ], [ 114.1344133, 22.2838893 ] ] ] } },
{ "type": "Feature", "properties": { "id": "182301181", "name": "nan", "shop": "nan", "highway": "nan", "railway": "nan", "leisure": "nan", "landuse": "nan", "building": "apartments" }, "geometry": { "type": "Polygon", "coordinates": [ [ [ 114.1375991, 22.2853298 ], [ 114.1375336, 22.2853347 ], [ 114.1375379, 22.2853841 ], [ 114.1376039, 22.2853791 ], [ 114.1376052, 22.285394 ], [ 114.1375397, 22.2853989 ], [ 114.137544, 22.2854483 ], [ 114.13761, 22.2854433 ], [ 114.1376141, 22.285491 ], [ 114.1376654, 22.2854871 ], [ 114.1376613, 22.2854397 ], [ 114.1377218, 22.2854352 ], [ 114.1377175, 22.2853858 ], [ 114.1376565, 22.2853904 ], [ 114.1376552, 22.2853756 ], [ 114.1377157, 22.285371 ], [ 114.1377114, 22.2853217 ], [ 114.1376504, 22.2853262 ], [ 114.137647, 22.2852869 ], [ 114.1375957, 22.2852907 ], [ 114.1375991, 22.2853298 ] ] ] } },
{ "type": "Feature", "properties": { "id": "182301453", "name": "華明中心 Wah Ming Centre", "shop": "nan", "highway": "nan", "railway": "nan", "leisure": "nan", "landuse": "nan", "building": "commercial" }, "geometry": { "type": "Polygon", "coordinates": [ [ [ 114.1370853, 22.2865457 ], [ 114.1370156, 22.2865268 ], [ 114.1371441, 22.2861206 ], [ 114.137345, 22.286175 ], [ 114.1372164, 22.2865812 ], [ 114.1370853, 22.2865457 ] ] ] } },
{ "type": "Feature", "properties": { "id": "182301456", "name": "聖類斯中學 St. Louis School", "shop": "nan", "highway": "nan", "railway": "nan", "leisure": "nan", "landuse": "nan", "building": "school" }, "geometry": { "type": "Polygon", "coordinates": [ [ [ 114.1373567, 22.2858321 ], [ 114.1374725, 22.2858151 ], [ 114.1375943, 22.2859841 ], [ 114.1381549, 22.285926 ], [ 114.1382038, 22.2859621 ], [ 114.1382211, 22.2859996 ], [ 114.1382657, 22.2863147 ], [ 114.1382199, 22.2863197 ], [ 114.1382156, 22.2862905 ], [ 114.1381336, 22.2862976 ], [ 114.1381015, 22.2860623 ], [ 114.1380483, 22.2860347 ], [ 114.137541, 22.2860862 ], [ 114.1373567, 22.2858321 ] ] ] } },
{ "type": "Feature", "properties": { "id": "182329521", "name": "孫志新堂 Suen Chi Sun Hall", "shop": "nan", "highway": "nan", "railway": "nan", "leisure": "nan", "landuse": "nan", "building": "dormitory" }, "geometry": { "type": "Polygon", "coordinates": [ [ [ 114.1303832, 22.2801121 ], [ 114.130688, 22.2799981 ], [ 114.1307191, 22.2800692 ], [ 114.1306886, 22.2800806 ], [ 114.1306999, 22.2801065 ], [ 114.1306831, 22.2801128 ], [ 114.1304256, 22.2802091 ], [ 114.1303832, 22.2801121 ] ] ] } },
{ "type": "Feature", "properties": { "id": "182329536", "name": "李兆基堂 Lee Shau Kee Hall", "shop": "nan", "highway": "nan", "railway": "nan", "leisure": "nan", "landuse": "nan", "building": "dormitory" }, "geometry": { "type": "Polygon", "coordinates": [ [ [ 114.1307995, 22.2800665 ], [ 114.1307566, 22.2799644 ], [ 114.13104, 22.2798624 ], [ 114.1310829, 22.2799645 ], [ 114.1307995, 22.2800665 ] ] ] } },
{ "type": "Feature", "properties": { "id": "182329540", "name": "馬禮遜堂 Morrison Hall", "shop": "nan", "highway": "nan", "railway": "nan", "leisure": "nan", "landuse": "nan", "building": "dormitory" }, "geometry": { "type": "Polygon", "coordinates": [ [ [ 114.1306032, 22.280266 ], [ 114.1306786, 22.2804637 ], [ 114.1307104, 22.2804533 ], [ 114.1307305, 22.2805059 ], [ 114.1305829, 22.2805541 ], [ 114.1304874, 22.2803038 ], [ 114.1306032, 22.280266 ] ] ] } },
{ "type": "Feature", "properties": { "id": "182467442", "name": "新安大樓 Sun On Building", "shop": "nan", "highway": "nan", "railway": "nan", "leisure": "nan", "landuse": "nan", "building": "apartments" }, "geometry": { "type": "Polygon", "coordinates": [ [ [ 114.1352259, 22.2857614 ], [ 114.1352865, 22.2859934 ], [ 114.1353328, 22.2859827 ], [ 114.1353149, 22.2859142 ], [ 114.1353278, 22.2859113 ], [ 114.1353456, 22.2859798 ], [ 114.1354369, 22.2859587 ], [ 114.1354304, 22.2859338 ], [ 114.1355183, 22.2859136 ], [ 114.1355065, 22.285868 ], [ 114.1355258, 22.2858637 ], [ 114.1355375, 22.2859091 ], [ 114.1356187, 22.2858904 ], [ 114.1355714, 22.2857093 ], [ 114.1354905, 22.2857274 ], [ 114.1355023, 22.2857728 ], [ 114.1354829, 22.285777 ], [ 114.1354712, 22.2857314 ], [ 114.1354006, 22.2857472 ], [ 114.1354283, 22.2858533 ], [ 114.1353596, 22.2858687 ], [ 114.1353306, 22.2857573 ], [ 114.1353862, 22.2857449 ], [ 114.135378, 22.2857144 ], [ 114.1353602, 22.2856482 ], [ 114.1352654, 22.2857281 ], [ 114.1352714, 22.2857512 ], [ 114.1352259, 22.2857614 ] ] ] } },
{ "type": "Feature", "properties": { "id": "182467444", "name": "永興樓 Wing Hing House", "shop": "nan", "highway": "nan", "railway": "nan", "leisure": "nan", "landuse": "nan", "building": "apartments" }, "geometry": { "type": "Polygon", "coordinates": [ [ [ 114.1356741, 22.2859039 ], [ 114.1356263, 22.2857258 ], [ 114.1357107, 22.2857065 ], [ 114.1357395, 22.2858142 ], [ 114.1357676, 22.2858077 ], [ 114.1357388, 22.2857002 ], [ 114.1358239, 22.2856807 ], [ 114.1358716, 22.2858586 ], [ 114.1356741, 22.2859039 ] ] ] } },
{ "type": "Feature", "properties": { "id": "182467447", "name": "金陵大廈 Kam Ling Court", "shop": "nan", "highway": "nan", "railway": "nan", "leisure": "nan", "landuse": "nan", "building": "apartments" }, "geometry": { "type": "Polygon", "coordinates": [ [ [ 114.1358907, 22.2864022 ], [ 114.1358538, 22.2862638 ], [ 114.1360994, 22.2862077 ], [ 114.1361363, 22.2863461 ], [ 114.1358907, 22.2864022 ] ] ] } },
{ "type": "Feature", "properties": { "id": "182467448", "name": "nan", "shop": "nan", "highway": "nan", "railway": "nan", "leisure": "nan", "landuse": "nan", "building": "apartments" }, "geometry": { "type": "Polygon", "coordinates": [ [ [ 114.1364303, 22.2861321 ], [ 114.1364168, 22.2861734 ], [ 114.1363843, 22.2861642 ], [ 114.1363585, 22.286243 ], [ 114.1363911, 22.2862521 ], [ 114.1363854, 22.2862695 ], [ 114.1363528, 22.2862604 ], [ 114.1363271, 22.2863392 ], [ 114.1363596, 22.2863483 ], [ 114.1363539, 22.2863657 ], [ 114.1363214, 22.2863566 ], [ 114.136309, 22.2863945 ], [ 114.1365169, 22.2864527 ], [ 114.1365293, 22.2864148 ], [ 114.1364968, 22.2864057 ], [ 114.1365025, 22.2863883 ], [ 114.136535, 22.2863974 ], [ 114.1365607, 22.2863186 ], [ 114.1365282, 22.2863095 ], [ 114.1365339, 22.2862921 ], [ 114.1365664, 22.2863012 ], [ 114.1365922, 22.2862225 ], [ 114.1365597, 22.2862134 ], [ 114.1365654, 22.286196 ], [ 114.1365979, 22.2862051 ], [ 114.1366173, 22.2861457 ], [ 114.1365556, 22.2861284 ], [ 114.1365066, 22.2861147 ], [ 114.1364303, 22.2861321 ] ] ] } },
{ "type": "Feature", "properties": { "id": "182467452", "name": "第2座 Tower 2", "shop": "nan", "highway": "nan", "railway": "nan", "leisure": "nan", "landuse": "nan", "building": "apartments" }, "geometry": { "type": "Polygon", "coordinates": [ [ [ 114.1364875, 22.2873551 ], [ 114.1365383, 22.287208 ], [ 114.1364885, 22.2871933 ], [ 114.1364765, 22.2872279 ], [ 114.1364265, 22.2872131 ], [ 114.1364002, 22.2872891 ], [ 114.1364505, 22.287304 ], [ 114.1364379, 22.2873404 ], [ 114.1364875, 22.2873551 ] ] ] } },
{ "type": "Feature", "properties": { "id": "182467455", "name": "太平洋廣場 Pacific Plaza", "shop": "nan", "highway": "nan", "railway": "nan", "leisure": "nan", "landuse": "nan", "building": "commercial" }, "geometry": { "type": "Polygon", "coordinates": [ [ [ 114.1354925, 22.2867178 ], [ 114.1358143, 22.2866409 ], [ 114.1357854, 22.2865373 ], [ 114.1358617, 22.2865191 ], [ 114.135848, 22.2864698 ], [ 114.1357717, 22.286488 ], [ 114.1354499, 22.2865649 ], [ 114.1354925, 22.2867178 ] ] ] } },
{ "type": "Feature", "properties": { "id": "182467458", "name": "nan", "shop": "nan", "highway": "nan", "railway": "nan", "leisure": "nan", "landuse": "nan", "building": "apartments" }, "geometry": { "type": "Polygon", "coordinates": [ [ [ 114.1366197, 22.2870461 ], [ 114.1366927, 22.2870676 ], [ 114.1367118, 22.2870122 ], [ 114.1367619, 22.2870269 ], [ 114.1367442, 22.2870783 ], [ 114.1369257, 22.2871318 ], [ 114.1369439, 22.2870788 ], [ 114.1370016, 22.2870958 ], [ 114.1369813, 22.2871548 ], [ 114.1370585, 22.2871775 ], [ 114.1370395, 22.2872327 ], [ 114.1366001, 22.2871032 ], [ 114.1366197, 22.2870461 ] ] ] } },
{ "type": "Feature", "properties": { "id": "182467466", "name": "富賢閣 Fu Yin Court", "shop": "nan", "highway": "nan", "railway": "nan", "leisure": "nan", "landuse": "nan", "building": "apartments" }, "geometry": { "type": "Polygon", "coordinates": [ [ [ 114.1358117, 22.2855775 ], [ 114.135782, 22.2854667 ], [ 114.1356941, 22.285487 ], [ 114.1357027, 22.2855191 ], [ 114.1357174, 22.2855735 ], [ 114.1357239, 22.2855977 ], [ 114.1357492, 22.2855918 ], [ 114.1357967, 22.2855809 ], [ 114.1358117, 22.2855775 ] ] ] } },
{ "type": "Feature", "properties": { "id": "182467472", "name": "nan", "shop": "nan", "highway": "nan", "railway": "nan", "leisure": "nan", "landuse": "nan", "building": "apartments" }, "geometry": { "type": "Polygon", "coordinates": [ [ [ 114.1363051, 22.2868858 ], [ 114.1362996, 22.2869018 ], [ 114.1362753, 22.2868946 ], [ 114.1362688, 22.2869132 ], [ 114.1362548, 22.286909 ], [ 114.1362612, 22.2868906 ], [ 114.1362353, 22.2868829 ], [ 114.1362405, 22.2868678 ], [ 114.1362154, 22.2868604 ], [ 114.1361944, 22.2869212 ], [ 114.1361445, 22.2869064 ], [ 114.1361379, 22.2869255 ], [ 114.1361248, 22.2869216 ], [ 114.1361164, 22.2869459 ], [ 114.1363705, 22.2870212 ], [ 114.1363786, 22.2869976 ], [ 114.1363643, 22.2869934 ], [ 114.1363717, 22.2869719 ], [ 114.1363119, 22.2869542 ], [ 114.1363328, 22.286894 ], [ 114.1363051, 22.2868858 ] ] ] } },
{ "type": "Feature", "properties": { "id": "182467474", "name": "第1座 Tower 1", "shop": "nan", "highway": "nan", "railway": "nan", "leisure": "nan", "landuse": "nan", "building": "apartments" }, "geometry": { "type": "Polygon", "coordinates": [ [ [ 114.1365612, 22.287132 ], [ 114.136612, 22.286985 ], [ 114.1365622, 22.2869702 ], [ 114.1365502, 22.2870048 ], [ 114.1365002, 22.28699 ], [ 114.1364739, 22.2870661 ], [ 114.1365242, 22.2870809 ], [ 114.1365116, 22.2871174 ], [ 114.1365612, 22.287132 ] ] ] } },
{ "type": "Feature", "properties": { "id": "182467477", "name": "得富大樓 Des Voeux Road West Building", "shop": "nan", "highway": "nan", "railway": "nan", "leisure": "nan", "landuse": "nan", "building": "apartments" }, "geometry": { "type": "Polygon", "coordinates": [ [ [ 114.1359464, 22.2866089 ], [ 114.1360549, 22.2865834 ], [ 114.1364827, 22.2867032 ], [ 114.1365461, 22.2865092 ], [ 114.1361497, 22.2863982 ], [ 114.1359044, 22.2864558 ], [ 114.1359464, 22.2866089 ] ] ] } },
{ "type": "Feature", "properties": { "id": "182467479", "name": "長發大廈 Cheung Fat Building", "shop": "nan", "highway": "nan", "railway": "nan", "leisure": "nan", "landuse": "nan", "building": "industrial" }, "geometry": { "type": "Polygon", "coordinates": [ [ [ 114.1354418, 22.286536 ], [ 114.1353761, 22.2863003 ], [ 114.1354127, 22.2862916 ], [ 114.1356709, 22.2862299 ], [ 114.1357831, 22.2862031 ], [ 114.1358453, 22.2864259 ], [ 114.1358489, 22.2864388 ], [ 114.1357366, 22.2864656 ], [ 114.1354785, 22.2865273 ], [ 114.1354418, 22.286536 ] ] ] } },
{ "type": "Feature", "properties": { "id": "182467481", "name": "恒隆銀行西區分行大廈 Hang Lung Bank Western Branch Building", "shop": "nan", "highway": "nan", "railway": "nan", "leisure": "nan", "landuse": "nan", "building": "commercial" }, "geometry": { "type": "Polygon", "coordinates": [ [ [ 114.1353743, 22.2862787 ], [ 114.1353612, 22.2862308 ], [ 114.1353322, 22.2861241 ], [ 114.1354868, 22.286088 ], [ 114.1355154, 22.2861932 ], [ 114.1355289, 22.2862426 ], [ 114.1353743, 22.2862787 ] ] ] } },
{ "type": "Feature", "properties": { "id": "182467493", "name": "兆禧閣 Graceful Court", "shop": "nan", "highway": "nan", "railway": "nan", "leisure": "nan", "landuse": "nan", "building": "apartments" }, "geometry": { "type": "Polygon", "coordinates": [ [ [ 114.1356249, 22.285595 ], [ 114.1356767, 22.285583 ], [ 114.1356648, 22.2855388 ], [ 114.135613, 22.2855507 ], [ 114.1356071, 22.2855289 ], [ 114.1355445, 22.2855433 ], [ 114.1355504, 22.2855651 ], [ 114.1354986, 22.2855771 ], [ 114.1355105, 22.2856213 ], [ 114.1355623, 22.2856094 ], [ 114.1355681, 22.2856312 ], [ 114.1356307, 22.2856168 ], [ 114.1356249, 22.285595 ] ] ] } },
{ "type": "Feature", "properties": { "id": "182467494", "name": "生昌大廈 Sang Cheong Building", "shop": "nan", "highway": "nan", "railway": "nan", "leisure": "nan", "landuse": "nan", "building": "apartments" }, "geometry": { "type": "Polygon", "coordinates": [ [ [ 114.1355415, 22.2862295 ], [ 114.1355058, 22.2860859 ], [ 114.1357625, 22.286025 ], [ 114.1357982, 22.2861647 ], [ 114.1355415, 22.2862295 ] ] ] } },
{ "type": "Feature", "properties": { "id": "182467499", "name": "長發大廈 Cheung Fat Building", "shop": "nan", "highway": "nan", "railway": "nan", "leisure": "nan", "landuse": "nan", "building": "industrial" }, "geometry": { "type": "Polygon", "coordinates": [ [ [ 114.1354785, 22.2865273 ], [ 114.1354127, 22.2862916 ], [ 114.1356709, 22.2862299 ], [ 114.1357366, 22.2864656 ], [ 114.1354785, 22.2865273 ] ] ] } },
{ "type": "Feature", "properties": { "id": "182467501", "name": "永華大廈 Wing Wah Mansion", "shop": "nan", "highway": "nan", "railway": "nan", "leisure": "nan", "landuse": "nan", "building": "apartments" }, "geometry": { "type": "Polygon", "coordinates": [ [ [ 114.1358447, 22.2862095 ], [ 114.1358875, 22.2861996 ], [ 114.1358793, 22.2861691 ], [ 114.1358932, 22.2861659 ], [ 114.1359014, 22.2861964 ], [ 114.1359883, 22.2861764 ], [ 114.13598, 22.2861459 ], [ 114.1359939, 22.2861427 ], [ 114.1360021, 22.2861732 ], [ 114.136089, 22.2861531 ], [ 114.1360808, 22.2861226 ], [ 114.1360946, 22.2861194 ], [ 114.1361029, 22.2861499 ], [ 114.1361897, 22.2861299 ], [ 114.1361815, 22.2860994 ], [ 114.1361954, 22.2860962 ], [ 114.1362036, 22.2861267 ], [ 114.1362904, 22.2861067 ], [ 114.1362822, 22.2860762 ], [ 114.1362961, 22.286073 ], [ 114.1363043, 22.2861035 ], [ 114.1363912, 22.2860834 ], [ 114.1363829, 22.2860529 ], [ 114.1363968, 22.2860497 ], [ 114.136405, 22.2860802 ], [ 114.1364919, 22.2860602 ], [ 114.1364837, 22.2860297 ], [ 114.1364976, 22.2860265 ], [ 114.1365058, 22.286057 ], [ 114.1365926, 22.286037 ], [ 114.1365844, 22.2860065 ], [ 114.1365983, 22.2860033 ], [ 114.1366065, 22.2860338 ], [ 114.1366499, 22.2860237 ], [ 114.1366934, 22.2860137 ], [ 114.1366852, 22.2859832 ], [ 114.1367058, 22.2859785 ], [ 114.1366978, 22.2859474 ], [ 114.1367184, 22.2859429 ], [ 114.136744, 22.2858701 ], [ 114.1367187, 22.2858757 ], [ 114.1367154, 22.285863 ], [ 114.1367492, 22.2858555 ], [ 114.1367631, 22.2858161 ], [ 114.1367327, 22.2858127 ], [ 114.136702, 22.2858126 ], [ 114.1366716, 22.2858159 ], [ 114.1366558, 22.2858194 ], [ 114.1366637, 22.2858501 ], [ 114.1366498, 22.2858533 ], [ 114.1366418, 22.2858224 ], [ 114.1365984, 22.2858325 ], [ 114.136555, 22.2858425 ], [ 114.1365633, 22.2858732 ], [ 114.1365494, 22.2858764 ], [ 114.1365411, 22.2858457 ], [ 114.1364543, 22.2858657 ], [ 114.1364625, 22.2858964 ], [ 114.1364486, 22.2858996 ], [ 114.1364404, 22.2858689 ], [ 114.1363535, 22.2858889 ], [ 114.1363618, 22.2859196 ], [ 114.1363479, 22.2859228 ], [ 114.1363396, 22.2858921 ], [ 114.1362528, 22.2859121 ], [ 114.136261, 22.2859428 ], [ 114.1362472, 22.285946 ], [ 114.1362389, 22.2859153 ], [ 114.1361521, 22.2859354 ], [ 114.1361603, 22.285966 ], [ 114.1361464, 22.2859692 ], [ 114.1361382, 22.2859386 ], [ 114.1360513, 22.2859586 ], [ 114.1360596, 22.2859892 ], [ 114.1360457, 22.2859924 ], [ 114.1360375, 22.2859618 ], [ 114.1359506, 22.2859818 ], [ 114.1359588, 22.2860124 ], [ 114.1359449, 22.2860156 ], [ 114.1359367, 22.285985 ], [ 114.1358499, 22.2860051 ], [ 114.1358581, 22.2860356 ], [ 114.1358442, 22.2860388 ], [ 114.135836, 22.2860083 ], [ 114.1357932, 22.2860181 ], [ 114.1358166, 22.2861049 ], [ 114.1358288, 22.2861021 ], [ 114.1358336, 22.2861199 ], [ 114.1358214, 22.2861227 ], [ 114.1358447, 22.2862095 ] ] ] } },
{ "type": "Feature", "properties": { "id": "182534738", "name": "nan", "shop": "nan", "highway": "nan", "railway": "nan", "leisure": "nan", "landuse": "nan", "building": "apartments" }, "geometry": { "type": "Polygon", "coordinates": [ [ [ 114.1402154, 22.284922 ], [ 114.1402163, 22.2849623 ], [ 114.1402187, 22.285069 ], [ 114.1404466, 22.2850644 ], [ 114.1404433, 22.2849173 ], [ 114.1402154, 22.284922 ] ] ] } },
{ "type": "Feature", "properties": { "id": "182534741", "name": "基督教香港崇真會救恩堂 Tsung Tsin Mission of HK Kau Yan Church", "shop": "nan", "highway": "nan", "railway": "nan", "leisure": "nan", "landuse": "nan", "building": "church" }, "geometry": { "type": "Polygon", "coordinates": [ [ [ 114.1407795, 22.2853591 ], [ 114.1407933, 22.2853496 ], [ 114.1408265, 22.2853487 ], [ 114.1408576, 22.285348 ], [ 114.1408868, 22.2853468 ], [ 114.1409162, 22.2853459 ], [ 114.1409257, 22.2853506 ], [ 114.1409342, 22.2853549 ], [ 114.1409353, 22.2853798 ], [ 114.140925, 22.285389 ], [ 114.140931, 22.2855558 ], [ 114.1409439, 22.285566 ], [ 114.1409447, 22.2855783 ], [ 114.1409457, 22.2855944 ], [ 114.1409335, 22.2856062 ], [ 114.1408917, 22.2856075 ], [ 114.1408917, 22.2856162 ], [ 114.1408415, 22.2856179 ], [ 114.1408414, 22.2856088 ], [ 114.1408054, 22.2856098 ], [ 114.1407886, 22.2855984 ], [ 114.1407873, 22.2855701 ], [ 114.1407994, 22.2855618 ], [ 114.1407925, 22.2853916 ], [ 114.1407805, 22.2853832 ], [ 114.1407795, 22.2853591 ] ] ] } },
{ "type": "Feature", "properties": { "id": "182534750", "name": "救恩學校 Kau Yan School", "shop": "nan", "highway": "nan", "railway": "nan", "leisure": "nan", "landuse": "nan", "building": "school" }, "geometry": { "type": "Polygon", "coordinates": [ [ [ 114.1411757, 22.2852425 ], [ 114.1411791, 22.2853277 ], [ 114.1411809, 22.2853743 ], [ 114.1411814, 22.2853875 ], [ 114.1411671, 22.2853879 ], [ 114.1411742, 22.2855637 ], [ 114.141188, 22.2855631 ], [ 114.1411913, 22.2856501 ], [ 114.1411546, 22.2856513 ], [ 114.1410272, 22.2856554 ], [ 114.1409601, 22.2856575 ], [ 114.140957, 22.2855777 ], [ 114.1410641, 22.2855743 ], [ 114.1410558, 22.2853645 ], [ 114.1409956, 22.2853665 ], [ 114.1409472, 22.2853248 ], [ 114.1409454, 22.2852505 ], [ 114.1410605, 22.2852465 ], [ 114.1411757, 22.2852425 ] ] ] } },
{ "type": "Feature", "properties": { "id": "183005004", "name": "nan", "shop": "nan", "highway": "nan", "railway": "nan", "leisure": "nan", "landuse": "nan", "building": "apartments" }, "geometry": { "type": "Polygon", "coordinates": [ [ [ 114.1348272, 22.2860327 ], [ 114.1347957, 22.2859007 ], [ 114.1350819, 22.2858422 ], [ 114.1351134, 22.2859742 ], [ 114.1348272, 22.2860327 ] ] ] } },
{ "type": "Feature", "properties": { "id": "183005009", "name": "第2座 Block 2", "shop": "nan", "highway": "nan", "railway": "nan", "leisure": "nan", "landuse": "nan", "building": "apartments" }, "geometry": { "type": "Polygon", "coordinates": [ [ [ 114.134416, 22.2863682 ], [ 114.1343773, 22.2863776 ], [ 114.1343887, 22.2864175 ], [ 114.1343356, 22.2864304 ], [ 114.1343415, 22.2864514 ], [ 114.1343281, 22.2864546 ], [ 114.1343391, 22.286493 ], [ 114.134404, 22.2864771 ], [ 114.1344069, 22.2864872 ], [ 114.1345004, 22.2864644 ], [ 114.1344977, 22.2864549 ], [ 114.1345612, 22.2864394 ], [ 114.1345504, 22.2864018 ], [ 114.1345374, 22.2864049 ], [ 114.1345312, 22.2863829 ], [ 114.1344817, 22.286395 ], [ 114.1344702, 22.2863549 ], [ 114.1344263, 22.2863656 ], [ 114.1344374, 22.2864045 ], [ 114.1344271, 22.286407 ], [ 114.134416, 22.2863682 ] ] ] } },
{ "type": "Feature", "properties": { "id": "183005010", "name": "第1座 Block 1", "shop": "nan", "highway": "nan", "railway": "nan", "leisure": "nan", "landuse": "nan", "building": "apartments" }, "geometry": { "type": "Polygon", "coordinates": [ [ [ 114.1347207, 22.2862946 ], [ 114.1346819, 22.2863041 ], [ 114.1346933, 22.2863439 ], [ 114.1346402, 22.2863569 ], [ 114.1346462, 22.2863778 ], [ 114.1346328, 22.2863811 ], [ 114.1346437, 22.2864194 ], [ 114.1347087, 22.2864036 ], [ 114.1347115, 22.2864137 ], [ 114.134805, 22.2863908 ], [ 114.1348023, 22.2863814 ], [ 114.1348658, 22.2863659 ], [ 114.134855, 22.2863282 ], [ 114.134842, 22.2863314 ], [ 114.1348358, 22.2863094 ], [ 114.1347863, 22.2863215 ], [ 114.1347748, 22.2862814 ], [ 114.1347309, 22.2862921 ], [ 114.134742, 22.286331 ], [ 114.1347318, 22.2863335 ], [ 114.1347207, 22.2862946 ] ] ] } },
{ "type": "Feature", "properties": { "id": "183005012", "name": "nan", "shop": "nan", "highway": "nan", "railway": "nan", "leisure": "nan", "landuse": "nan", "building": "apartments" }, "geometry": { "type": "Polygon", "coordinates": [ [ [ 114.1349038, 22.2862665 ], [ 114.1348928, 22.2862259 ], [ 114.1349841, 22.2862047 ], [ 114.1351621, 22.2861625 ], [ 114.1351931, 22.2862743 ], [ 114.1352233, 22.2862672 ], [ 114.1353263, 22.2866423 ], [ 114.1352968, 22.2866492 ], [ 114.135333, 22.2867803 ], [ 114.1351254, 22.2868295 ], [ 114.1350597, 22.2868447 ], [ 114.1350427, 22.2867855 ], [ 114.1350042, 22.2866464 ], [ 114.1350773, 22.2866291 ], [ 114.1350208, 22.2864249 ], [ 114.1349521, 22.2864411 ], [ 114.1349038, 22.2862665 ] ] ] } },
{ "type": "Feature", "properties": { "id": "183006221", "name": "nan", "shop": "nan", "highway": "nan", "railway": "nan", "leisure": "nan", "landuse": "nan", "building": "apartments" }, "geometry": { "type": "Polygon", "coordinates": [ [ [ 114.1408578, 22.2851664 ], [ 114.1408316, 22.2851672 ], [ 114.140735, 22.2851701 ], [ 114.14073, 22.2850268 ], [ 114.1407428, 22.2850264 ], [ 114.1407424, 22.2850154 ], [ 114.1407981, 22.2850137 ], [ 114.1407987, 22.2850321 ], [ 114.1408531, 22.2850305 ], [ 114.1408563, 22.2851245 ], [ 114.1408578, 22.2851664 ] ] ] } },
{ "type": "Feature", "properties": { "id": "183152341", "name": "nan", "shop": "nan", "highway": "nan", "railway": "nan", "leisure": "nan", "landuse": "nan", "building": "apartments" }, "geometry": { "type": "Polygon", "coordinates": [ [ [ 114.1365625, 22.2843235 ], [ 114.1365863, 22.2844209 ], [ 114.1365982, 22.2844184 ], [ 114.1366075, 22.2844564 ], [ 114.1366644, 22.2844445 ], [ 114.1366551, 22.2844065 ], [ 114.1366669, 22.284404 ], [ 114.1366511, 22.2843394 ], [ 114.136622, 22.2843323 ], [ 114.1365924, 22.2843269 ], [ 114.1365625, 22.2843235 ] ] ] } },
{ "type": "Feature", "properties": { "id": "183152342", "name": "仁愛苑 Yen Oi Garden", "shop": "nan", "highway": "nan", "railway": "nan", "leisure": "nan", "landuse": "nan", "building": "apartments" }, "geometry": { "type": "Polygon", "coordinates": [ [ [ 114.1362427, 22.2847431 ], [ 114.1362134, 22.284623 ], [ 114.1361482, 22.2846366 ], [ 114.1361776, 22.2847567 ], [ 114.1362427, 22.2847431 ] ] ] } },
{ "type": "Feature", "properties": { "id": "183152345", "name": "海光大廈 Hai Kwong Mansion", "shop": "nan", "highway": "nan", "railway": "nan", "leisure": "nan", "landuse": "nan", "building": "apartments" }, "geometry": { "type": "Polygon", "coordinates": [ [ [ 114.1362349, 22.2844412 ], [ 114.1362083, 22.2844467 ], [ 114.1362143, 22.2844714 ], [ 114.1362009, 22.2844742 ], [ 114.1361907, 22.2844892 ], [ 114.1361937, 22.2845016 ], [ 114.1361842, 22.2845035 ], [ 114.13619, 22.2845271 ], [ 114.1363685, 22.2844897 ], [ 114.1363628, 22.2844662 ], [ 114.1363533, 22.2844682 ], [ 114.1363503, 22.2844558 ], [ 114.1363341, 22.2844463 ], [ 114.1363207, 22.2844491 ], [ 114.1363147, 22.2844245 ], [ 114.1362881, 22.2844301 ], [ 114.1362851, 22.2844177 ], [ 114.1362688, 22.2844082 ], [ 114.1362555, 22.284411 ], [ 114.1362492, 22.2843855 ], [ 114.1362226, 22.2843911 ], [ 114.1362349, 22.2844412 ] ] ] } },
{ "type": "Feature", "properties": { "id": "183152346", "name": "寶瑜閣 Bowie Court", "shop": "nan", "highway": "nan", "railway": "nan", "leisure": "nan", "landuse": "nan", "building": "apartments" }, "geometry": { "type": "Polygon", "coordinates": [ [ [ 114.1364736, 22.2839115 ], [ 114.1364603, 22.2839156 ], [ 114.1364366, 22.2838497 ], [ 114.1364213, 22.2838544 ], [ 114.1364106, 22.2838247 ], [ 114.1364894, 22.2838005 ], [ 114.1365237, 22.2838962 ], [ 114.1364736, 22.2839115 ] ] ] } },
{ "type": "Feature", "properties": { "id": "183152348", "name": "昌運大廈 Cheong Wan Mansion", "shop": "nan", "highway": "nan", "railway": "nan", "leisure": "nan", "landuse": "nan", "building": "apartments" }, "geometry": { "type": "Polygon", "coordinates": [ [ [ 114.1360853, 22.2846149 ], [ 114.1359409, 22.2846451 ], [ 114.1359237, 22.2845073 ], [ 114.1360524, 22.2844803 ], [ 114.1360853, 22.2846149 ] ] ] } },
{ "type": "Feature", "properties": { "id": "183152349", "name": "翠安閣 Tsui On Court", "shop": "nan", "highway": "nan", "railway": "nan", "leisure": "nan", "landuse": "nan", "building": "apartments" }, "geometry": { "type": "Polygon", "coordinates": [ [ [ 114.1366616, 22.2841579 ], [ 114.1366813, 22.2841518 ], [ 114.1366727, 22.2841279 ], [ 114.136653, 22.2841339 ], [ 114.136637, 22.2840892 ], [ 114.1365972, 22.2841014 ], [ 114.1366056, 22.2841248 ], [ 114.1365815, 22.2841322 ], [ 114.1365853, 22.2841429 ], [ 114.1365718, 22.284147 ], [ 114.136588, 22.2841923 ], [ 114.1366015, 22.2841881 ], [ 114.1366053, 22.2841988 ], [ 114.1366295, 22.2841914 ], [ 114.1366379, 22.2842148 ], [ 114.1366776, 22.2842026 ], [ 114.1366616, 22.2841579 ] ] ] } },
{ "type": "Feature", "properties": { "id": "183152351", "name": "俊威閣 Charmview Court", "shop": "nan", "highway": "nan", "railway": "nan", "leisure": "nan", "landuse": "nan", "building": "apartments" }, "geometry": { "type": "Polygon", "coordinates": [ [ [ 114.136588, 22.2840758 ], [ 114.1366103, 22.284069 ], [ 114.1365894, 22.2840106 ], [ 114.1365671, 22.2840174 ], [ 114.136558, 22.2839919 ], [ 114.1365079, 22.2840072 ], [ 114.1365231, 22.2840499 ], [ 114.1365084, 22.2840544 ], [ 114.1365171, 22.2840786 ], [ 114.1365318, 22.2840741 ], [ 114.1365471, 22.2841168 ], [ 114.1365972, 22.2841014 ], [ 114.136588, 22.2840758 ] ] ] } },
{ "type": "Feature", "properties": { "id": "183152352", "name": "凱澄軒 Rose Villas", "shop": "nan", "highway": "nan", "railway": "nan", "leisure": "nan", "landuse": "nan", "building": "apartments" }, "geometry": { "type": "Polygon", "coordinates": [ [ [ 114.1364894, 22.2838005 ], [ 114.1364106, 22.2838247 ], [ 114.1363908, 22.2837691 ], [ 114.1364439, 22.2837358 ], [ 114.13642, 22.2837031 ], [ 114.1364577, 22.2836458 ], [ 114.136484, 22.2836774 ], [ 114.136506, 22.2837117 ], [ 114.1365237, 22.283748 ], [ 114.1365366, 22.283786 ], [ 114.1364894, 22.2838005 ] ] ] } },
{ "type": "Feature", "properties": { "id": "183152353", "name": "富山苑 Fortune Villa", "shop": "nan", "highway": "nan", "railway": "nan", "leisure": "nan", "landuse": "nan", "building": "apartments" }, "geometry": { "type": "Polygon", "coordinates": [ [ [ 114.1361002, 22.2844449 ], [ 114.1360968, 22.2844309 ], [ 114.136158, 22.2844181 ], [ 114.1361455, 22.284367 ], [ 114.1360807, 22.2843805 ], [ 114.1360708, 22.2843401 ], [ 114.1360171, 22.2843513 ], [ 114.1360269, 22.2843918 ], [ 114.1359621, 22.2844053 ], [ 114.1359746, 22.2844565 ], [ 114.1360358, 22.2844437 ], [ 114.1360392, 22.2844577 ], [ 114.1361002, 22.2844449 ] ] ] } },
{ "type": "Feature", "properties": { "id": "183152355", "name": "nan", "shop": "nan", "highway": "nan", "railway": "nan", "leisure": "nan", "landuse": "nan", "building": "apartments" }, "geometry": { "type": "Polygon", "coordinates": [ [ [ 114.1366966, 22.2844076 ], [ 114.1367293, 22.2844223 ], [ 114.1367165, 22.2844469 ], [ 114.1367587, 22.2844657 ], [ 114.1367715, 22.2844412 ], [ 114.1368043, 22.2844558 ], [ 114.1368156, 22.2844343 ], [ 114.1368418, 22.284446 ], [ 114.1368544, 22.2844219 ], [ 114.1368166, 22.2844 ], [ 114.1367771, 22.2843807 ], [ 114.1367363, 22.284364 ], [ 114.1366942, 22.2843502 ], [ 114.1366816, 22.2843743 ], [ 114.1367078, 22.284386 ], [ 114.1366966, 22.2844076 ] ] ] } },
{ "type": "Feature", "properties": { "id": "183152357", "name": "家鳳樓 Kai Fung Building", "shop": "nan", "highway": "nan", "railway": "nan", "leisure": "nan", "landuse": "nan", "building": "apartments" }, "geometry": { "type": "Polygon", "coordinates": [ [ [ 114.1363383, 22.2842059 ], [ 114.136338, 22.284199 ], [ 114.1363306, 22.2840151 ], [ 114.1363963, 22.2840129 ], [ 114.136464, 22.2842016 ], [ 114.1364025, 22.2842037 ], [ 114.1363495, 22.2842055 ], [ 114.1363383, 22.2842059 ] ] ] } },
{ "type": "Feature", "properties": { "id": "183152360", "name": "榮基大廈 Wing Ga Building", "shop": "nan", "highway": "nan", "railway": "nan", "leisure": "nan", "landuse": "nan", "building": "apartments" }, "geometry": { "type": "Polygon", "coordinates": [ [ [ 114.1367336, 22.2845587 ], [ 114.1367446, 22.2846037 ], [ 114.1368025, 22.2845916 ], [ 114.1367916, 22.2845466 ], [ 114.1368294, 22.2845387 ], [ 114.1368208, 22.2845035 ], [ 114.136686, 22.2845317 ], [ 114.1366946, 22.2845669 ], [ 114.1367336, 22.2845587 ] ] ] } },
{ "type": "Feature", "properties": { "id": "183152363", "name": "安景閣 Fairview Court", "shop": "nan", "highway": "nan", "railway": "nan", "leisure": "nan", "landuse": "nan", "building": "apartments" }, "geometry": { "type": "Polygon", "coordinates": [ [ [ 114.136548, 22.2839641 ], [ 114.1365697, 22.2839575 ], [ 114.1365553, 22.2839172 ], [ 114.1365336, 22.2839239 ], [ 114.1365237, 22.2838962 ], [ 114.1364736, 22.2839115 ], [ 114.1364835, 22.2839393 ], [ 114.1364544, 22.2839482 ], [ 114.1364688, 22.2839884 ], [ 114.1364979, 22.2839795 ], [ 114.1365079, 22.2840072 ], [ 114.136558, 22.2839919 ], [ 114.136548, 22.2839641 ] ] ] } },
{ "type": "Feature", "properties": { "id": "183774913", "name": "東慈商業中心 Tung Che Commercial Centre", "shop": "nan", "highway": "nan", "railway": "nan", "leisure": "nan", "landuse": "nan", "building": "commercial" }, "geometry": { "type": "Polygon", "coordinates": [ [ [ 114.1414732, 22.2878395 ], [ 114.141657, 22.2878337 ], [ 114.1418409, 22.2878278 ], [ 114.1418399, 22.2878006 ], [ 114.1418358, 22.2876887 ], [ 114.1417282, 22.2876921 ], [ 114.1415756, 22.2876969 ], [ 114.141468, 22.2877003 ], [ 114.1414722, 22.2878123 ], [ 114.1414732, 22.2878395 ] ] ] } },
{ "type": "Feature", "properties": { "id": "183787308", "name": "nan", "shop": "nan", "highway": "nan", "railway": "nan", "leisure": "nan", "landuse": "nan", "building": "school" }, "geometry": { "type": "Polygon", "coordinates": [ [ [ 114.1369504, 22.2852663 ], [ 114.1371893, 22.2852369 ], [ 114.1371835, 22.2851901 ], [ 114.1371702, 22.2850844 ], [ 114.1369262, 22.2851118 ], [ 114.1369504, 22.2852663 ] ] ] } },
{ "type": "Feature", "properties": { "id": "184705829", "name": "西區副食品批發市場 Western Wholesale Food Market", "shop": "nan", "highway": "nan", "railway": "nan", "leisure": "nan", "landuse": "nan", "building": "industrial" }, "geometry": { "type": "Polygon", "coordinates": [ [ [ 114.1348558, 22.2889758 ], [ 114.1351068, 22.289035 ], [ 114.135286, 22.2884011 ], [ 114.1353652, 22.288421 ], [ 114.13646, 22.2886967 ], [ 114.13628, 22.2893228 ], [ 114.1367313, 22.2894305 ], [ 114.1369084, 22.2888039 ], [ 114.1379527, 22.2890695 ], [ 114.1377712, 22.289701 ], [ 114.138222, 22.2898132 ], [ 114.1383797, 22.2892662 ], [ 114.1389735, 22.2894142 ], [ 114.1387649, 22.2901239 ], [ 114.1384397, 22.2900417 ], [ 114.1348124, 22.289125 ], [ 114.1348558, 22.2889758 ] ] ] } },
{ "type": "Feature", "properties": { "id": "184705830", "name": "nan", "shop": "nan", "highway": "nan", "railway": "nan", "leisure": "nan", "landuse": "nan", "building": "yes" }, "geometry": { "type": "Polygon", "coordinates": [ [ [ 114.1384556, 22.2894186 ], [ 114.1383968, 22.2893218 ], [ 114.1384053, 22.2892933 ], [ 114.1385953, 22.2893418 ], [ 114.1385868, 22.2893704 ], [ 114.1384845, 22.2894245 ], [ 114.1384556, 22.2894186 ] ] ] } },
{ "type": "Feature", "properties": { "id": "184705832", "name": "nan", "shop": "nan", "highway": "nan", "railway": "nan", "leisure": "nan", "landuse": "nan", "building": "yes" }, "geometry": { "type": "Polygon", "coordinates": [ [ [ 114.1387936, 22.2895031 ], [ 114.1387324, 22.2894074 ], [ 114.1387419, 22.2893758 ], [ 114.1389345, 22.2894252 ], [ 114.138925, 22.2894568 ], [ 114.1388222, 22.2895097 ], [ 114.1387936, 22.2895031 ] ] ] } },
{ "type": "Feature", "properties": { "id": "184798485", "name": "nan", "shop": "nan", "highway": "nan", "railway": "nan", "leisure": "nan", "landuse": "nan", "building": "yes" }, "geometry": { "type": "Polygon", "coordinates": [ [ [ 114.1382106, 22.2899432 ], [ 114.1388862, 22.289585 ], [ 114.1387419, 22.2900798 ], [ 114.1382106, 22.2899432 ] ] ] } },
{ "type": "Feature", "properties": { "id": "185736991", "name": "立之學院 Lap-Chee College", "shop": "nan", "highway": "nan", "railway": "nan", "leisure": "nan", "landuse": "nan", "building": "dormitory" }, "geometry": { "type": "Polygon", "coordinates": [ [ [ 114.1285005, 22.2792757 ], [ 114.1285115, 22.2790875 ], [ 114.1285212, 22.2790879 ], [ 114.1285231, 22.2790608 ], [ 114.1285635, 22.2790621 ], [ 114.1285599, 22.2791129 ], [ 114.1285712, 22.2791134 ], [ 114.1285731, 22.2790864 ], [ 114.1285754, 22.2790812 ], [ 114.1285795, 22.279075 ], [ 114.1285842, 22.2790705 ], [ 114.1285899, 22.2790678 ], [ 114.1285949, 22.2790664 ], [ 114.1285994, 22.2790684 ], [ 114.1286049, 22.2790705 ], [ 114.1286087, 22.2790751 ], [ 114.1286109, 22.2790802 ], [ 114.1286114, 22.2790851 ], [ 114.1286115, 22.2790893 ], [ 114.1286101, 22.2791067 ], [ 114.1286162, 22.2791066 ], [ 114.1286199, 22.2790652 ], [ 114.1286513, 22.2790667 ], [ 114.1286421, 22.279272 ], [ 114.128606, 22.2792706 ], [ 114.128608, 22.2792315 ], [ 114.1285958, 22.2792328 ], [ 114.1285951, 22.2792496 ], [ 114.1285944, 22.2792575 ], [ 114.1285909, 22.2792638 ], [ 114.1285874, 22.2792688 ], [ 114.1285815, 22.2792719 ], [ 114.1285731, 22.2792736 ], [ 114.1285673, 22.2792729 ], [ 114.1285621, 22.2792703 ], [ 114.1285576, 22.2792665 ], [ 114.1285559, 22.27926 ], [ 114.1285564, 22.2792529 ], [ 114.1285572, 22.2792288 ], [ 114.1285483, 22.2792284 ], [ 114.128547, 22.2792769 ], [ 114.1285005, 22.2792757 ] ] ] } },
{ "type": "Feature", "properties": { "id": "185736992", "name": "日新學院 New College", "shop": "nan", "highway": "nan", "railway": "nan", "leisure": "nan", "landuse": "nan", "building": "dormitory" }, "geometry": { "type": "Polygon", "coordinates": [ [ [ 114.1285511, 22.2795668 ], [ 114.128544, 22.279541 ], [ 114.1285375, 22.2795425 ], [ 114.1284881, 22.2793529 ], [ 114.1285352, 22.279342 ], [ 114.128551, 22.2793988 ], [ 114.1285601, 22.2793971 ], [ 114.1285503, 22.2793596 ], [ 114.1285501, 22.2793547 ], [ 114.1285515, 22.2793494 ], [ 114.1285533, 22.2793447 ], [ 114.1285571, 22.279341 ], [ 114.1285625, 22.2793376 ], [ 114.1285671, 22.2793369 ], [ 114.1285727, 22.2793373 ], [ 114.1285783, 22.2793388 ], [ 114.128583, 22.2793412 ], [ 114.1285848, 22.279345 ], [ 114.1285873, 22.2793505 ], [ 114.1285981, 22.2793877 ], [ 114.128609, 22.2793857 ], [ 114.1285967, 22.2793327 ], [ 114.1286368, 22.2793239 ], [ 114.1286892, 22.2795316 ], [ 114.1286474, 22.2795414 ], [ 114.1286384, 22.2795079 ], [ 114.128629, 22.2795103 ], [ 114.1286317, 22.2795219 ], [ 114.1286322, 22.2795289 ], [ 114.1286302, 22.2795345 ], [ 114.1286257, 22.2795408 ], [ 114.1286197, 22.2795445 ], [ 114.1286142, 22.2795466 ], [ 114.128607, 22.2795443 ], [ 114.1286024, 22.2795425 ], [ 114.1285968, 22.2795367 ], [ 114.1285947, 22.2795321 ], [ 114.1285872, 22.2795071 ], [ 114.1285773, 22.2795094 ], [ 114.1285905, 22.2795581 ], [ 114.1285511, 22.2795668 ] ] ] } },
{ "type": "Feature", "properties": { "id": "185736995", "name": "志新學院 Chi Sun College", "shop": "nan", "highway": "nan", "railway": "nan", "leisure": "nan", "landuse": "nan", "building": "dormitory" }, "geometry": { "type": "Polygon", "coordinates": [ [ [ 114.1285936, 22.2789233 ], [ 114.1285881, 22.2789165 ], [ 114.1287439, 22.2788074 ], [ 114.1287655, 22.2788355 ], [ 114.1287229, 22.2788654 ], [ 114.1287305, 22.2788749 ], [ 114.1287548, 22.2788577 ], [ 114.1287617, 22.2788534 ], [ 114.1287688, 22.2788517 ], [ 114.1287756, 22.2788518 ], [ 114.1287815, 22.2788556 ], [ 114.128785, 22.2788599 ], [ 114.1287858, 22.2788658 ], [ 114.1287843, 22.2788703 ], [ 114.1287806, 22.2788746 ], [ 114.1287768, 22.2788778 ], [ 114.1287492, 22.2788972 ], [ 114.1287574, 22.2789042 ], [ 114.1287897, 22.278882 ], [ 114.1288139, 22.2789124 ], [ 114.1286313, 22.2790382 ], [ 114.1286078, 22.2790099 ], [ 114.1286528, 22.2789773 ], [ 114.1286447, 22.2789687 ], [ 114.1286049, 22.2789976 ], [ 114.1286, 22.2789987 ], [ 114.1285953, 22.2789989 ], [ 114.1285891, 22.2789962 ], [ 114.1285863, 22.2789921 ], [ 114.1285852, 22.2789877 ], [ 114.1285858, 22.2789834 ], [ 114.1285878, 22.2789756 ], [ 114.1286286, 22.2789464 ], [ 114.128622, 22.2789384 ], [ 114.12858, 22.2789684 ], [ 114.1285614, 22.2789459 ], [ 114.1285936, 22.2789233 ] ] ] } },
{ "type": "Feature", "properties": { "id": "185736997", "name": "信興學院 Shun Hing College", "shop": "nan", "highway": "nan", "railway": "nan", "leisure": "nan", "landuse": "nan", "building": "dormitory" }, "geometry": { "type": "Polygon", "coordinates": [ [ [ 114.1288828, 22.2788521 ], [ 114.1288683, 22.2788202 ], [ 114.1289187, 22.2788016 ], [ 114.1289147, 22.2787954 ], [ 114.1288839, 22.2788053 ], [ 114.1288756, 22.2788029 ], [ 114.1288676, 22.2787981 ], [ 114.1288673, 22.2787903 ], [ 114.1288711, 22.2787826 ], [ 114.1288727, 22.278777 ], [ 114.1289005, 22.2787652 ], [ 114.1288963, 22.278752 ], [ 114.1288444, 22.2787734 ], [ 114.1288307, 22.2787386 ], [ 114.1290315, 22.278664 ], [ 114.1290354, 22.2786711 ], [ 114.1290716, 22.2786578 ], [ 114.1290811, 22.2786837 ], [ 114.1290223, 22.2787035 ], [ 114.1290317, 22.278717 ], [ 114.1290685, 22.2787056 ], [ 114.1290792, 22.2787048 ], [ 114.1290871, 22.2787074 ], [ 114.1290896, 22.278717 ], [ 114.1290896, 22.2787259 ], [ 114.1290838, 22.2787335 ], [ 114.1290755, 22.2787389 ], [ 114.1290655, 22.2787419 ], [ 114.1290484, 22.278747 ], [ 114.1290518, 22.2787581 ], [ 114.1291033, 22.2787404 ], [ 114.129108, 22.2787679 ], [ 114.1288828, 22.2788521 ] ] ] } },
{ "type": "Feature", "properties": { "id": "191059282", "name": "nan", "shop": "nan", "highway": "nan", "railway": "nan", "leisure": "nan", "landuse": "nan", "building": "yes" }, "geometry": { "type": "Polygon", "coordinates": [ [ [ 114.1348402, 22.2860869 ], [ 114.1348272, 22.2860327 ], [ 114.1347957, 22.2859007 ], [ 114.1347765, 22.2858202 ], [ 114.1350627, 22.2857617 ], [ 114.1350819, 22.2858422 ], [ 114.1351134, 22.2859742 ], [ 114.1351263, 22.2860284 ], [ 114.1348402, 22.2860869 ] ] ] } },
{ "type": "Feature", "properties": { "id": "192898431", "name": "利瑪竇堂 Ricci Hall", "shop": "nan", "highway": "nan", "railway": "nan", "leisure": "nan", "landuse": "nan", "building": "dormitory" }, "geometry": { "type": "Polygon", "coordinates": [ [ [ 114.132148, 22.2840706 ], [ 114.1321298, 22.2839981 ], [ 114.132188, 22.2839855 ], [ 114.1321687, 22.283909 ], [ 114.1319863, 22.2839484 ], [ 114.1319612, 22.2838491 ], [ 114.1321414, 22.2838102 ], [ 114.1321446, 22.283823 ], [ 114.1323002, 22.2837894 ], [ 114.1322892, 22.2837455 ], [ 114.1324345, 22.2837141 ], [ 114.1324449, 22.2837553 ], [ 114.1325611, 22.2837302 ], [ 114.1325726, 22.2837758 ], [ 114.132583, 22.2838172 ], [ 114.132476, 22.2838403 ], [ 114.1324866, 22.2838822 ], [ 114.1326351, 22.2838502 ], [ 114.1326699, 22.2839883 ], [ 114.1325166, 22.2840214 ], [ 114.1325393, 22.2841115 ], [ 114.1323952, 22.2841426 ], [ 114.1323787, 22.284077 ], [ 114.132237, 22.2841076 ], [ 114.1322236, 22.2840543 ], [ 114.132148, 22.2840706 ] ] ] } },
{ "type": "Feature", "properties": { "id": "192898432", "name": "何東夫人紀念堂 Lady Ho Tung Hall", "shop": "nan", "highway": "nan", "railway": "nan", "leisure": "nan", "landuse": "nan", "building": "dormitory" }, "geometry": { "type": "Polygon", "coordinates": [ [ [ 114.1332652, 22.284324 ], [ 114.133221, 22.2839857 ], [ 114.1332722, 22.28398 ], [ 114.1332743, 22.2839958 ], [ 114.1333438, 22.283988 ], [ 114.1333819, 22.2842791 ], [ 114.133355, 22.2842821 ], [ 114.1333613, 22.2843309 ], [ 114.1333135, 22.2843363 ], [ 114.1333112, 22.2843188 ], [ 114.1332652, 22.284324 ] ] ] } },
{ "type": "Feature", "properties": { "id": "192898433", "name": "薄扶林分區電力站 Pok Fu Lam Zone Substation", "shop": "nan", "highway": "nan", "railway": "nan", "leisure": "nan", "landuse": "nan", "building": "service" }, "geometry": { "type": "Polygon", "coordinates": [ [ [ 114.1323644, 22.2833127 ], [ 114.1322728, 22.2830614 ], [ 114.1323532, 22.2830366 ], [ 114.1323771, 22.2830437 ], [ 114.1324471, 22.2830217 ], [ 114.1325193, 22.2832348 ], [ 114.1324578, 22.283255 ], [ 114.1324415, 22.2832869 ], [ 114.1323644, 22.2833127 ] ] ] } },
{ "type": "Feature", "properties": { "id": "192898434", "name": "施德堂 Starr Hall", "shop": "nan", "highway": "nan", "railway": "nan", "leisure": "nan", "landuse": "nan", "building": "dormitory" }, "geometry": { "type": "Polygon", "coordinates": [ [ [ 114.1328492, 22.284014 ], [ 114.132796, 22.2836982 ], [ 114.132861, 22.2836888 ], [ 114.132864, 22.2837065 ], [ 114.1328935, 22.2837022 ], [ 114.1328993, 22.283737 ], [ 114.1329276, 22.2837329 ], [ 114.1329639, 22.283948 ], [ 114.1329429, 22.283951 ], [ 114.1329481, 22.2839815 ], [ 114.1329106, 22.283987 ], [ 114.1329135, 22.2840047 ], [ 114.1328492, 22.284014 ] ] ] } },
{ "type": "Feature", "properties": { "id": "192898437", "name": "何添堂 Ho Tim Hall", "shop": "nan", "highway": "nan", "railway": "nan", "leisure": "nan", "landuse": "nan", "building": "dormitory" }, "geometry": { "type": "Polygon", "coordinates": [ [ [ 114.1329405, 22.2842514 ], [ 114.132993, 22.2842414 ], [ 114.1330273, 22.28423 ], [ 114.1330609, 22.2842136 ], [ 114.1330823, 22.2841987 ], [ 114.1330987, 22.2841811 ], [ 114.1331097, 22.2841632 ], [ 114.1331165, 22.2841425 ], [ 114.1331178, 22.2841235 ], [ 114.1331144, 22.2841026 ], [ 114.1331066, 22.2840828 ], [ 114.1330943, 22.2840652 ], [ 114.1330811, 22.284054 ], [ 114.1330614, 22.2840413 ], [ 114.1330437, 22.2840333 ], [ 114.1330105, 22.2840272 ], [ 114.1329653, 22.2840249 ], [ 114.1329179, 22.2840288 ], [ 114.1328696, 22.2840359 ], [ 114.132837, 22.2840427 ], [ 114.1328124, 22.284051 ], [ 114.1327923, 22.2840623 ], [ 114.1327716, 22.2840809 ], [ 114.1327546, 22.2841007 ], [ 114.1327424, 22.2841193 ], [ 114.1327365, 22.2841363 ], [ 114.1327363, 22.2841537 ], [ 114.132738, 22.2841698 ], [ 114.1327417, 22.2841844 ], [ 114.1327476, 22.2841961 ], [ 114.1327546, 22.284204 ], [ 114.1327768, 22.2842232 ], [ 114.1328027, 22.2842395 ], [ 114.1328255, 22.2842494 ], [ 114.1328581, 22.2842555 ], [ 114.1328927, 22.2842563 ], [ 114.1329405, 22.2842514 ] ] ] } },
{ "type": "Feature", "properties": { "id": "192899248", "name": "第2座 Block 2", "shop": "nan", "highway": "nan", "railway": "nan", "leisure": "nan", "landuse": "nan", "building": "apartments" }, "geometry": { "type": "Polygon", "coordinates": [ [ [ 114.1317797, 22.2823017 ], [ 114.1317637, 22.2822937 ], [ 114.1317275, 22.2823556 ], [ 114.1316785, 22.2823311 ], [ 114.1317158, 22.2822673 ], [ 114.1316669, 22.2822429 ], [ 114.1316808, 22.2822192 ], [ 114.1316657, 22.2822116 ], [ 114.1316851, 22.2821783 ], [ 114.1317473, 22.2822095 ], [ 114.1317603, 22.2821871 ], [ 114.1316982, 22.282156 ], [ 114.1317169, 22.2821239 ], [ 114.1317321, 22.2821315 ], [ 114.1317443, 22.2821106 ], [ 114.1317931, 22.282135 ], [ 114.1318243, 22.2820817 ], [ 114.1318733, 22.2821062 ], [ 114.131842, 22.2821598 ], [ 114.131858, 22.2821678 ], [ 114.1318891, 22.2821148 ], [ 114.1319381, 22.2821393 ], [ 114.1319069, 22.2821926 ], [ 114.1319557, 22.282217 ], [ 114.1319435, 22.2822379 ], [ 114.1319587, 22.2822455 ], [ 114.1319399, 22.2822776 ], [ 114.1318778, 22.2822465 ], [ 114.1318647, 22.2822688 ], [ 114.1319269, 22.2823 ], [ 114.1319075, 22.2823332 ], [ 114.1318924, 22.2823256 ], [ 114.1318785, 22.2823494 ], [ 114.1318296, 22.2823249 ], [ 114.1317924, 22.2823887 ], [ 114.1317432, 22.2823641 ], [ 114.1317797, 22.2823017 ] ] ] } },
{ "type": "Feature", "properties": { "id": "192899249", "name": "第3座 Block 3", "shop": "nan", "highway": "nan", "railway": "nan", "leisure": "nan", "landuse": "nan", "building": "apartments" }, "geometry": { "type": "Polygon", "coordinates": [ [ [ 114.1314947, 22.2821608 ], [ 114.1314787, 22.2821528 ], [ 114.1314425, 22.2822147 ], [ 114.1313935, 22.2821902 ], [ 114.1314308, 22.2821264 ], [ 114.1313819, 22.282102 ], [ 114.1313958, 22.2820782 ], [ 114.1313807, 22.2820707 ], [ 114.1314001, 22.2820374 ], [ 114.1314623, 22.2820685 ], [ 114.1314754, 22.2820462 ], [ 114.1314132, 22.2820151 ], [ 114.131432, 22.281983 ], [ 114.1314471, 22.2819906 ], [ 114.1314593, 22.2819697 ], [ 114.1315081, 22.2819941 ], [ 114.1315393, 22.2819408 ], [ 114.1315883, 22.2819653 ], [ 114.131557, 22.2820189 ], [ 114.1315731, 22.2820269 ], [ 114.1316041, 22.2819738 ], [ 114.1316531, 22.2819984 ], [ 114.1316219, 22.2820516 ], [ 114.1316708, 22.2820761 ], [ 114.1316585, 22.282097 ], [ 114.1316737, 22.2821046 ], [ 114.131655, 22.2821367 ], [ 114.1315928, 22.2821056 ], [ 114.1315797, 22.2821279 ], [ 114.1316419, 22.282159 ], [ 114.1316225, 22.2821923 ], [ 114.1316074, 22.2821847 ], [ 114.1315935, 22.2822085 ], [ 114.1315447, 22.282184 ], [ 114.1315074, 22.2822478 ], [ 114.1314582, 22.2822232 ], [ 114.1314947, 22.2821608 ] ] ] } },
{ "type": "Feature", "properties": { "id": "192899250", "name": "nan", "shop": "nan", "highway": "nan", "railway": "nan", "leisure": "nan", "landuse": "nan", "building": "dormitory" }, "geometry": { "type": "Polygon", "coordinates": [ [ [ 114.1322812, 22.2835312 ], [ 114.1322391, 22.2834145 ], [ 114.1325694, 22.2833167 ], [ 114.1326082, 22.2834338 ], [ 114.1322812, 22.2835312 ] ] ] } },
{ "type": "Feature", "properties": { "id": "192899253", "name": "第1座 Block 1", "shop": "nan", "highway": "nan", "railway": "nan", "leisure": "nan", "landuse": "nan", "building": "apartments" }, "geometry": { "type": "Polygon", "coordinates": [ [ [ 114.1320627, 22.2824421 ], [ 114.1320467, 22.2824341 ], [ 114.1320106, 22.282496 ], [ 114.1319616, 22.2824714 ], [ 114.1319988, 22.2824077 ], [ 114.13195, 22.2823832 ], [ 114.1319638, 22.2823595 ], [ 114.1319487, 22.2823519 ], [ 114.1319682, 22.2823187 ], [ 114.1320303, 22.2823498 ], [ 114.1320434, 22.2823274 ], [ 114.1319812, 22.2822963 ], [ 114.132, 22.2822642 ], [ 114.1320151, 22.2822718 ], [ 114.1320274, 22.2822509 ], [ 114.1320762, 22.2822754 ], [ 114.1321073, 22.2822221 ], [ 114.1321563, 22.2822466 ], [ 114.132125, 22.2823001 ], [ 114.1321411, 22.2823082 ], [ 114.1321721, 22.2822551 ], [ 114.1322211, 22.2822796 ], [ 114.13219, 22.2823329 ], [ 114.1322388, 22.2823574 ], [ 114.1322266, 22.2823782 ], [ 114.1322417, 22.2823858 ], [ 114.132223, 22.2824179 ], [ 114.1321608, 22.2823868 ], [ 114.1321478, 22.2824092 ], [ 114.1322099, 22.2824403 ], [ 114.1321905, 22.2824735 ], [ 114.1321754, 22.282466 ], [ 114.1321615, 22.2824897 ], [ 114.1321127, 22.2824653 ], [ 114.1320754, 22.2825291 ], [ 114.1320263, 22.2825045 ], [ 114.1320627, 22.2824421 ] ] ] } },
{ "type": "Feature", "properties": { "id": "193250911", "name": "西營盤街市 Sai Ying Pun Market", "shop": "nan", "highway": "nan", "railway": "nan", "leisure": "nan", "landuse": "nan", "building": "retail" }, "geometry": { "type": "Polygon", "coordinates": [ [ [ 114.1423124, 22.2860538 ], [ 114.1423127, 22.2860739 ], [ 114.1423138, 22.2861049 ], [ 114.1425848, 22.2860994 ], [ 114.1425828, 22.2860146 ], [ 114.1425757, 22.2857167 ], [ 114.1425204, 22.2857181 ], [ 114.1424825, 22.285719 ], [ 114.14239, 22.2857201 ], [ 114.142379, 22.2857202 ], [ 114.1423618, 22.285721 ], [ 114.1423479, 22.2857213 ], [ 114.1423493, 22.285794 ], [ 114.1423497, 22.2858108 ], [ 114.1423504, 22.2858258 ], [ 114.1423072, 22.2858267 ], [ 114.1423114, 22.2859774 ], [ 114.1423118, 22.2859915 ], [ 114.1423116, 22.2860098 ], [ 114.1423119, 22.2860228 ], [ 114.1423121, 22.2860357 ], [ 114.1423124, 22.2860538 ] ] ] } },
{ "type": "Feature", "properties": { "id": "193251159", "name": "nan", "shop": "nan", "highway": "nan", "railway": "nan", "leisure": "nan", "landuse": "nan", "building": "apartments" }, "geometry": { "type": "Polygon", "coordinates": [ [ [ 114.1423909, 22.2848104 ], [ 114.142393, 22.2848438 ], [ 114.1424425, 22.2848412 ], [ 114.1424408, 22.284815 ], [ 114.1425103, 22.2848114 ], [ 114.1425073, 22.284762 ], [ 114.1424668, 22.2847641 ], [ 114.1424654, 22.284742 ], [ 114.1423797, 22.2847465 ], [ 114.1422939, 22.2847511 ], [ 114.1422953, 22.2847732 ], [ 114.1422548, 22.2847753 ], [ 114.1422579, 22.2848247 ], [ 114.1423274, 22.284821 ], [ 114.142329, 22.2848472 ], [ 114.1423785, 22.2848446 ], [ 114.1423764, 22.2848112 ], [ 114.1423909, 22.2848104 ] ] ] } },
{ "type": "Feature", "properties": { "id": "200293816", "name": "nan", "shop": "nan", "highway": "nan", "railway": "nan", "leisure": "nan", "landuse": "nan", "building": "apartments" }, "geometry": { "type": "Polygon", "coordinates": [ [ [ 114.1450421, 22.2841452 ], [ 114.1450549, 22.2840233 ], [ 114.1452734, 22.2840429 ], [ 114.1452606, 22.2841648 ], [ 114.1450421, 22.2841452 ] ] ] } },
{ "type": "Feature", "properties": { "id": "200293820", "name": "徐大統紀念樓 Hsu Ta Tung Memorial Building", "shop": "nan", "highway": "nan", "railway": "nan", "leisure": "nan", "landuse": "nan", "building": "school" }, "geometry": { "type": "Polygon", "coordinates": [ [ [ 114.1441784, 22.2835565 ], [ 114.1442405, 22.2834151 ], [ 114.1442657, 22.2834245 ], [ 114.144274, 22.2834055 ], [ 114.1446593, 22.2835505 ], [ 114.1446431, 22.2835873 ], [ 114.1446788, 22.2836007 ], [ 114.1446508, 22.2836643 ], [ 114.1446225, 22.2836536 ], [ 114.144599, 22.283707 ], [ 114.1445772, 22.2836988 ], [ 114.1445883, 22.2836735 ], [ 114.144229, 22.2835383 ], [ 114.1442149, 22.2835702 ], [ 114.1441784, 22.2835565 ] ] ] } },
{ "type": "Feature", "properties": { "id": "200293822", "name": "李曹秀群金禧樓 Ellen Li Jubilee Building", "shop": "nan", "highway": "nan", "railway": "nan", "leisure": "nan", "landuse": "nan", "building": "school" }, "geometry": { "type": "Polygon", "coordinates": [ [ [ 114.1447419, 22.2837783 ], [ 114.1447446, 22.2837554 ], [ 114.1447207, 22.283753 ], [ 114.1447372, 22.2836133 ], [ 114.1452373, 22.2836638 ], [ 114.1452136, 22.283865 ], [ 114.145269, 22.2838706 ], [ 114.1452644, 22.2839099 ], [ 114.1452064, 22.283904 ], [ 114.1452088, 22.2838834 ], [ 114.1451008, 22.2838725 ], [ 114.1451172, 22.2837335 ], [ 114.1448436, 22.2837058 ], [ 114.1448339, 22.2837876 ], [ 114.1447419, 22.2837783 ] ] ] } },
{ "type": "Feature", "properties": { "id": "200293823", "name": "余李慕芬紀念樓 Mrs Yu Lee Mo Fan Memorial Building", "shop": "nan", "highway": "nan", "railway": "nan", "leisure": "nan", "landuse": "nan", "building": "school" }, "geometry": { "type": "Polygon", "coordinates": [ [ [ 114.1447485, 22.283805 ], [ 114.1446141, 22.2838818 ], [ 114.1445633, 22.2838056 ], [ 114.1446149, 22.2837762 ], [ 114.144597, 22.2837494 ], [ 114.144433, 22.2838432 ], [ 114.1446509, 22.2841697 ], [ 114.1446654, 22.2841614 ], [ 114.1446913, 22.2841027 ], [ 114.1447308, 22.2840566 ], [ 114.1447563, 22.2840309 ], [ 114.144776, 22.2840012 ], [ 114.1447891, 22.2839685 ], [ 114.1447952, 22.2839341 ], [ 114.144794, 22.2838993 ], [ 114.1447856, 22.2838653 ], [ 114.1447702, 22.2838335 ], [ 114.1447485, 22.283805 ] ] ] } },
{ "type": "Feature", "properties": { "id": "200293826", "name": "nan", "shop": "nan", "highway": "nan", "railway": "nan", "leisure": "nan", "landuse": "nan", "building": "apartments" }, "geometry": { "type": "Polygon", "coordinates": [ [ [ 114.1447646, 22.2842561 ], [ 114.1447781, 22.2841243 ], [ 114.1449959, 22.2841434 ], [ 114.1449824, 22.2842752 ], [ 114.1447646, 22.2842561 ] ] ] } },
{ "type": "Feature", "properties": { "id": "200405570", "name": "南翼 South Wing", "shop": "nan", "highway": "nan", "railway": "nan", "leisure": "nan", "landuse": "nan", "building": "school" }, "geometry": { "type": "Polygon", "coordinates": [ [ [ 114.1385691, 22.284436 ], [ 114.1388448, 22.2842949 ], [ 114.1389054, 22.2842642 ], [ 114.1389384, 22.2843213 ], [ 114.1389226, 22.2843292 ], [ 114.1389424, 22.2843634 ], [ 114.1388315, 22.28442 ], [ 114.1386202, 22.2845237 ], [ 114.1385987, 22.2844868 ], [ 114.1385828, 22.2844596 ], [ 114.1385691, 22.284436 ] ] ] } },
{ "type": "Feature", "properties": { "id": "200405571", "name": "史超域樓 The Stewart Building", "shop": "nan", "highway": "nan", "railway": "nan", "leisure": "nan", "landuse": "nan", "building": "school" }, "geometry": { "type": "Polygon", "coordinates": [ [ [ 114.1386035, 22.2850289 ], [ 114.1384546, 22.2847732 ], [ 114.1384235, 22.2847902 ], [ 114.1383777, 22.2847225 ], [ 114.1384175, 22.2846884 ], [ 114.138466, 22.2846642 ], [ 114.1385144, 22.2846399 ], [ 114.1384913, 22.284597 ], [ 114.1384728, 22.2845628 ], [ 114.1384704, 22.284548 ], [ 114.1384726, 22.2845337 ], [ 114.138482, 22.2845182 ], [ 114.1384952, 22.2845103 ], [ 114.1385034, 22.2845087 ], [ 114.1385106, 22.2845074 ], [ 114.1385251, 22.2845117 ], [ 114.1385352, 22.2845185 ], [ 114.1385423, 22.2845267 ], [ 114.1385529, 22.2845459 ], [ 114.1385566, 22.2845549 ], [ 114.1386305, 22.2846829 ], [ 114.1385827, 22.2847069 ], [ 114.1386815, 22.2848767 ], [ 114.1387302, 22.2849636 ], [ 114.1386501, 22.2850049 ], [ 114.1386035, 22.2850289 ] ] ] } },
{ "type": "Feature", "properties": { "id": "200405574", "name": "東翼 East Wing", "shop": "nan", "highway": "nan", "railway": "nan", "leisure": "nan", "landuse": "nan", "building": "school" }, "geometry": { "type": "Polygon", "coordinates": [ [ [ 114.1390092, 22.2847246 ], [ 114.1390037, 22.2847154 ], [ 114.1389197, 22.2845728 ], [ 114.1388946, 22.2845302 ], [ 114.1388315, 22.28442 ], [ 114.1389424, 22.2843634 ], [ 114.1389465, 22.284361 ], [ 114.1389875, 22.2844329 ], [ 114.13901, 22.2844724 ], [ 114.1390694, 22.2845768 ], [ 114.1390832, 22.2845699 ], [ 114.139136, 22.2846607 ], [ 114.1390092, 22.2847246 ] ] ] } },
{ "type": "Feature", "properties": { "id": "200405576", "name": "北翼 North Wing", "shop": "nan", "highway": "nan", "railway": "nan", "leisure": "nan", "landuse": "nan", "building": "school" }, "geometry": { "type": "Polygon", "coordinates": [ [ [ 114.1387302, 22.2849636 ], [ 114.1386815, 22.2848767 ], [ 114.1387112, 22.2848618 ], [ 114.1390037, 22.2847154 ], [ 114.1390092, 22.2847246 ], [ 114.139136, 22.2846607 ], [ 114.1391802, 22.2847408 ], [ 114.1387302, 22.2849636 ] ] ] } },
{ "type": "Feature", "properties": { "id": "200405935", "name": "黃鳴謙堂 Wong Ming Him Hall", "shop": "nan", "highway": "nan", "railway": "nan", "leisure": "nan", "landuse": "nan", "building": "school" }, "geometry": { "type": "Polygon", "coordinates": [ [ [ 114.1388952, 22.2840598 ], [ 114.1388193, 22.2842268 ], [ 114.1387883, 22.2842147 ], [ 114.1387759, 22.2842421 ], [ 114.1386941, 22.2842103 ], [ 114.1387145, 22.2841654 ], [ 114.1387318, 22.2841722 ], [ 114.1387997, 22.2840226 ], [ 114.1388952, 22.2840598 ] ] ] } },
{ "type": "Feature", "properties": { "id": "202156008", "name": "加多近山 Cadogan", "shop": "nan", "highway": "nan", "railway": "nan", "leisure": "nan", "landuse": "nan", "building": "apartments" }, "geometry": { "type": "Polygon", "coordinates": [ [ [ 114.1262136, 22.2821908 ], [ 114.1265512, 22.2822457 ], [ 114.1266577, 22.281705 ], [ 114.1265898, 22.2816909 ], [ 114.1264992, 22.2816778 ], [ 114.1264196, 22.2820804 ], [ 114.1262414, 22.2820511 ], [ 114.1262136, 22.2821908 ] ] ] } },
{ "type": "Feature", "properties": { "id": "202158520", "name": "nan", "shop": "nan", "highway": "nan", "railway": "nan", "leisure": "nan", "landuse": "nan", "building": "apartments" }, "geometry": { "type": "Polygon", "coordinates": [ [ [ 114.1269952, 22.2813487 ], [ 114.126399, 22.2812471 ], [ 114.1263566, 22.2814605 ], [ 114.1265773, 22.2814981 ], [ 114.1265927, 22.2814213 ], [ 114.1267552, 22.281449 ], [ 114.1267401, 22.2815248 ], [ 114.126953, 22.2815611 ], [ 114.1269952, 22.2813487 ] ] ] } },
{ "type": "Feature", "properties": { "id": "202158523", "name": "nan", "shop": "nan", "highway": "nan", "railway": "nan", "leisure": "nan", "landuse": "nan", "building": "apartments" }, "geometry": { "type": "Polygon", "coordinates": [ [ [ 114.1265898, 22.2816909 ], [ 114.1268292, 22.2817324 ], [ 114.1268614, 22.2815733 ], [ 114.1267756, 22.2815584 ], [ 114.1267661, 22.2816053 ], [ 114.1266914, 22.2815923 ], [ 114.1267008, 22.2815458 ], [ 114.1266219, 22.2815321 ], [ 114.1265898, 22.2816909 ] ] ] } },
{ "type": "Feature", "properties": { "id": "207590241", "name": "第1座 Tower 1", "shop": "nan", "highway": "nan", "railway": "nan", "leisure": "nan", "landuse": "nan", "building": "apartments" }, "geometry": { "type": "Polygon", "coordinates": [ [ [ 114.1302497, 22.2816696 ], [ 114.1302096, 22.2816853 ], [ 114.1302015, 22.2816675 ], [ 114.1301622, 22.2816828 ], [ 114.1301424, 22.2816394 ], [ 114.130184, 22.2816231 ], [ 114.1301772, 22.2816084 ], [ 114.1301374, 22.2816239 ], [ 114.1301186, 22.2815827 ], [ 114.1301602, 22.2815665 ], [ 114.1301521, 22.2815487 ], [ 114.1301903, 22.2815338 ], [ 114.1301519, 22.2814497 ], [ 114.1302167, 22.2814243 ], [ 114.1302554, 22.2815092 ], [ 114.1303044, 22.28149 ], [ 114.130321, 22.2815264 ], [ 114.130333, 22.2815217 ], [ 114.1303435, 22.2815446 ], [ 114.1303048, 22.2815597 ], [ 114.1303107, 22.2815726 ], [ 114.1303512, 22.2815568 ], [ 114.1303645, 22.2815859 ], [ 114.1303529, 22.2815905 ], [ 114.1303685, 22.2816247 ], [ 114.1303132, 22.2816463 ], [ 114.1303535, 22.2817346 ], [ 114.1302906, 22.2817592 ], [ 114.1302497, 22.2816696 ] ] ] } },
{ "type": "Feature", "properties": { "id": "207590242", "name": "第2座 Tower 2", "shop": "nan", "highway": "nan", "railway": "nan", "leisure": "nan", "landuse": "nan", "building": "apartments" }, "geometry": { "type": "Polygon", "coordinates": [ [ [ 114.1300222, 22.2811894 ], [ 114.1299821, 22.2812051 ], [ 114.129974, 22.2811873 ], [ 114.1299346, 22.2812026 ], [ 114.1299148, 22.2811592 ], [ 114.1299564, 22.2811429 ], [ 114.1299497, 22.2811282 ], [ 114.1299099, 22.2811437 ], [ 114.1298911, 22.2811025 ], [ 114.1299327, 22.2810863 ], [ 114.1299246, 22.2810685 ], [ 114.1299627, 22.2810536 ], [ 114.1299244, 22.2809695 ], [ 114.1299892, 22.2809441 ], [ 114.1300279, 22.281029 ], [ 114.1300769, 22.2810098 ], [ 114.1300935, 22.2810462 ], [ 114.1301055, 22.2810415 ], [ 114.130116, 22.2810644 ], [ 114.1300773, 22.2810795 ], [ 114.1300831, 22.2810924 ], [ 114.1301237, 22.2810766 ], [ 114.130137, 22.2811057 ], [ 114.1301253, 22.2811103 ], [ 114.130141, 22.2811445 ], [ 114.1300856, 22.2811661 ], [ 114.1301259, 22.2812544 ], [ 114.1300631, 22.281279 ], [ 114.1300222, 22.2811894 ] ] ] } },
{ "type": "Feature", "properties": { "id": "207590245", "name": "nan", "shop": "nan", "highway": "nan", "railway": "nan", "leisure": "nan", "landuse": "nan", "building": "apartments" }, "geometry": { "type": "Polygon", "coordinates": [ [ [ 114.1315087, 22.2816002 ], [ 114.1313173, 22.2815237 ], [ 114.1312796, 22.2816046 ], [ 114.1313387, 22.2816282 ], [ 114.1313244, 22.2816589 ], [ 114.1314036, 22.2816905 ], [ 114.1314179, 22.2816599 ], [ 114.131471, 22.2816811 ], [ 114.1315087, 22.2816002 ] ] ] } },
{ "type": "Feature", "properties": { "id": "207590247", "name": "nan", "shop": "nan", "highway": "nan", "railway": "nan", "leisure": "nan", "landuse": "nan", "building": "apartments" }, "geometry": { "type": "Polygon", "coordinates": [ [ [ 114.1313173, 22.2815237 ], [ 114.1311259, 22.2814473 ], [ 114.1310883, 22.2815279 ], [ 114.1311489, 22.2815521 ], [ 114.1311356, 22.2815807 ], [ 114.1312162, 22.2816129 ], [ 114.1312294, 22.2815845 ], [ 114.1312796, 22.2816046 ], [ 114.1313173, 22.2815237 ] ] ] } },
{ "type": "Feature", "properties": { "id": "219065031", "name": "菲臘牙科醫院 The Prince Philip Dental Hospital", "shop": "nan", "highway": "nan", "railway": "nan", "leisure": "nan", "landuse": "nan", "building": "hospital" }, "geometry": { "type": "Polygon", "coordinates": [ [ [ 114.1440297, 22.286466 ], [ 114.1446682, 22.2868715 ], [ 114.1448511, 22.2866249 ], [ 114.1446624, 22.2865051 ], [ 114.1445979, 22.286592 ], [ 114.1441492, 22.2863071 ], [ 114.1441427, 22.2861304 ], [ 114.1441214, 22.2861311 ], [ 114.1441002, 22.2861317 ], [ 114.1438751, 22.2861388 ], [ 114.1437282, 22.2861434 ], [ 114.1437404, 22.2864751 ], [ 114.1437856, 22.2864737 ], [ 114.1440297, 22.286466 ] ] ] } },
{ "type": "Feature", "properties": { "id": "219065033", "name": "北翼 North Wing", "shop": "nan", "highway": "nan", "railway": "nan", "leisure": "nan", "landuse": "nan", "building": "civic" }, "geometry": { "type": "Polygon", "coordinates": [ [ [ 114.1451281, 22.2859605 ], [ 114.1451234, 22.2854883 ], [ 114.1451475, 22.2854887 ], [ 114.1451475, 22.2854536 ], [ 114.145217, 22.2854513 ], [ 114.1452173, 22.2854982 ], [ 114.1453747, 22.2854966 ], [ 114.1453755, 22.2858734 ], [ 114.1451281, 22.2859605 ] ] ] } },
{ "type": "Feature", "properties": { "id": "219065034", "name": "nan", "shop": "nan", "highway": "nan", "railway": "nan", "leisure": "nan", "landuse": "nan", "building": "yes" }, "geometry": { "type": "Polygon", "coordinates": [ [ [ 114.1448587, 22.2865001 ], [ 114.1449007, 22.2864492 ], [ 114.1449354, 22.2864118 ], [ 114.144978, 22.2863718 ], [ 114.1450157, 22.2863406 ], [ 114.1450559, 22.2863112 ], [ 114.145098, 22.2862855 ], [ 114.1450856, 22.2862656 ], [ 114.1450624, 22.2862791 ], [ 114.1450556, 22.2862675 ], [ 114.1450404, 22.2862417 ], [ 114.1450618, 22.2862302 ], [ 114.1450865, 22.2862093 ], [ 114.1451238, 22.2861778 ], [ 114.145155, 22.286225 ], [ 114.1451294, 22.28624 ], [ 114.1451431, 22.2862608 ], [ 114.1452012, 22.2862313 ], [ 114.1452551, 22.2862088 ], [ 114.1453135, 22.2861899 ], [ 114.1453785, 22.2861732 ], [ 114.1453946, 22.2862297 ], [ 114.1454379, 22.2862181 ], [ 114.1454457, 22.2862421 ], [ 114.1454014, 22.2862537 ], [ 114.145416, 22.286305 ], [ 114.1453688, 22.28632 ], [ 114.1453345, 22.2863309 ], [ 114.1452715, 22.2863552 ], [ 114.1452214, 22.2863782 ], [ 114.1451749, 22.2864041 ], [ 114.1451284, 22.2864373 ], [ 114.1450855, 22.2864728 ], [ 114.1450334, 22.2865212 ], [ 114.144976, 22.2865797 ], [ 114.1449306, 22.286549 ], [ 114.1449001, 22.2865889 ], [ 114.1448797, 22.2865749 ], [ 114.1449095, 22.2865346 ], [ 114.1448587, 22.2865001 ] ] ] } },
{ "type": "Feature", "properties": { "id": "219065035", "name": "南翼 South Wing", "shop": "nan", "highway": "nan", "railway": "nan", "leisure": "nan", "landuse": "nan", "building": "office" }, "geometry": { "type": "Polygon", "coordinates": [ [ [ 114.1453253, 22.2852104 ], [ 114.1454178, 22.2852086 ], [ 114.145452, 22.2852079 ], [ 114.1454528, 22.28524 ], [ 114.1454533, 22.2852616 ], [ 114.1454833, 22.2852609 ], [ 114.1454845, 22.2853064 ], [ 114.1454532, 22.2853071 ], [ 114.1454543, 22.2853509 ], [ 114.1454209, 22.2853516 ], [ 114.1454216, 22.2853821 ], [ 114.1451369, 22.2853881 ], [ 114.1451362, 22.2853609 ], [ 114.1450704, 22.2853622 ], [ 114.1450695, 22.2853233 ], [ 114.1450449, 22.2853238 ], [ 114.1450439, 22.2852856 ], [ 114.1450646, 22.2852852 ], [ 114.1450631, 22.2852214 ], [ 114.1452319, 22.2852183 ], [ 114.1452317, 22.2851272 ], [ 114.1452744, 22.2851254 ], [ 114.145327, 22.2851231 ], [ 114.1453253, 22.2852104 ] ] ] } },
{ "type": "Feature", "properties": { "id": "219065037", "name": "nan", "shop": "nan", "highway": "nan", "railway": "nan", "leisure": "nan", "landuse": "nan", "building": "hospital" }, "geometry": { "type": "Polygon", "coordinates": [ [ [ 114.1441984, 22.2861975 ], [ 114.1441963, 22.2862334 ], [ 114.1442479, 22.2862359 ], [ 114.1442913, 22.286238 ], [ 114.1443527, 22.2862391 ], [ 114.1443564, 22.2862834 ], [ 114.1443591, 22.2863157 ], [ 114.1444471, 22.2863094 ], [ 114.1442773, 22.2863721 ], [ 114.1444025, 22.2864516 ], [ 114.1444576, 22.2864312 ], [ 114.1444385, 22.2863869 ], [ 114.1444927, 22.2863721 ], [ 114.1444951, 22.2863809 ], [ 114.1445433, 22.2863718 ], [ 114.1445923, 22.2863666 ], [ 114.1446415, 22.2863652 ], [ 114.1446907, 22.2863677 ], [ 114.1446917, 22.2863587 ], [ 114.1447771, 22.2863699 ], [ 114.1447879, 22.2862992 ], [ 114.1447133, 22.2862888 ], [ 114.1446709, 22.2862854 ], [ 114.1446494, 22.2862853 ], [ 114.1446561, 22.2862716 ], [ 114.1446595, 22.2862569 ], [ 114.1446595, 22.2862418 ], [ 114.1446561, 22.2862271 ], [ 114.1446786, 22.2862252 ], [ 114.1447745, 22.2862136 ], [ 114.1448699, 22.2861989 ], [ 114.1449631, 22.2861815 ], [ 114.1449535, 22.2861375 ], [ 114.1449773, 22.2861331 ], [ 114.1449677, 22.286089 ], [ 114.1448524, 22.2861106 ], [ 114.1447603, 22.2861247 ], [ 114.1446677, 22.2861359 ], [ 114.1445747, 22.2861441 ], [ 114.1444815, 22.2861485 ], [ 114.1443881, 22.2861499 ], [ 114.1442947, 22.2861483 ], [ 114.144234, 22.2861453 ], [ 114.1442015, 22.2861437 ], [ 114.1441994, 22.2861795 ], [ 114.1441595, 22.2861776 ], [ 114.1441585, 22.2861955 ], [ 114.1441984, 22.2861975 ] ] ] } },
{ "type": "Feature", "properties": { "id": "219119235", "name": "般咸道官立小學 Bonham Road Government Primary School", "shop": "nan", "highway": "nan", "railway": "nan", "leisure": "nan", "landuse": "nan", "building": "school" }, "geometry": { "type": "Polygon", "coordinates": [ [ [ 114.1437893, 22.2845009 ], [ 114.143783, 22.2843967 ], [ 114.1436847, 22.2844017 ], [ 114.1436964, 22.2845964 ], [ 114.1441682, 22.284572 ], [ 114.1441565, 22.2843774 ], [ 114.1440582, 22.2843825 ], [ 114.1440644, 22.2844867 ], [ 114.143962, 22.284492 ], [ 114.143961, 22.2844748 ], [ 114.1439553, 22.2844588 ], [ 114.1439417, 22.2844475 ], [ 114.1439239, 22.2844441 ], [ 114.1439065, 22.2844494 ], [ 114.1438944, 22.2844619 ], [ 114.1438906, 22.2844785 ], [ 114.1438917, 22.2844956 ], [ 114.1437893, 22.2845009 ] ] ] } },
{ "type": "Feature", "properties": { "id": "219119236", "name": "西營盤社區綜合大樓 Sai Ying Pun Community Complex", "shop": "nan", "highway": "nan", "railway": "nan", "leisure": "nan", "landuse": "nan", "building": "yes" }, "geometry": { "type": "Polygon", "coordinates": [ [ [ 114.1437655, 22.2849629 ], [ 114.143761, 22.2848413 ], [ 114.1437552, 22.2847427 ], [ 114.1445179, 22.2847159 ], [ 114.1445243, 22.2849418 ], [ 114.144417, 22.2849422 ], [ 114.1437655, 22.2849629 ] ] ] } },
{ "type": "Feature", "properties": { "id": "219119237", "name": "nan", "shop": "nan", "highway": "nan", "railway": "nan", "leisure": "nan", "landuse": "nan", "building": "yes" }, "geometry": { "type": "Polygon", "coordinates": [ [ [ 114.1444192, 22.2850028 ], [ 114.144417, 22.2849422 ], [ 114.1437655, 22.2849629 ], [ 114.143761, 22.2848413 ], [ 114.1437207, 22.2848426 ], [ 114.1437275, 22.2850248 ], [ 114.1444192, 22.2850028 ] ] ] } },
{ "type": "Feature", "properties": { "id": "245097001", "name": "nan", "shop": "nan", "highway": "nan", "railway": "nan", "leisure": "nan", "landuse": "nan", "building": "apartments" }, "geometry": { "type": "Polygon", "coordinates": [ [ [ 114.1405124, 22.2853909 ], [ 114.1405084, 22.2852938 ], [ 114.1405313, 22.285293 ], [ 114.1405309, 22.2852838 ], [ 114.1405824, 22.285282 ], [ 114.1405828, 22.2852922 ], [ 114.1406238, 22.2852908 ], [ 114.1406265, 22.2853577 ], [ 114.1405984, 22.2853587 ], [ 114.1405989, 22.2853699 ], [ 114.1405485, 22.2853717 ], [ 114.1405492, 22.2853897 ], [ 114.1405124, 22.2853909 ] ] ] } },
{ "type": "Feature", "properties": { "id": "245097003", "name": "nan", "shop": "nan", "highway": "nan", "railway": "nan", "leisure": "nan", "landuse": "nan", "building": "apartments" }, "geometry": { "type": "Polygon", "coordinates": [ [ [ 114.1407213, 22.2845585 ], [ 114.1409105, 22.284553 ], [ 114.1409081, 22.2844822 ], [ 114.1408676, 22.2844833 ], [ 114.1408656, 22.2844228 ], [ 114.1408272, 22.2844239 ], [ 114.1408291, 22.2844774 ], [ 114.1408002, 22.2844782 ], [ 114.1407984, 22.284424 ], [ 114.140747, 22.2844255 ], [ 114.1407491, 22.2844868 ], [ 114.1407189, 22.2844876 ], [ 114.1407213, 22.2845585 ] ] ] } },
{ "type": "Feature", "properties": { "id": "245097009", "name": "nan", "shop": "nan", "highway": "nan", "railway": "nan", "leisure": "nan", "landuse": "nan", "building": "apartments" }, "geometry": { "type": "Polygon", "coordinates": [ [ [ 114.1402588, 22.2856094 ], [ 114.1402582, 22.2855749 ], [ 114.1402577, 22.2855525 ], [ 114.140205, 22.2855534 ], [ 114.1402038, 22.2854945 ], [ 114.1402565, 22.2854936 ], [ 114.1402562, 22.2854813 ], [ 114.1402554, 22.2854387 ], [ 114.1403755, 22.2854367 ], [ 114.1403763, 22.2854761 ], [ 114.1403766, 22.2854913 ], [ 114.1404315, 22.2854903 ], [ 114.1404327, 22.2855526 ], [ 114.1403787, 22.2855536 ], [ 114.1403791, 22.2855757 ], [ 114.1403798, 22.2856074 ], [ 114.1402588, 22.2856094 ] ] ] } },
{ "type": "Feature", "properties": { "id": "245097010", "name": "nan", "shop": "nan", "highway": "nan", "railway": "nan", "leisure": "nan", "landuse": "nan", "building": "apartments" }, "geometry": { "type": "Polygon", "coordinates": [ [ [ 114.1405703, 22.2854707 ], [ 114.1406327, 22.285469 ], [ 114.1406341, 22.2855111 ], [ 114.1406062, 22.2855119 ], [ 114.1406065, 22.2855211 ], [ 114.1406344, 22.2855203 ], [ 114.1406359, 22.2855641 ], [ 114.1405733, 22.2855658 ], [ 114.1405744, 22.2855983 ], [ 114.1405247, 22.2855997 ], [ 114.1405196, 22.2854419 ], [ 114.1405693, 22.2854405 ], [ 114.1405703, 22.2854707 ] ] ] } },
{ "type": "Feature", "properties": { "id": "245097358", "name": "111 High Street", "shop": "nan", "highway": "nan", "railway": "nan", "leisure": "nan", "landuse": "nan", "building": "apartments" }, "geometry": { "type": "Polygon", "coordinates": [ [ [ 114.1401541, 22.2852703 ], [ 114.1401558, 22.2853239 ], [ 114.1400933, 22.2853256 ], [ 114.1400945, 22.2853645 ], [ 114.1400584, 22.2853652 ], [ 114.140052, 22.2853528 ], [ 114.1400521, 22.2853223 ], [ 114.1400566, 22.2853122 ], [ 114.1400556, 22.2852729 ], [ 114.1401541, 22.2852703 ] ] ] } },
{ "type": "Feature", "properties": { "id": "245097360", "name": "nan", "shop": "nan", "highway": "nan", "railway": "nan", "leisure": "nan", "landuse": "nan", "building": "apartments" }, "geometry": { "type": "Polygon", "coordinates": [ [ [ 114.1400316, 22.2855946 ], [ 114.1400282, 22.2855119 ], [ 114.1400078, 22.2855126 ], [ 114.1400062, 22.2854724 ], [ 114.1400491, 22.2854709 ], [ 114.1400474, 22.2854304 ], [ 114.1401018, 22.2854285 ], [ 114.1401084, 22.2855919 ], [ 114.1400316, 22.2855946 ] ] ] } },
{ "type": "Feature", "properties": { "id": "245147564", "name": "nan", "shop": "nan", "highway": "nan", "railway": "nan", "leisure": "nan", "landuse": "nan", "building": "apartments" }, "geometry": { "type": "Polygon", "coordinates": [ [ [ 114.1427504, 22.2846665 ], [ 114.1427377, 22.2844679 ], [ 114.1428218, 22.2844584 ], [ 114.1428298, 22.2845819 ], [ 114.1428314, 22.2846074 ], [ 114.1428349, 22.2846619 ], [ 114.1427504, 22.2846665 ] ] ] } },
{ "type": "Feature", "properties": { "id": "245147565", "name": "嘉富大廈 Ka Fu Building", "shop": "nan", "highway": "nan", "railway": "nan", "leisure": "nan", "landuse": "nan", "building": "apartments" }, "geometry": { "type": "Polygon", "coordinates": [ [ [ 114.1425487, 22.2845719 ], [ 114.1424639, 22.2845766 ], [ 114.1424675, 22.2846321 ], [ 114.142712, 22.2846188 ], [ 114.1427085, 22.2845632 ], [ 114.1426718, 22.2845655 ], [ 114.1426338, 22.2845673 ], [ 114.1426236, 22.2845679 ], [ 114.1426185, 22.2844874 ], [ 114.1425436, 22.2844915 ], [ 114.1425487, 22.2845719 ] ] ] } },
{ "type": "Feature", "properties": { "id": "245147566", "name": "nan", "shop": "nan", "highway": "nan", "railway": "nan", "leisure": "nan", "landuse": "nan", "building": "yes" }, "geometry": { "type": "Polygon", "coordinates": [ [ [ 114.1432086, 22.2850783 ], [ 114.1432564, 22.2850765 ], [ 114.143241, 22.2848164 ], [ 114.1431932, 22.284819 ], [ 114.1431977, 22.2848885 ], [ 114.1432086, 22.2850783 ] ] ] } },
{ "type": "Feature", "properties": { "id": "245147568", "name": "雍慧閣 Bon-Point", "shop": "nan", "highway": "nan", "railway": "nan", "leisure": "nan", "landuse": "nan", "building": "apartments" }, "geometry": { "type": "Polygon", "coordinates": [ [ [ 114.1430252, 22.284685 ], [ 114.1430369, 22.2846844 ], [ 114.1430384, 22.2847078 ], [ 114.1430709, 22.2847061 ], [ 114.1430713, 22.2847126 ], [ 114.1431521, 22.2847081 ], [ 114.1431495, 22.2846665 ], [ 114.1431473, 22.2846328 ], [ 114.1431446, 22.2845902 ], [ 114.1430638, 22.2845947 ], [ 114.1430634, 22.2845889 ], [ 114.1430393, 22.2845902 ], [ 114.1430401, 22.2846034 ], [ 114.1430318, 22.2846038 ], [ 114.1430322, 22.2846095 ], [ 114.1429988, 22.2846113 ], [ 114.1429999, 22.2846277 ], [ 114.1429632, 22.2846297 ], [ 114.1429521, 22.2846205 ], [ 114.1428848, 22.2846906 ], [ 114.1428944, 22.2846984 ], [ 114.1428967, 22.2847343 ], [ 114.1428397, 22.2847374 ], [ 114.1428433, 22.2847929 ], [ 114.1429034, 22.2847896 ], [ 114.1429041, 22.2848 ], [ 114.14297, 22.2847964 ], [ 114.1429693, 22.284786 ], [ 114.143046, 22.2847818 ], [ 114.1430432, 22.2847388 ], [ 114.1430137, 22.2847404 ], [ 114.1430132, 22.2847326 ], [ 114.142984, 22.2847342 ], [ 114.1429836, 22.2847283 ], [ 114.1430252, 22.284685 ] ] ] } },
{ "type": "Feature", "properties": { "id": "245147573", "name": "金寧大廈 Kam Ning Mansion", "shop": "nan", "highway": "nan", "railway": "nan", "leisure": "nan", "landuse": "nan", "building": "apartments" }, "geometry": { "type": "Polygon", "coordinates": [ [ [ 114.1429542, 22.2845004 ], [ 114.1429526, 22.2844748 ], [ 114.1428937, 22.284478 ], [ 114.1428953, 22.2845036 ], [ 114.1428469, 22.2845063 ], [ 114.1428507, 22.2845658 ], [ 114.1430064, 22.2845573 ], [ 114.1430026, 22.2844978 ], [ 114.1429542, 22.2845004 ] ] ] } },
{ "type": "Feature", "properties": { "id": "245147574", "name": "B座 Block B", "shop": "nan", "highway": "nan", "railway": "nan", "leisure": "nan", "landuse": "nan", "building": "apartments" }, "geometry": { "type": "Polygon", "coordinates": [ [ [ 114.1412197, 22.2844035 ], [ 114.1411974, 22.2842804 ], [ 114.1410995, 22.2842956 ], [ 114.1411227, 22.2844237 ], [ 114.1410414, 22.2844858 ], [ 114.1411039, 22.2845559 ], [ 114.1411805, 22.2844974 ], [ 114.1413233, 22.2845468 ], [ 114.1413614, 22.2844525 ], [ 114.1412197, 22.2844035 ] ] ] } },
{ "type": "Feature", "properties": { "id": "245147576", "name": "新聯大廈 Sun Luen Building", "shop": "nan", "highway": "nan", "railway": "nan", "leisure": "nan", "landuse": "nan", "building": "apartments" }, "geometry": { "type": "Polygon", "coordinates": [ [ [ 114.142435, 22.2845098 ], [ 114.1424364, 22.2845239 ], [ 114.1424461, 22.2846831 ], [ 114.1424049, 22.2846854 ], [ 114.1424035, 22.2846632 ], [ 114.1422863, 22.2846696 ], [ 114.1422877, 22.2846918 ], [ 114.1422465, 22.284694 ], [ 114.1422389, 22.2845716 ], [ 114.1422841, 22.2845533 ], [ 114.1423277, 22.2845389 ], [ 114.142368, 22.2845267 ], [ 114.1424015, 22.2845177 ], [ 114.142435, 22.2845098 ] ] ] } },
{ "type": "Feature", "properties": { "id": "245147577", "name": "nan", "shop": "nan", "highway": "nan", "railway": "nan", "leisure": "nan", "landuse": "nan", "building": "apartments" }, "geometry": { "type": "Polygon", "coordinates": [ [ [ 114.1400249, 22.2852767 ], [ 114.1400277, 22.2853857 ], [ 114.1400028, 22.2853862 ], [ 114.1400021, 22.2853588 ], [ 114.1399822, 22.2853594 ], [ 114.1399804, 22.2852777 ], [ 114.1400249, 22.2852767 ] ] ] } },
{ "type": "Feature", "properties": { "id": "245147578", "name": "nan", "shop": "nan", "highway": "nan", "railway": "nan", "leisure": "nan", "landuse": "nan", "building": "yes" }, "geometry": { "type": "Polygon", "coordinates": [ [ [ 114.143279, 22.2850757 ], [ 114.143264, 22.2848151 ], [ 114.1433794, 22.2848088 ], [ 114.1433955, 22.2850715 ], [ 114.143279, 22.2850757 ] ] ] } },
{ "type": "Feature", "properties": { "id": "246386170", "name": "nan", "shop": "nan", "highway": "nan", "railway": "nan", "leisure": "nan", "landuse": "nan", "building": "yes" }, "geometry": { "type": "Polygon", "coordinates": [ [ [ 114.1396903, 22.2796608 ], [ 114.1399725, 22.2798631 ], [ 114.1400571, 22.2797621 ], [ 114.1399476, 22.2796837 ], [ 114.139984, 22.2796402 ], [ 114.1399967, 22.2796493 ], [ 114.1400344, 22.2796043 ], [ 114.1399475, 22.279542 ], [ 114.1399113, 22.2795852 ], [ 114.1399238, 22.2795941 ], [ 114.1398842, 22.2796414 ], [ 114.1397732, 22.2795618 ], [ 114.1396903, 22.2796608 ] ] ] } },
{ "type": "Feature", "properties": { "id": "248775630", "name": "堅尼地城 Kennedy Town", "shop": "nan", "highway": "nan", "railway": "station", "leisure": "nan", "landuse": "nan", "building": "train_station" }, "geometry": { "type": "Polygon", "coordinates": [ [ [ 114.1293974, 22.2818208 ], [ 114.1294424, 22.281617 ], [ 114.1295133, 22.2813773 ], [ 114.1288717, 22.2812281 ], [ 114.1289037, 22.2811271 ], [ 114.1285282, 22.2810256 ], [ 114.1284955, 22.2811398 ], [ 114.128191, 22.2810673 ], [ 114.1282389, 22.2809459 ], [ 114.1280822, 22.2808974 ], [ 114.1280305, 22.2810274 ], [ 114.1274877, 22.2808872 ], [ 114.1274223, 22.2811097 ], [ 114.1293257, 22.2815931 ], [ 114.1292864, 22.2817989 ], [ 114.1292206, 22.2820836 ], [ 114.1293317, 22.2821055 ], [ 114.1293974, 22.2818208 ] ] ] } },
{ "type": "Feature", "properties": { "id": "248781014", "name": "nan", "shop": "nan", "highway": "nan", "railway": "nan", "leisure": "nan", "landuse": "nan", "building": "train_station" }, "geometry": { "type": "Polygon", "coordinates": [ [ [ 114.1421738, 22.2851144 ], [ 114.1422328, 22.2851737 ], [ 114.1421611, 22.2852343 ], [ 114.1417736, 22.2862297 ], [ 114.1417802, 22.2864585 ], [ 114.141483, 22.2865663 ], [ 114.1414882, 22.2872626 ], [ 114.1414384, 22.2872639 ], [ 114.1414483, 22.2875938 ], [ 114.1416314, 22.2875891 ], [ 114.1416215, 22.2872592 ], [ 114.1415243, 22.2872617 ], [ 114.1415183, 22.286589 ], [ 114.1418627, 22.2864678 ], [ 114.1418539, 22.2862299 ], [ 114.1419935, 22.2858744 ], [ 114.1420086, 22.2858799 ], [ 114.1422384, 22.2852895 ], [ 114.1422965, 22.2852378 ], [ 114.1429454, 22.2858941 ], [ 114.143108, 22.2857552 ], [ 114.1430491, 22.2856978 ], [ 114.143077, 22.2856739 ], [ 114.1430728, 22.2856698 ], [ 114.143151, 22.2856018 ], [ 114.1431677, 22.2856029 ], [ 114.1435924, 22.2860323 ], [ 114.1436185, 22.2860783 ], [ 114.1445185, 22.2866163 ], [ 114.1445904, 22.2868817 ], [ 114.1444422, 22.2870474 ], [ 114.1443942, 22.2870125 ], [ 114.1440736, 22.2874599 ], [ 114.1441911, 22.2875315 ], [ 114.144202, 22.287759 ], [ 114.1442223, 22.2877584 ], [ 114.1442425, 22.2877578 ], [ 114.1442304, 22.2874912 ], [ 114.144511, 22.2870986 ], [ 114.1444887, 22.2870825 ], [ 114.1446514, 22.2868945 ], [ 114.1445609, 22.2865552 ], [ 114.1436324, 22.2859988 ], [ 114.143163, 22.2855237 ], [ 114.1430355, 22.2856321 ], [ 114.143031, 22.2856275 ], [ 114.1430034, 22.2856519 ], [ 114.1424428, 22.2850873 ], [ 114.1425674, 22.2849827 ], [ 114.1431823, 22.2845937 ], [ 114.1431838, 22.2846255 ], [ 114.1435286, 22.284609 ], [ 114.1435238, 22.2845106 ], [ 114.1431788, 22.284526 ], [ 114.1431614, 22.2845458 ], [ 114.1431515, 22.2845521 ], [ 114.142534, 22.284944 ], [ 114.1424064, 22.2850507 ], [ 114.1423368, 22.2849817 ], [ 114.1421738, 22.2851144 ] ] ] } },
{ "type": "Feature", "properties": { "id": "256468175", "name": "浚峰 The Hudson", "shop": "nan", "highway": "nan", "railway": "nan", "leisure": "nan", "landuse": "residential", "building": "apartments" }, "geometry": { "type": "Polygon", "coordinates": [ [ [ 114.1272139, 22.2817871 ], [ 114.1270578, 22.2817601 ], [ 114.127137, 22.2813686 ], [ 114.127293, 22.2813956 ], [ 114.1272139, 22.2817871 ] ] ] } },
{ "type": "Feature", "properties": { "id": "285103820", "name": "Dragon Lodge", "shop": "nan", "highway": "nan", "railway": "nan", "leisure": "nan", "landuse": "nan", "building": "yes" }, "geometry": { "type": "Polygon", "coordinates": [ [ [ 114.1392456, 22.2752027 ], [ 114.1393146, 22.27522 ], [ 114.1393448, 22.2751208 ], [ 114.1394172, 22.2751381 ], [ 114.1394387, 22.2750662 ], [ 114.1393956, 22.2750558 ], [ 114.1394017, 22.2750315 ], [ 114.1393046, 22.2750066 ], [ 114.1392456, 22.2752027 ] ] ] } },
{ "type": "Feature", "properties": { "id": "290696408", "name": "明愛莫張瑞勤社區中心 Caritas Mok Cheung Sui Kun Community Centre", "shop": "nan", "highway": "nan", "railway": "nan", "leisure": "nan", "landuse": "nan", "building": "yes" }, "geometry": { "type": "Polygon", "coordinates": [ [ [ 114.1297884, 22.2804043 ], [ 114.1299637, 22.2802845 ], [ 114.1298009, 22.280091 ], [ 114.1297373, 22.2801554 ], [ 114.1296448, 22.2802994 ], [ 114.1296875, 22.2803178 ], [ 114.1297303, 22.280349 ], [ 114.1297602, 22.2803729 ], [ 114.1297884, 22.2804043 ] ] ] } },
{ "type": "Feature", "properties": { "id": "290696411", "name": "摩星嶺救護站 Mount Davis Ambulance Depot", "shop": "nan", "highway": "nan", "railway": "nan", "leisure": "nan", "landuse": "nan", "building": "yes" }, "geometry": { "type": "Polygon", "coordinates": [ [ [ 114.1291299, 22.2793832 ], [ 114.1290408, 22.2796227 ], [ 114.1288932, 22.2795757 ], [ 114.1289246, 22.2794911 ], [ 114.1289938, 22.2795132 ], [ 114.1290111, 22.2794669 ], [ 114.1289419, 22.2794448 ], [ 114.1289823, 22.2793362 ], [ 114.1291299, 22.2793832 ] ] ] } },
{ "type": "Feature", "properties": { "id": "290696413", "name": "翠麗苑 Tresend Garden", "shop": "nan", "highway": "nan", "railway": "nan", "leisure": "nan", "landuse": "residential", "building": "apartments" }, "geometry": { "type": "Polygon", "coordinates": [ [ [ 114.1293768, 22.2797592 ], [ 114.1292827, 22.2800598 ], [ 114.1291818, 22.2800211 ], [ 114.1292021, 22.2799443 ], [ 114.1292349, 22.2797782 ], [ 114.1292338, 22.279726 ], [ 114.1292913, 22.2797393 ], [ 114.1293768, 22.2797592 ] ] ] } },
{ "type": "Feature", "properties": { "id": "290696414", "name": "時美閣 Smith Court", "shop": "nan", "highway": "nan", "railway": "nan", "leisure": "nan", "landuse": "residential", "building": "apartments" }, "geometry": { "type": "Polygon", "coordinates": [ [ [ 114.1293768, 22.2797592 ], [ 114.1294196, 22.2796108 ], [ 114.1294235, 22.2795418 ], [ 114.1293597, 22.2795053 ], [ 114.1292913, 22.2797393 ], [ 114.1293768, 22.2797592 ] ] ] } },
{ "type": "Feature", "properties": { "id": "290696416", "name": "堅尼地城電話機樓 Kennedy Town Exchange", "shop": "nan", "highway": "nan", "railway": "nan", "leisure": "nan", "landuse": "nan", "building": "service" }, "geometry": { "type": "Polygon", "coordinates": [ [ [ 114.1297318, 22.2800802 ], [ 114.1297122, 22.2800725 ], [ 114.1296271, 22.2802531 ], [ 114.1294225, 22.2801683 ], [ 114.1295067, 22.2799908 ], [ 114.1294792, 22.27998 ], [ 114.1295186, 22.2798941 ], [ 114.1295462, 22.2799049 ], [ 114.129555, 22.2798859 ], [ 114.1297559, 22.2799648 ], [ 114.1297429, 22.2799929 ], [ 114.1297674, 22.2800026 ], [ 114.1297318, 22.2800802 ] ] ] } },
{ "type": "Feature", "properties": { "id": "290696417", "name": "nan", "shop": "nan", "highway": "nan", "railway": "nan", "leisure": "nan", "landuse": "nan", "building": "apartments" }, "geometry": { "type": "Polygon", "coordinates": [ [ [ 114.1292943, 22.2794859 ], [ 114.129332, 22.2794978 ], [ 114.1293144, 22.2795455 ], [ 114.1292629, 22.2795291 ], [ 114.1292582, 22.2795418 ], [ 114.1292762, 22.2795475 ], [ 114.12926, 22.2795913 ], [ 114.129251, 22.2795884 ], [ 114.1292437, 22.2795821 ], [ 114.1292164, 22.2795734 ], [ 114.129224, 22.2795531 ], [ 114.129203, 22.2795464 ], [ 114.1291911, 22.2795785 ], [ 114.129145, 22.2795639 ], [ 114.1291618, 22.2795185 ], [ 114.1291313, 22.2795088 ], [ 114.1291488, 22.2794616 ], [ 114.1291988, 22.2794775 ], [ 114.1292047, 22.2794618 ], [ 114.1291854, 22.2794557 ], [ 114.1292036, 22.2794065 ], [ 114.1292491, 22.279421 ], [ 114.129237, 22.2794537 ], [ 114.129257, 22.27946 ], [ 114.129269, 22.2794277 ], [ 114.1293109, 22.279441 ], [ 114.1292943, 22.2794859 ] ] ] } },
{ "type": "Feature", "properties": { "id": "290696418", "name": "賽馬會第三學生村 Jockey Club Student Village III", "shop": "nan", "highway": "nan", "railway": "nan", "leisure": "nan", "landuse": "nan", "building": "yes" }, "geometry": { "type": "Polygon", "coordinates": [ [ [ 114.128428, 22.279375 ], [ 114.1284602, 22.2794991 ], [ 114.1285058, 22.2795834 ], [ 114.1284888, 22.279592 ], [ 114.1285112, 22.2796505 ], [ 114.1286077, 22.2796182 ], [ 114.1286614, 22.2795859 ], [ 114.1286958, 22.2795433 ], [ 114.1286642, 22.2794149 ], [ 114.1287204, 22.2794023 ], [ 114.128692, 22.2792121 ], [ 114.1286468, 22.2792049 ], [ 114.1286495, 22.2791269 ], [ 114.12869, 22.2791304 ], [ 114.1286936, 22.2790473 ], [ 114.1286533, 22.2790449 ], [ 114.1286571, 22.2790332 ], [ 114.1287114, 22.2790311 ], [ 114.1287392, 22.2789977 ], [ 114.1287767, 22.2789654 ], [ 114.1288482, 22.2789392 ], [ 114.1289269, 22.2789108 ], [ 114.1289668, 22.278881 ], [ 114.1289984, 22.2788474 ], [ 114.1290369, 22.2788165 ], [ 114.1291406, 22.2787804 ], [ 114.129117, 22.2787015 ], [ 114.1290905, 22.278613 ], [ 114.1288986, 22.278674 ], [ 114.1287693, 22.2787233 ], [ 114.128665, 22.2787897 ], [ 114.1285689, 22.2788649 ], [ 114.1285149, 22.2789586 ], [ 114.1284593, 22.2790971 ], [ 114.1284298, 22.2792089 ], [ 114.128428, 22.279375 ] ] ] } },
{ "type": "Feature", "properties": { "id": "308826980", "name": "第一座 Block 1", "shop": "nan", "highway": "nan", "railway": "nan", "leisure": "nan", "landuse": "nan", "building": "apartments" }, "geometry": { "type": "Polygon", "coordinates": [ [ [ 114.1413066, 22.2883909 ], [ 114.1413074, 22.2884144 ], [ 114.1413504, 22.2884132 ], [ 114.1413519, 22.2884583 ], [ 114.1413089, 22.2884596 ], [ 114.1413105, 22.2885065 ], [ 114.1412603, 22.288508 ], [ 114.1412587, 22.2884611 ], [ 114.1412328, 22.2884618 ], [ 114.1412345, 22.2885096 ], [ 114.1411843, 22.2885111 ], [ 114.1411826, 22.2884634 ], [ 114.1411389, 22.2884646 ], [ 114.1411374, 22.2884195 ], [ 114.1411811, 22.2884182 ], [ 114.1411803, 22.2883947 ], [ 114.1411377, 22.288396 ], [ 114.1411362, 22.2883508 ], [ 114.1411788, 22.2883496 ], [ 114.1411773, 22.2883044 ], [ 114.1412275, 22.2883029 ], [ 114.141229, 22.2883477 ], [ 114.1412549, 22.2883469 ], [ 114.1412533, 22.2883013 ], [ 114.1413035, 22.2882998 ], [ 114.1413051, 22.2883458 ], [ 114.1413492, 22.2883445 ], [ 114.1413508, 22.2883896 ], [ 114.1413066, 22.2883909 ] ] ] } },
{ "type": "Feature", "properties": { "id": "308826981", "name": "第二座 Block 2", "shop": "nan", "highway": "nan", "railway": "nan", "leisure": "nan", "landuse": "nan", "building": "apartments" }, "geometry": { "type": "Polygon", "coordinates": [ [ [ 114.1416482, 22.2883796 ], [ 114.141649, 22.2884031 ], [ 114.141692, 22.2884019 ], [ 114.1416935, 22.288447 ], [ 114.1416505, 22.2884483 ], [ 114.1416521, 22.2884952 ], [ 114.1416019, 22.2884967 ], [ 114.1416003, 22.2884498 ], [ 114.1415744, 22.2884505 ], [ 114.1415761, 22.2884983 ], [ 114.1415259, 22.2884998 ], [ 114.1415242, 22.2884521 ], [ 114.1414805, 22.2884533 ], [ 114.141479, 22.2884082 ], [ 114.1415227, 22.2884069 ], [ 114.1415219, 22.2883834 ], [ 114.1414793, 22.2883846 ], [ 114.1414778, 22.2883395 ], [ 114.1415204, 22.2883383 ], [ 114.1415189, 22.2882931 ], [ 114.1415691, 22.2882916 ], [ 114.1415706, 22.2883364 ], [ 114.1415965, 22.2883356 ], [ 114.1415949, 22.28829 ], [ 114.1416451, 22.2882885 ], [ 114.1416467, 22.2883345 ], [ 114.1416908, 22.2883332 ], [ 114.1416924, 22.2883783 ], [ 114.1416482, 22.2883796 ] ] ] } },
{ "type": "Feature", "properties": { "id": "308826982", "name": "第三座 Block 3", "shop": "nan", "highway": "nan", "railway": "nan", "leisure": "nan", "landuse": "nan", "building": "apartments" }, "geometry": { "type": "Polygon", "coordinates": [ [ [ 114.1419945, 22.2883695 ], [ 114.1419953, 22.288393 ], [ 114.1420383, 22.2883918 ], [ 114.1420399, 22.2884369 ], [ 114.1419968, 22.2884381 ], [ 114.1419984, 22.2884851 ], [ 114.1419482, 22.2884866 ], [ 114.1419466, 22.2884397 ], [ 114.1419207, 22.2884404 ], [ 114.1419224, 22.2884882 ], [ 114.1418722, 22.2884897 ], [ 114.1418705, 22.2884419 ], [ 114.1418268, 22.2884432 ], [ 114.1418253, 22.2883981 ], [ 114.141869, 22.2883968 ], [ 114.1418682, 22.2883733 ], [ 114.1418256, 22.2883745 ], [ 114.1418241, 22.2883294 ], [ 114.1418667, 22.2883282 ], [ 114.1418652, 22.288283 ], [ 114.1419154, 22.2882815 ], [ 114.1419169, 22.2883262 ], [ 114.1419428, 22.2883255 ], [ 114.1419412, 22.2882799 ], [ 114.1419914, 22.2882784 ], [ 114.141993, 22.2883244 ], [ 114.1420371, 22.2883231 ], [ 114.1420387, 22.2883682 ], [ 114.1419945, 22.2883695 ] ] ] } },
{ "type": "Feature", "properties": { "id": "308826983", "name": "高樂花園 Connaught Garden", "shop": "nan", "highway": "nan", "railway": "nan", "leisure": "nan", "landuse": "nan", "building": "residential" }, "geometry": { "type": "Polygon", "coordinates": [ [ [ 114.1422925, 22.2884798 ], [ 114.1422891, 22.2883887 ], [ 114.1421403, 22.2883934 ], [ 114.1421091, 22.2883944 ], [ 114.1421022, 22.2882082 ], [ 114.1410655, 22.2882411 ], [ 114.1410758, 22.2885184 ], [ 114.1422925, 22.2884798 ] ] ] } },
{ "type": "Feature", "properties": { "id": "308826986", "name": "nan", "shop": "nan", "highway": "nan", "railway": "nan", "leisure": "nan", "landuse": "nan", "building": "hotel" }, "geometry": { "type": "Polygon", "coordinates": [ [ [ 114.1424063, 22.2882305 ], [ 114.1424034, 22.2881521 ], [ 114.1424, 22.2880615 ], [ 114.1424347, 22.2880247 ], [ 114.1425559, 22.2880209 ], [ 114.1425634, 22.2882233 ], [ 114.1425646, 22.2882538 ], [ 114.1425892, 22.288253 ], [ 114.1425968, 22.28846 ], [ 114.1424511, 22.2884646 ], [ 114.1424138, 22.2884324 ], [ 114.1424121, 22.2883872 ], [ 114.1424109, 22.2883559 ], [ 114.1424098, 22.2883245 ], [ 114.1424063, 22.2882305 ] ] ] } },
{ "type": "Feature", "properties": { "id": "308826988", "name": "nan", "shop": "nan", "highway": "nan", "railway": "nan", "leisure": "nan", "landuse": "nan", "building": "yes" }, "geometry": { "type": "Polygon", "coordinates": [ [ [ 114.142238, 22.288177 ], [ 114.1422548, 22.2881765 ], [ 114.1422535, 22.2881415 ], [ 114.1422799, 22.2881406 ], [ 114.1422758, 22.2880298 ], [ 114.142237, 22.2880311 ], [ 114.142238, 22.288177 ] ] ] } },
{ "type": "Feature", "properties": { "id": "312192560", "name": "1座 Block 1", "shop": "nan", "highway": "nan", "railway": "nan", "leisure": "nan", "landuse": "nan", "building": "apartments" }, "geometry": { "type": "Polygon", "coordinates": [ [ [ 114.1257822, 22.2819891 ], [ 114.1257741, 22.2820286 ], [ 114.1258159, 22.2820359 ], [ 114.1258193, 22.2820192 ], [ 114.1258737, 22.2820287 ], [ 114.1258916, 22.2819415 ], [ 114.1258569, 22.2819354 ], [ 114.1258616, 22.2819125 ], [ 114.1258961, 22.2819186 ], [ 114.1259174, 22.281815 ], [ 114.1258634, 22.2818055 ], [ 114.1258674, 22.281786 ], [ 114.1258248, 22.2817785 ], [ 114.125812, 22.2818407 ], [ 114.1257863, 22.2818362 ], [ 114.1257991, 22.2817736 ], [ 114.1257598, 22.2817667 ], [ 114.1257556, 22.281787 ], [ 114.1257267, 22.2817819 ], [ 114.1257232, 22.2817993 ], [ 114.1256973, 22.2817947 ], [ 114.1256897, 22.2818317 ], [ 114.125674, 22.2818289 ], [ 114.1256685, 22.2818561 ], [ 114.1256488, 22.2818526 ], [ 114.1256443, 22.2818745 ], [ 114.1257147, 22.2818869 ], [ 114.1257099, 22.2819104 ], [ 114.1256377, 22.2818977 ], [ 114.1256334, 22.2819189 ], [ 114.1256465, 22.2819212 ], [ 114.1256412, 22.2819472 ], [ 114.125659, 22.2819503 ], [ 114.1256508, 22.2819905 ], [ 114.1257114, 22.2820011 ], [ 114.1257081, 22.2820172 ], [ 114.1257499, 22.2820246 ], [ 114.1257581, 22.2819848 ], [ 114.1257822, 22.2819891 ] ] ] } },
{ "type": "Feature", "properties": { "id": "312192562", "name": "2座 Block 2", "shop": "nan", "highway": "nan", "railway": "nan", "leisure": "nan", "landuse": "nan", "building": "apartments" }, "geometry": { "type": "Polygon", "coordinates": [ [ [ 114.1260202, 22.2816904 ], [ 114.1260457, 22.281695 ], [ 114.1260515, 22.2816673 ], [ 114.1260449, 22.2816661 ], [ 114.1260569, 22.281609 ], [ 114.126087, 22.2816144 ], [ 114.1260845, 22.281626 ], [ 114.1261058, 22.2816298 ], [ 114.1260997, 22.2816586 ], [ 114.126093, 22.2816574 ], [ 114.1260881, 22.2816807 ], [ 114.1261018, 22.2816832 ], [ 114.1261647, 22.2816945 ], [ 114.1261527, 22.2817516 ], [ 114.1260899, 22.2817403 ], [ 114.1260843, 22.2817667 ], [ 114.1261481, 22.2817782 ], [ 114.1261372, 22.2818298 ], [ 114.1260735, 22.2818184 ], [ 114.1260573, 22.2818958 ], [ 114.1260055, 22.2818865 ], [ 114.1260206, 22.2818145 ], [ 114.1259951, 22.2818099 ], [ 114.12598, 22.281882 ], [ 114.1259283, 22.2818726 ], [ 114.1259445, 22.2817953 ], [ 114.1258807, 22.2817838 ], [ 114.1258916, 22.2817322 ], [ 114.1259553, 22.2817437 ], [ 114.1259608, 22.2817172 ], [ 114.1258979, 22.2817059 ], [ 114.1259099, 22.2816488 ], [ 114.1259728, 22.2816601 ], [ 114.1259864, 22.2816626 ], [ 114.1259914, 22.2816392 ], [ 114.1259846, 22.281638 ], [ 114.1259906, 22.2816092 ], [ 114.1260118, 22.281613 ], [ 114.1260143, 22.2816014 ], [ 114.1260444, 22.2816068 ], [ 114.1260324, 22.2816639 ], [ 114.126026, 22.2816627 ], [ 114.1260202, 22.2816904 ] ] ] } },
{ "type": "Feature", "properties": { "id": "312192565", "name": "A座 Block A", "shop": "nan", "highway": "nan", "railway": "nan", "leisure": "nan", "landuse": "nan", "building": "apartments" }, "geometry": { "type": "Polygon", "coordinates": [ [ [ 114.1285409, 22.2837812 ], [ 114.1285477, 22.2837461 ], [ 114.1286051, 22.2837555 ], [ 114.128617, 22.2836937 ], [ 114.12872, 22.2837107 ], [ 114.1287081, 22.2837725 ], [ 114.1287715, 22.283783 ], [ 114.1287481, 22.2839045 ], [ 114.1286837, 22.2838939 ], [ 114.1286684, 22.2839731 ], [ 114.1285618, 22.2839555 ], [ 114.128577, 22.2838763 ], [ 114.1285233, 22.2838674 ], [ 114.1285307, 22.283829 ], [ 114.1285165, 22.2838267 ], [ 114.1285257, 22.2837787 ], [ 114.1285409, 22.2837812 ] ] ] } },
{ "type": "Feature", "properties": { "id": "312192566", "name": "A座 Block A", "shop": "nan", "highway": "nan", "railway": "nan", "leisure": "nan", "landuse": "nan", "building": "apartments" }, "geometry": { "type": "Polygon", "coordinates": [ [ [ 114.1289619, 22.2800693 ], [ 114.1289781, 22.2800273 ], [ 114.1290154, 22.2800397 ], [ 114.1289991, 22.2800817 ], [ 114.1290124, 22.2800861 ], [ 114.1290287, 22.2800441 ], [ 114.129066, 22.2800565 ], [ 114.1290497, 22.2800984 ], [ 114.1290874, 22.2801109 ], [ 114.1290749, 22.280143 ], [ 114.1290372, 22.2801305 ], [ 114.1290319, 22.280144 ], [ 114.1290699, 22.2801566 ], [ 114.1290574, 22.2801888 ], [ 114.1290193, 22.2801761 ], [ 114.1290039, 22.2802159 ], [ 114.1289666, 22.2802036 ], [ 114.128982, 22.2801638 ], [ 114.1289688, 22.2801594 ], [ 114.1289533, 22.2801991 ], [ 114.1289161, 22.2801868 ], [ 114.1289315, 22.280147 ], [ 114.1289132, 22.280141 ], [ 114.1289257, 22.2801089 ], [ 114.1289439, 22.2801149 ], [ 114.1289491, 22.2801014 ], [ 114.1289307, 22.2800953 ], [ 114.1289432, 22.2800631 ], [ 114.1289619, 22.2800693 ] ] ] } },
{ "type": "Feature", "properties": { "id": "312192568", "name": "B座 Block B", "shop": "nan", "highway": "nan", "railway": "nan", "leisure": "nan", "landuse": "nan", "building": "apartments" }, "geometry": { "type": "Polygon", "coordinates": [ [ [ 114.1282997, 22.2837917 ], [ 114.1282853, 22.2837894 ], [ 114.1282946, 22.2837412 ], [ 114.1283095, 22.2837436 ], [ 114.1283165, 22.2837072 ], [ 114.1283568, 22.2837145 ], [ 114.1283687, 22.2836526 ], [ 114.1284311, 22.2836625 ], [ 114.1284717, 22.2836693 ], [ 114.1284597, 22.2837315 ], [ 114.1285172, 22.283741 ], [ 114.1285104, 22.2837761 ], [ 114.1285257, 22.2837787 ], [ 114.1285165, 22.2838267 ], [ 114.1285021, 22.2838243 ], [ 114.1284948, 22.2838627 ], [ 114.1284411, 22.2838538 ], [ 114.1284258, 22.2839329 ], [ 114.1283192, 22.2839153 ], [ 114.1283344, 22.2838362 ], [ 114.1282926, 22.2838286 ], [ 114.1282997, 22.2837917 ] ] ] } },
{ "type": "Feature", "properties": { "id": "312192569", "name": "B座 Block B", "shop": "nan", "highway": "nan", "railway": "nan", "leisure": "nan", "landuse": "nan", "building": "apartments" }, "geometry": { "type": "Polygon", "coordinates": [ [ [ 114.1288876, 22.2802671 ], [ 114.1289039, 22.2802251 ], [ 114.1289412, 22.2802375 ], [ 114.1289249, 22.2802795 ], [ 114.1289382, 22.2802839 ], [ 114.1289545, 22.2802419 ], [ 114.1289918, 22.2802543 ], [ 114.1289755, 22.2802962 ], [ 114.1290131, 22.2803087 ], [ 114.1290007, 22.2803408 ], [ 114.1289629, 22.2803283 ], [ 114.1289577, 22.2803418 ], [ 114.1289957, 22.2803544 ], [ 114.1289832, 22.2803866 ], [ 114.1289451, 22.2803739 ], [ 114.1289297, 22.2804138 ], [ 114.1288924, 22.2804014 ], [ 114.1289078, 22.2803616 ], [ 114.1288945, 22.2803572 ], [ 114.1288791, 22.2803969 ], [ 114.1288418, 22.2803846 ], [ 114.1288572, 22.2803449 ], [ 114.128839, 22.2803388 ], [ 114.1288515, 22.2803067 ], [ 114.1288696, 22.2803127 ], [ 114.1288749, 22.2802992 ], [ 114.1288565, 22.2802931 ], [ 114.1288689, 22.2802609 ], [ 114.1288876, 22.2802671 ] ] ] } },
{ "type": "Feature", "properties": { "id": "312192571", "name": "C座 Block C", "shop": "nan", "highway": "nan", "railway": "nan", "leisure": "nan", "landuse": "nan", "building": "apartments" }, "geometry": { "type": "Polygon", "coordinates": [ [ [ 114.1288132, 22.2804663 ], [ 114.1288295, 22.2804243 ], [ 114.1288668, 22.2804367 ], [ 114.1288505, 22.2804787 ], [ 114.1288638, 22.2804831 ], [ 114.1288801, 22.2804411 ], [ 114.1289173, 22.2804535 ], [ 114.1289011, 22.2804954 ], [ 114.1289387, 22.2805079 ], [ 114.1289262, 22.28054 ], [ 114.1288885, 22.2805275 ], [ 114.1288832, 22.280541 ], [ 114.1289212, 22.2805536 ], [ 114.1289088, 22.2805858 ], [ 114.1288707, 22.2805731 ], [ 114.1288552, 22.2806129 ], [ 114.1288179, 22.2806006 ], [ 114.1288334, 22.2805608 ], [ 114.1288201, 22.2805564 ], [ 114.1288047, 22.2805961 ], [ 114.1287674, 22.2805838 ], [ 114.1287828, 22.280544 ], [ 114.1287646, 22.280538 ], [ 114.128777, 22.2805059 ], [ 114.1287952, 22.2805119 ], [ 114.1288004, 22.2804984 ], [ 114.128782, 22.2804923 ], [ 114.1287945, 22.2804601 ], [ 114.1288132, 22.2804663 ] ] ] } },
{ "type": "Feature", "properties": { "id": "312192573", "name": "D座 Block D", "shop": "nan", "highway": "nan", "railway": "nan", "leisure": "nan", "landuse": "nan", "building": "apartments" }, "geometry": { "type": "Polygon", "coordinates": [ [ [ 114.1287116, 22.2806318 ], [ 114.128748, 22.2806026 ], [ 114.128774, 22.2806302 ], [ 114.1287376, 22.2806595 ], [ 114.1287468, 22.2806694 ], [ 114.1287832, 22.2806401 ], [ 114.1288092, 22.2806678 ], [ 114.1287729, 22.2806969 ], [ 114.1287991, 22.2807249 ], [ 114.1287712, 22.2807473 ], [ 114.1287449, 22.2807192 ], [ 114.1287333, 22.2807287 ], [ 114.1287597, 22.2807569 ], [ 114.1287319, 22.2807793 ], [ 114.1287053, 22.280751 ], [ 114.1286708, 22.2807787 ], [ 114.1286448, 22.2807511 ], [ 114.1286793, 22.2807234 ], [ 114.12867, 22.2807135 ], [ 114.1286356, 22.2807413 ], [ 114.1286095, 22.2807136 ], [ 114.128644, 22.2806859 ], [ 114.1286313, 22.2806724 ], [ 114.1286592, 22.2806501 ], [ 114.1286717, 22.2806635 ], [ 114.1286835, 22.280654 ], [ 114.1286707, 22.2806404 ], [ 114.1286985, 22.280618 ], [ 114.1287116, 22.2806318 ] ] ] } },
{ "type": "Feature", "properties": { "id": "312192594", "name": "Wheelock Gallery", "shop": "nan", "highway": "nan", "railway": "nan", "leisure": "nan", "landuse": "nan", "building": "commercial" }, "geometry": { "type": "Polygon", "coordinates": [ [ [ 114.1279727, 22.2824913 ], [ 114.1280033, 22.2823456 ], [ 114.1280846, 22.2823601 ], [ 114.1280539, 22.2825058 ], [ 114.1279727, 22.2824913 ] ] ] } },
{ "type": "Feature", "properties": { "id": "312192595", "name": "nan", "shop": "nan", "highway": "nan", "railway": "nan", "leisure": "nan", "landuse": "nan", "building": "commercial" }, "geometry": { "type": "Polygon", "coordinates": [ [ [ 114.128059, 22.2825076 ], [ 114.1280872, 22.2823704 ], [ 114.1281411, 22.2823798 ], [ 114.1281129, 22.2825171 ], [ 114.128059, 22.2825076 ] ] ] } },
{ "type": "Feature", "properties": { "id": "312192599", "name": "Imperial Kennedy", "shop": "nan", "highway": "nan", "railway": "nan", "leisure": "nan", "landuse": "nan", "building": "apartments" }, "geometry": { "type": "Polygon", "coordinates": [ [ [ 114.1284221, 22.2825704 ], [ 114.1284623, 22.2823678 ], [ 114.1285456, 22.282382 ], [ 114.1285967, 22.2821249 ], [ 114.1287765, 22.2821555 ], [ 114.1287188, 22.2824457 ], [ 114.1289224, 22.2824804 ], [ 114.1288887, 22.2826498 ], [ 114.1284221, 22.2825704 ] ] ] } },
{ "type": "Feature", "properties": { "id": "312192674", "name": "nan", "shop": "nan", "highway": "nan", "railway": "nan", "leisure": "nan", "landuse": "nan", "building": "yes" }, "geometry": { "type": "Polygon", "coordinates": [ [ [ 114.127309, 22.2834494 ], [ 114.1273144, 22.2834226 ], [ 114.1274273, 22.2834421 ], [ 114.1274219, 22.2834689 ], [ 114.127309, 22.2834494 ] ] ] } },
{ "type": "Feature", "properties": { "id": "312192675", "name": "nan", "shop": "nan", "highway": "nan", "railway": "nan", "leisure": "nan", "landuse": "nan", "building": "apartments" }, "geometry": { "type": "Polygon", "coordinates": [ [ [ 114.1289239, 22.2825942 ], [ 114.1289442, 22.2824984 ], [ 114.128972, 22.2825035 ], [ 114.129, 22.2825085 ], [ 114.129037, 22.2825152 ], [ 114.1290446, 22.2825166 ], [ 114.1290309, 22.2825814 ], [ 114.1290233, 22.28258 ], [ 114.1289917, 22.2825743 ], [ 114.1289851, 22.2826053 ], [ 114.1289239, 22.2825942 ] ] ] } },
{ "type": "Feature", "properties": { "id": "312192676", "name": "nan", "shop": "nan", "highway": "nan", "railway": "nan", "leisure": "nan", "landuse": "nan", "building": "yes" }, "geometry": { "type": "Polygon", "coordinates": [ [ [ 114.1289763, 22.2824861 ], [ 114.1289278, 22.2824773 ], [ 114.1288895, 22.2826558 ], [ 114.1290029, 22.2826764 ], [ 114.1290233, 22.28258 ], [ 114.129037, 22.2825152 ], [ 114.1290413, 22.2824979 ], [ 114.1290043, 22.2824911 ], [ 114.129, 22.2825085 ], [ 114.128972, 22.2825035 ], [ 114.1289763, 22.2824861 ] ] ] } },
{ "type": "Feature", "properties": { "id": "312192678", "name": "nan", "shop": "nan", "highway": "nan", "railway": "nan", "leisure": "nan", "landuse": "nan", "building": "apartments" }, "geometry": { "type": "Polygon", "coordinates": [ [ [ 114.1291361, 22.2829528 ], [ 114.129159, 22.2828447 ], [ 114.1295485, 22.2829156 ], [ 114.1295317, 22.2829947 ], [ 114.1295032, 22.2829895 ], [ 114.129497, 22.2830186 ], [ 114.1294055, 22.2830019 ], [ 114.1294121, 22.2829709 ], [ 114.1292526, 22.2829419 ], [ 114.129246, 22.2829728 ], [ 114.1291361, 22.2829528 ] ] ] } },
{ "type": "Feature", "properties": { "id": "312192679", "name": "nan", "shop": "nan", "highway": "nan", "railway": "nan", "leisure": "nan", "landuse": "nan", "building": "apartments" }, "geometry": { "type": "Polygon", "coordinates": [ [ [ 114.1279022, 22.2831713 ], [ 114.1278988, 22.2831907 ], [ 114.1279389, 22.2831968 ], [ 114.1279408, 22.2831862 ], [ 114.1279691, 22.2831905 ], [ 114.1279672, 22.2832012 ], [ 114.1280102, 22.2832078 ], [ 114.1280218, 22.2831432 ], [ 114.1280381, 22.2831457 ], [ 114.1280466, 22.2830988 ], [ 114.1279188, 22.2830793 ], [ 114.1279022, 22.2831713 ] ] ] } },
{ "type": "Feature", "properties": { "id": "312192680", "name": "nan", "shop": "nan", "highway": "nan", "railway": "nan", "leisure": "nan", "landuse": "nan", "building": "apartments" }, "geometry": { "type": "Polygon", "coordinates": [ [ [ 114.1289838, 22.2829245 ], [ 114.1289687, 22.2829218 ], [ 114.1288818, 22.2829062 ], [ 114.1289071, 22.2827854 ], [ 114.1289938, 22.2828013 ], [ 114.1289911, 22.2828145 ], [ 114.1290057, 22.2828168 ], [ 114.1289964, 22.2828611 ], [ 114.1289836, 22.2828588 ], [ 114.1289802, 22.2828752 ], [ 114.1289936, 22.2828776 ], [ 114.1289838, 22.2829245 ] ] ] } },
{ "type": "Feature", "properties": { "id": "312192681", "name": "nan", "shop": "nan", "highway": "nan", "railway": "nan", "leisure": "nan", "landuse": "nan", "building": "apartments" }, "geometry": { "type": "Polygon", "coordinates": [ [ [ 114.1301392, 22.2831509 ], [ 114.1301633, 22.2831239 ], [ 114.1301565, 22.2831186 ], [ 114.1301681, 22.2831057 ], [ 114.130175, 22.2831105 ], [ 114.1302156, 22.2830651 ], [ 114.1301673, 22.2830286 ], [ 114.1300766, 22.2831387 ], [ 114.1301018, 22.2831563 ], [ 114.130117, 22.2831608 ], [ 114.1301314, 22.2831576 ], [ 114.1301392, 22.2831509 ] ] ] } },
{ "type": "Feature", "properties": { "id": "312192682", "name": "nan", "shop": "nan", "highway": "nan", "railway": "nan", "leisure": "nan", "landuse": "nan", "building": "apartments" }, "geometry": { "type": "Polygon", "coordinates": [ [ [ 114.1289763, 22.2834856 ], [ 114.1289854, 22.2834757 ], [ 114.1289949, 22.2834712 ], [ 114.1290061, 22.2834708 ], [ 114.1291119, 22.2834918 ], [ 114.1290902, 22.2835851 ], [ 114.1290377, 22.2835747 ], [ 114.1290236, 22.2836327 ], [ 114.1289596, 22.28362 ], [ 114.1289701, 22.2835741 ], [ 114.1289557, 22.2835712 ], [ 114.1289763, 22.2834856 ] ] ] } },
{ "type": "Feature", "properties": { "id": "312192683", "name": "nan", "shop": "nan", "highway": "nan", "railway": "nan", "leisure": "nan", "landuse": "nan", "building": "apartments" }, "geometry": { "type": "Polygon", "coordinates": [ [ [ 114.1293935, 22.2825101 ], [ 114.1294196, 22.2825154 ], [ 114.1294133, 22.2825421 ], [ 114.1294596, 22.2825514 ], [ 114.1294662, 22.2825236 ], [ 114.1294936, 22.2825292 ], [ 114.1295318, 22.282369 ], [ 114.1294932, 22.2823612 ], [ 114.1294882, 22.2823823 ], [ 114.129463, 22.2823912 ], [ 114.1294687, 22.2823672 ], [ 114.1294291, 22.2823592 ], [ 114.1293935, 22.2825101 ] ] ] } },
{ "type": "Feature", "properties": { "id": "312192684", "name": "nan", "shop": "nan", "highway": "nan", "railway": "nan", "leisure": "nan", "landuse": "nan", "building": "apartments" }, "geometry": { "type": "Polygon", "coordinates": [ [ [ 114.1276045, 22.2831237 ], [ 114.1276083, 22.2831045 ], [ 114.1276272, 22.2831078 ], [ 114.1276234, 22.283127 ], [ 114.1277429, 22.2831477 ], [ 114.1277559, 22.2830833 ], [ 114.1276844, 22.283071 ], [ 114.1276887, 22.2830497 ], [ 114.1275704, 22.2830293 ], [ 114.1275662, 22.2830503 ], [ 114.1274981, 22.2830385 ], [ 114.1274851, 22.283103 ], [ 114.1276045, 22.2831237 ] ] ] } },
{ "type": "Feature", "properties": { "id": "312192685", "name": "nan", "shop": "nan", "highway": "nan", "railway": "nan", "leisure": "nan", "landuse": "nan", "building": "apartments" }, "geometry": { "type": "Polygon", "coordinates": [ [ [ 114.1270788, 22.2830503 ], [ 114.1272558, 22.2830812 ], [ 114.1272713, 22.2830047 ], [ 114.1272461, 22.2830003 ], [ 114.1272503, 22.2829795 ], [ 114.1272053, 22.2829716 ], [ 114.1272011, 22.2829924 ], [ 114.1271645, 22.282986 ], [ 114.1271687, 22.2829649 ], [ 114.127118, 22.282956 ], [ 114.1271137, 22.2829771 ], [ 114.1270945, 22.2829737 ], [ 114.1270788, 22.2830503 ] ] ] } },
{ "type": "Feature", "properties": { "id": "312192686", "name": "nan", "shop": "nan", "highway": "nan", "railway": "nan", "leisure": "nan", "landuse": "nan", "building": "apartments" }, "geometry": { "type": "Polygon", "coordinates": [ [ [ 114.1268937, 22.2829545 ], [ 114.1269143, 22.2829579 ], [ 114.1269055, 22.2830039 ], [ 114.1269522, 22.2830117 ], [ 114.1269591, 22.2829758 ], [ 114.1269741, 22.2829782 ], [ 114.1269672, 22.2830144 ], [ 114.1270139, 22.283022 ], [ 114.1270226, 22.2829764 ], [ 114.1270428, 22.2829798 ], [ 114.1270512, 22.282936 ], [ 114.1269019, 22.2829116 ], [ 114.1268937, 22.2829545 ] ] ] } },
{ "type": "Feature", "properties": { "id": "312192689", "name": "nan", "shop": "nan", "highway": "nan", "railway": "nan", "leisure": "nan", "landuse": "nan", "building": "apartments" }, "geometry": { "type": "Polygon", "coordinates": [ [ [ 114.1270662, 22.2828964 ], [ 114.12717, 22.2829132 ], [ 114.1271774, 22.2828735 ], [ 114.1271408, 22.2828675 ], [ 114.127143, 22.2828563 ], [ 114.127198, 22.2828651 ], [ 114.1272055, 22.2828252 ], [ 114.1270665, 22.2828027 ], [ 114.127059, 22.2828424 ], [ 114.1271072, 22.2828502 ], [ 114.1271051, 22.282861 ], [ 114.1270739, 22.282856 ], [ 114.1270662, 22.2828964 ] ] ] } },
{ "type": "Feature", "properties": { "id": "312192690", "name": "nan", "shop": "nan", "highway": "nan", "railway": "nan", "leisure": "nan", "landuse": "nan", "building": "apartments" }, "geometry": { "type": "Polygon", "coordinates": [ [ [ 114.1276867, 22.2826835 ], [ 114.1276951, 22.2826419 ], [ 114.1276773, 22.2826388 ], [ 114.1276864, 22.2825934 ], [ 114.127826, 22.2826174 ], [ 114.1278169, 22.2826625 ], [ 114.1277974, 22.2826591 ], [ 114.1277892, 22.2826998 ], [ 114.1277504, 22.2826932 ], [ 114.1277522, 22.2826842 ], [ 114.1277292, 22.2826803 ], [ 114.1277272, 22.2826904 ], [ 114.1276867, 22.2826835 ] ] ] } },
{ "type": "Feature", "properties": { "id": "312192691", "name": "nan", "shop": "nan", "highway": "nan", "railway": "nan", "leisure": "nan", "landuse": "nan", "building": "apartments" }, "geometry": { "type": "Polygon", "coordinates": [ [ [ 114.1273735, 22.2827228 ], [ 114.127383, 22.2826753 ], [ 114.1274229, 22.2826822 ], [ 114.1274246, 22.282674 ], [ 114.1275206, 22.2826904 ], [ 114.1275188, 22.2826996 ], [ 114.1275646, 22.2827074 ], [ 114.1275551, 22.2827548 ], [ 114.1274993, 22.2827453 ], [ 114.127491, 22.2827871 ], [ 114.1274159, 22.2827743 ], [ 114.1274245, 22.2827315 ], [ 114.1273735, 22.2827228 ] ] ] } },
{ "type": "Feature", "properties": { "id": "312192692", "name": "nan", "shop": "nan", "highway": "nan", "railway": "nan", "leisure": "nan", "landuse": "nan", "building": "apartments" }, "geometry": { "type": "Polygon", "coordinates": [ [ [ 114.1272166, 22.2827154 ], [ 114.1272445, 22.2827201 ], [ 114.1272509, 22.2826877 ], [ 114.1272203, 22.2826826 ], [ 114.127225, 22.2826585 ], [ 114.1271821, 22.2826513 ], [ 114.1271773, 22.2826754 ], [ 114.1271436, 22.2826697 ], [ 114.1271373, 22.282702 ], [ 114.1271672, 22.282707 ], [ 114.1271629, 22.2827286 ], [ 114.1272124, 22.2827369 ], [ 114.1272166, 22.2827154 ] ] ] } },
{ "type": "Feature", "properties": { "id": "312192697", "name": "nan", "shop": "nan", "highway": "nan", "railway": "nan", "leisure": "nan", "landuse": "nan", "building": "apartments" }, "geometry": { "type": "Polygon", "coordinates": [ [ [ 114.1300142, 22.2830945 ], [ 114.1300735, 22.2830221 ], [ 114.1300883, 22.2830323 ], [ 114.1301038, 22.283013 ], [ 114.130135, 22.2830344 ], [ 114.1301192, 22.2830541 ], [ 114.1301353, 22.2830652 ], [ 114.130076, 22.2831377 ], [ 114.1300527, 22.2831216 ], [ 114.1300642, 22.2831085 ], [ 114.1300542, 22.2831017 ], [ 114.130043, 22.2831143 ], [ 114.1300142, 22.2830945 ] ] ] } },
{ "type": "Feature", "properties": { "id": "312192698", "name": "nan", "shop": "nan", "highway": "nan", "railway": "nan", "leisure": "nan", "landuse": "nan", "building": "apartments" }, "geometry": { "type": "Polygon", "coordinates": [ [ [ 114.1284416, 22.2828027 ], [ 114.1284501, 22.2827598 ], [ 114.1284659, 22.2827625 ], [ 114.1284772, 22.2827052 ], [ 114.1283835, 22.2826893 ], [ 114.1283723, 22.2827458 ], [ 114.1283888, 22.2827486 ], [ 114.1283802, 22.2827922 ], [ 114.1283911, 22.2827941 ], [ 114.1283896, 22.2828018 ], [ 114.1284297, 22.2828085 ], [ 114.1284312, 22.2828009 ], [ 114.1284416, 22.2828027 ] ] ] } },
{ "type": "Feature", "properties": { "id": "312192699", "name": "nan", "shop": "nan", "highway": "nan", "railway": "nan", "leisure": "nan", "landuse": "nan", "building": "apartments" }, "geometry": { "type": "Polygon", "coordinates": [ [ [ 114.128776, 22.283304 ], [ 114.1288492, 22.2833172 ], [ 114.1288594, 22.2832692 ], [ 114.1287916, 22.283257 ], [ 114.1288013, 22.2832112 ], [ 114.1287481, 22.2832016 ], [ 114.1287385, 22.2832473 ], [ 114.1286636, 22.2832337 ], [ 114.1286535, 22.2832815 ], [ 114.1287331, 22.2832959 ], [ 114.1287316, 22.2833032 ], [ 114.1287745, 22.283311 ], [ 114.128776, 22.283304 ] ] ] } },
{ "type": "Feature", "properties": { "id": "312192700", "name": "nan", "shop": "nan", "highway": "nan", "railway": "nan", "leisure": "nan", "landuse": "nan", "building": "apartments" }, "geometry": { "type": "Polygon", "coordinates": [ [ [ 114.1283123, 22.2832168 ], [ 114.1282958, 22.283214 ], [ 114.1282884, 22.2832512 ], [ 114.1282397, 22.2832429 ], [ 114.1282515, 22.283184 ], [ 114.1282069, 22.2831764 ], [ 114.1282171, 22.2831252 ], [ 114.1284196, 22.2831597 ], [ 114.1284095, 22.2832103 ], [ 114.1283653, 22.2832028 ], [ 114.1283535, 22.2832623 ], [ 114.1283049, 22.283254 ], [ 114.1283123, 22.2832168 ] ] ] } },
{ "type": "Feature", "properties": { "id": "312192701", "name": "nan", "shop": "nan", "highway": "nan", "railway": "nan", "leisure": "nan", "landuse": "nan", "building": "apartments" }, "geometry": { "type": "Polygon", "coordinates": [ [ [ 114.1293259, 22.2807117 ], [ 114.129421, 22.2805626 ], [ 114.1293711, 22.2805353 ], [ 114.1293495, 22.2805691 ], [ 114.1292963, 22.28054 ], [ 114.1292756, 22.2805724 ], [ 114.1293225, 22.280598 ], [ 114.1293165, 22.2806074 ], [ 114.1292698, 22.2805819 ], [ 114.1292476, 22.2806167 ], [ 114.1293008, 22.2806458 ], [ 114.1292761, 22.2806845 ], [ 114.1293259, 22.2807117 ] ] ] } },
{ "type": "Feature", "properties": { "id": "312192702", "name": "普輝苑 Poksmith Villa", "shop": "nan", "highway": "nan", "railway": "nan", "leisure": "nan", "landuse": "nan", "building": "residential" }, "geometry": { "type": "Polygon", "coordinates": [ [ [ 114.1295606, 22.2806327 ], [ 114.1295198, 22.2805752 ], [ 114.1295331, 22.2805672 ], [ 114.1295136, 22.2805396 ], [ 114.129537, 22.2805254 ], [ 114.1294903, 22.2804597 ], [ 114.1295435, 22.2804274 ], [ 114.1296051, 22.2805141 ], [ 114.129641, 22.2804922 ], [ 114.1297265, 22.2806127 ], [ 114.1296702, 22.2806469 ], [ 114.1296301, 22.2805905 ], [ 114.1295606, 22.2806327 ] ] ] } },
{ "type": "Feature", "properties": { "id": "312192703", "name": "nan", "shop": "nan", "highway": "nan", "railway": "nan", "leisure": "nan", "landuse": "nan", "building": "apartments" }, "geometry": { "type": "Polygon", "coordinates": [ [ [ 114.1296485, 22.283341 ], [ 114.1297886, 22.2834463 ], [ 114.1298112, 22.2834206 ], [ 114.1297982, 22.2834108 ], [ 114.1298107, 22.2833966 ], [ 114.1298233, 22.2834062 ], [ 114.1298442, 22.2833824 ], [ 114.1297038, 22.2832768 ], [ 114.1296827, 22.2833009 ], [ 114.1296951, 22.2833102 ], [ 114.1296828, 22.2833241 ], [ 114.1296711, 22.2833153 ], [ 114.1296485, 22.283341 ] ] ] } },
{ "type": "Feature", "properties": { "id": "312192704", "name": "nan", "shop": "nan", "highway": "nan", "railway": "nan", "leisure": "nan", "landuse": "nan", "building": "apartments" }, "geometry": { "type": "Polygon", "coordinates": [ [ [ 114.1297178, 22.2830289 ], [ 114.1297588, 22.2830564 ], [ 114.1297285, 22.2830949 ], [ 114.1297029, 22.2830777 ], [ 114.1296766, 22.2831111 ], [ 114.1296265, 22.2830774 ], [ 114.1296531, 22.2830436 ], [ 114.1296246, 22.2830245 ], [ 114.1296546, 22.2829863 ], [ 114.1296958, 22.283014 ], [ 114.1297026, 22.2830054 ], [ 114.1297246, 22.2830203 ], [ 114.1297178, 22.2830289 ] ] ] } },
{ "type": "Feature", "properties": { "id": "312192707", "name": "nan", "shop": "nan", "highway": "nan", "railway": "nan", "leisure": "nan", "landuse": "nan", "building": "yes" }, "geometry": { "type": "Polygon", "coordinates": [ [ [ 114.1288505, 22.2809 ], [ 114.1289102, 22.2808738 ], [ 114.1289316, 22.2808612 ], [ 114.1289571, 22.2808462 ], [ 114.1290225, 22.2807931 ], [ 114.1290805, 22.2807463 ], [ 114.1291199, 22.2807 ], [ 114.1291668, 22.2806309 ], [ 114.1291825, 22.2806397 ], [ 114.1294091, 22.2807626 ], [ 114.1294436, 22.2807815 ], [ 114.1292039, 22.2810116 ], [ 114.1290629, 22.2809728 ], [ 114.1289815, 22.2809479 ], [ 114.1288505, 22.2809 ] ] ] } },
{ "type": "Feature", "properties": { "id": "312192708", "name": "nan", "shop": "nan", "highway": "nan", "railway": "nan", "leisure": "nan", "landuse": "nan", "building": "yes" }, "geometry": { "type": "Polygon", "coordinates": [ [ [ 114.1288624, 22.2840391 ], [ 114.1288629, 22.2840501 ], [ 114.1288671, 22.2840586 ], [ 114.1288756, 22.2840624 ], [ 114.1289321, 22.2840726 ], [ 114.1289341, 22.2840635 ], [ 114.1289433, 22.2840651 ], [ 114.1289414, 22.2840739 ], [ 114.1290059, 22.2840856 ], [ 114.1290218, 22.2840102 ], [ 114.1289577, 22.2839986 ], [ 114.1289617, 22.28398 ], [ 114.1288781, 22.2839649 ], [ 114.1288624, 22.2840391 ] ] ] } },
{ "type": "Feature", "properties": { "id": "312192709", "name": "nan", "shop": "nan", "highway": "nan", "railway": "nan", "leisure": "nan", "landuse": "nan", "building": "apartments" }, "geometry": { "type": "Polygon", "coordinates": [ [ [ 114.1299553, 22.2833917 ], [ 114.1300361, 22.2832991 ], [ 114.1300203, 22.2832877 ], [ 114.130059, 22.2832434 ], [ 114.129789, 22.2830415 ], [ 114.1296851, 22.2831606 ], [ 114.1297617, 22.2832179 ], [ 114.1297921, 22.2831832 ], [ 114.1298275, 22.2832096 ], [ 114.1297997, 22.2832415 ], [ 114.1298524, 22.2832808 ], [ 114.1298343, 22.2833017 ], [ 114.1299382, 22.2833793 ], [ 114.1299553, 22.2833917 ] ] ] } },
{ "type": "Feature", "properties": { "id": "312192710", "name": "nan", "shop": "nan", "highway": "nan", "railway": "nan", "leisure": "nan", "landuse": "nan", "building": "apartments" }, "geometry": { "type": "Polygon", "coordinates": [ [ [ 114.1262968, 22.2825193 ], [ 114.126302, 22.282493 ], [ 114.1264063, 22.2825106 ], [ 114.1264014, 22.2825354 ], [ 114.1264488, 22.2825434 ], [ 114.1264688, 22.2824418 ], [ 114.1264857, 22.2824447 ], [ 114.1264965, 22.2823897 ], [ 114.1264462, 22.2823811 ], [ 114.1264497, 22.282363 ], [ 114.1262543, 22.28233 ], [ 114.1262508, 22.2823476 ], [ 114.1261826, 22.2823359 ], [ 114.1261513, 22.2824948 ], [ 114.1262968, 22.2825193 ] ] ] } },
{ "type": "Feature", "properties": { "id": "312192711", "name": "nan", "shop": "nan", "highway": "nan", "railway": "nan", "leisure": "nan", "landuse": "nan", "building": "apartments" }, "geometry": { "type": "Polygon", "coordinates": [ [ [ 114.1278709, 22.2830262 ], [ 114.1278878, 22.282939 ], [ 114.1279471, 22.2829488 ], [ 114.127946, 22.2829549 ], [ 114.1279874, 22.2829618 ], [ 114.1279799, 22.2830003 ], [ 114.1279908, 22.2830021 ], [ 114.1279982, 22.2829636 ], [ 114.1280762, 22.2829765 ], [ 114.1280557, 22.2830823 ], [ 114.1279434, 22.2830637 ], [ 114.1279536, 22.2830111 ], [ 114.1279366, 22.2830083 ], [ 114.1279312, 22.2830362 ], [ 114.1278709, 22.2830262 ] ] ] } },
{ "type": "Feature", "properties": { "id": "312192713", "name": "nan", "shop": "nan", "highway": "nan", "railway": "nan", "leisure": "nan", "landuse": "nan", "building": "apartments" }, "geometry": { "type": "Polygon", "coordinates": [ [ [ 114.1279124, 22.2827102 ], [ 114.1279271, 22.2826343 ], [ 114.1279295, 22.2826219 ], [ 114.1279787, 22.2826301 ], [ 114.1279749, 22.2826498 ], [ 114.1280006, 22.282654 ], [ 114.1280044, 22.2826344 ], [ 114.1281068, 22.2826515 ], [ 114.1281045, 22.2826636 ], [ 114.1280898, 22.2827393 ], [ 114.1280089, 22.2827257 ], [ 114.1280158, 22.2826906 ], [ 114.1279461, 22.282679 ], [ 114.1279392, 22.2827147 ], [ 114.1279124, 22.2827102 ] ] ] } },
{ "type": "Feature", "properties": { "id": "312192715", "name": "nan", "shop": "nan", "highway": "nan", "railway": "nan", "leisure": "nan", "landuse": "nan", "building": "yes" }, "geometry": { "type": "Polygon", "coordinates": [ [ [ 114.1284866, 22.280831 ], [ 114.1284613, 22.2807576 ], [ 114.1285799, 22.2806949 ], [ 114.128654, 22.2806387 ], [ 114.1287058, 22.280593 ], [ 114.128754, 22.2805405 ], [ 114.1289521, 22.2800139 ], [ 114.1290797, 22.2800566 ], [ 114.1290643, 22.2800969 ], [ 114.1291947, 22.2801401 ], [ 114.1292438, 22.2801608 ], [ 114.1292055, 22.2802404 ], [ 114.1290748, 22.2804881 ], [ 114.1290261, 22.2805862 ], [ 114.1289995, 22.2806241 ], [ 114.1289698, 22.2806584 ], [ 114.1289322, 22.2806935 ], [ 114.128881, 22.2807349 ], [ 114.1288332, 22.2807662 ], [ 114.1287732, 22.2807971 ], [ 114.1287069, 22.2808225 ], [ 114.1286557, 22.2808347 ], [ 114.1286182, 22.2808406 ], [ 114.1285734, 22.2808429 ], [ 114.1285247, 22.280839 ], [ 114.1284866, 22.280831 ] ] ] } },
{ "type": "Feature", "properties": { "id": "312192719", "name": "nan", "shop": "nan", "highway": "nan", "railway": "nan", "leisure": "nan", "landuse": "nan", "building": "apartments" }, "geometry": { "type": "Polygon", "coordinates": [ [ [ 114.1292367, 22.2836847 ], [ 114.1292456, 22.2836746 ], [ 114.1292195, 22.2836549 ], [ 114.1292356, 22.2836368 ], [ 114.1292289, 22.2836317 ], [ 114.1292505, 22.2836073 ], [ 114.1292375, 22.2835974 ], [ 114.1292864, 22.2835423 ], [ 114.1294072, 22.2836339 ], [ 114.1293194, 22.283733 ], [ 114.1293078, 22.2837242 ], [ 114.129291, 22.2837431 ], [ 114.1292537, 22.2837148 ], [ 114.1292628, 22.2837045 ], [ 114.1292367, 22.2836847 ] ] ] } },
{ "type": "Feature", "properties": { "id": "312192722", "name": "nan", "shop": "nan", "highway": "nan", "railway": "nan", "leisure": "nan", "landuse": "nan", "building": "apartments" }, "geometry": { "type": "Polygon", "coordinates": [ [ [ 114.1291742, 22.2836763 ], [ 114.1291989, 22.283681 ], [ 114.1292157, 22.2836044 ], [ 114.1291903, 22.2835996 ], [ 114.1291938, 22.2835836 ], [ 114.1292332, 22.283591 ], [ 114.1292493, 22.283518 ], [ 114.1291127, 22.2834922 ], [ 114.1290967, 22.2835645 ], [ 114.1291335, 22.2835715 ], [ 114.1291296, 22.2835888 ], [ 114.1291051, 22.2835842 ], [ 114.1290928, 22.28364 ], [ 114.1291786, 22.2836562 ], [ 114.1291742, 22.2836763 ] ] ] } },
{ "type": "Feature", "properties": { "id": "312192724", "name": "nan", "shop": "nan", "highway": "nan", "railway": "nan", "leisure": "nan", "landuse": "nan", "building": "apartments" }, "geometry": { "type": "Polygon", "coordinates": [ [ [ 114.1268753, 22.2828596 ], [ 114.1268942, 22.2827675 ], [ 114.1268977, 22.2827625 ], [ 114.1269047, 22.2827612 ], [ 114.1269818, 22.2827748 ], [ 114.1269789, 22.282786 ], [ 114.1269925, 22.2827885 ], [ 114.1269954, 22.2827772 ], [ 114.127051, 22.282787 ], [ 114.1270304, 22.2828869 ], [ 114.1269911, 22.2828801 ], [ 114.127, 22.2828349 ], [ 114.1269843, 22.2828323 ], [ 114.1269752, 22.2828767 ], [ 114.1268862, 22.2828616 ], [ 114.1268753, 22.2828596 ] ] ] } },
{ "type": "Feature", "properties": { "id": "312192726", "name": "nan", "shop": "nan", "highway": "nan", "railway": "nan", "leisure": "nan", "landuse": "nan", "building": "yes" }, "geometry": { "type": "Polygon", "coordinates": [ [ [ 114.1293859, 22.2805268 ], [ 114.1292992, 22.2804784 ], [ 114.1292928, 22.2804883 ], [ 114.1292497, 22.2804668 ], [ 114.1292849, 22.2804046 ], [ 114.1293454, 22.280372 ], [ 114.1293697, 22.2804107 ], [ 114.1293572, 22.2804174 ], [ 114.1293697, 22.2804372 ], [ 114.1293832, 22.2804299 ], [ 114.129397, 22.2804519 ], [ 114.1293853, 22.2804581 ], [ 114.1293957, 22.2804748 ], [ 114.1294069, 22.2804674 ], [ 114.1294304, 22.2805033 ], [ 114.1293859, 22.2805268 ] ] ] } },
{ "type": "Feature", "properties": { "id": "312192728", "name": "nan", "shop": "nan", "highway": "nan", "railway": "nan", "leisure": "nan", "landuse": "nan", "building": "apartments" }, "geometry": { "type": "Polygon", "coordinates": [ [ [ 114.1275484, 22.2829657 ], [ 114.1275536, 22.2829402 ], [ 114.1275726, 22.2829437 ], [ 114.1275753, 22.2829306 ], [ 114.1276238, 22.2829393 ], [ 114.1276324, 22.282898 ], [ 114.1276964, 22.2829094 ], [ 114.1276876, 22.2829523 ], [ 114.1277344, 22.2829605 ], [ 114.1277318, 22.2829728 ], [ 114.1277523, 22.2829764 ], [ 114.1277472, 22.2830013 ], [ 114.1277069, 22.2829941 ], [ 114.1277045, 22.2830056 ], [ 114.1275931, 22.2829857 ], [ 114.1275956, 22.282974 ], [ 114.1275484, 22.2829657 ] ] ] } },
{ "type": "Feature", "properties": { "id": "312192730", "name": "nan", "shop": "nan", "highway": "nan", "railway": "nan", "leisure": "nan", "landuse": "nan", "building": "apartments" }, "geometry": { "type": "Polygon", "coordinates": [ [ [ 114.127339, 22.2826177 ], [ 114.1271726, 22.2825902 ], [ 114.1271768, 22.2825685 ], [ 114.1271538, 22.2825647 ], [ 114.1271575, 22.2825454 ], [ 114.1271439, 22.2825431 ], [ 114.1271533, 22.2824947 ], [ 114.1271548, 22.2824865 ], [ 114.127208, 22.2824953 ], [ 114.1272054, 22.2825087 ], [ 114.1272567, 22.2825171 ], [ 114.1272593, 22.2825038 ], [ 114.1273351, 22.2825163 ], [ 114.1273336, 22.2825244 ], [ 114.1273266, 22.2825606 ], [ 114.1273493, 22.2825643 ], [ 114.127339, 22.2826177 ] ] ] } },
{ "type": "Feature", "properties": { "id": "312192735", "name": "nan", "shop": "nan", "highway": "nan", "railway": "nan", "leisure": "nan", "landuse": "nan", "building": "yes" }, "geometry": { "type": "Polygon", "coordinates": [ [ [ 114.126942, 22.2823189 ], [ 114.1270492, 22.2817966 ], [ 114.1273255, 22.2818442 ], [ 114.1273327, 22.2818059 ], [ 114.1275616, 22.2818455 ], [ 114.1275539, 22.2818836 ], [ 114.127632, 22.2818974 ], [ 114.1275816, 22.28216 ], [ 114.1275548, 22.2821561 ], [ 114.1275303, 22.2822854 ], [ 114.1279649, 22.2823608 ], [ 114.1279386, 22.2824919 ], [ 114.127282, 22.2823778 ], [ 114.1273488, 22.2820361 ], [ 114.1271843, 22.2820085 ], [ 114.1271711, 22.2820705 ], [ 114.1272082, 22.2820766 ], [ 114.1271529, 22.2823549 ], [ 114.126942, 22.2823189 ] ] ] } },
{ "type": "Feature", "properties": { "id": "312192737", "name": "nan", "shop": "nan", "highway": "nan", "railway": "nan", "leisure": "nan", "landuse": "nan", "building": "apartments" }, "geometry": { "type": "Polygon", "coordinates": [ [ [ 114.1302273, 22.2828653 ], [ 114.1302385, 22.282874 ], [ 114.1302536, 22.2828575 ], [ 114.1302787, 22.2828771 ], [ 114.1302849, 22.2828703 ], [ 114.1303506, 22.2829215 ], [ 114.1303431, 22.2829297 ], [ 114.1303249, 22.2829497 ], [ 114.1303149, 22.2829419 ], [ 114.1303083, 22.2829491 ], [ 114.1303184, 22.2829569 ], [ 114.1302934, 22.2829844 ], [ 114.1302278, 22.2829333 ], [ 114.1302339, 22.2829266 ], [ 114.1302088, 22.282907 ], [ 114.1302239, 22.2828904 ], [ 114.1302125, 22.2828815 ], [ 114.1302273, 22.2828653 ] ] ] } },
{ "type": "Feature", "properties": { "id": "312192739", "name": "nan", "shop": "nan", "highway": "nan", "railway": "nan", "leisure": "nan", "landuse": "nan", "building": "apartments" }, "geometry": { "type": "Polygon", "coordinates": [ [ [ 114.1301697, 22.2829285 ], [ 114.130181, 22.2829373 ], [ 114.130196, 22.2829207 ], [ 114.1302212, 22.2829402 ], [ 114.1302271, 22.2829337 ], [ 114.1302929, 22.2829846 ], [ 114.1302674, 22.2830129 ], [ 114.1302573, 22.2830051 ], [ 114.1302508, 22.2830124 ], [ 114.1302608, 22.2830201 ], [ 114.1302355, 22.2830482 ], [ 114.1301696, 22.2829972 ], [ 114.1301764, 22.2829897 ], [ 114.1301513, 22.2829703 ], [ 114.1301664, 22.2829536 ], [ 114.1301549, 22.2829448 ], [ 114.1301697, 22.2829285 ] ] ] } },
{ "type": "Feature", "properties": { "id": "312192741", "name": "nan", "shop": "nan", "highway": "nan", "railway": "nan", "leisure": "nan", "landuse": "nan", "building": "apartments" }, "geometry": { "type": "Polygon", "coordinates": [ [ [ 114.1295547, 22.2829053 ], [ 114.1296003, 22.2829263 ], [ 114.129594, 22.2829425 ], [ 114.1296117, 22.2829509 ], [ 114.1296181, 22.2829345 ], [ 114.1296596, 22.2829536 ], [ 114.1296057, 22.2830467 ], [ 114.1295875, 22.2830379 ], [ 114.1295665, 22.283077 ], [ 114.129582, 22.2830824 ], [ 114.1295646, 22.2831098 ], [ 114.129523, 22.2830921 ], [ 114.1295301, 22.2830619 ], [ 114.1295436, 22.2830679 ], [ 114.1295655, 22.283028 ], [ 114.1295325, 22.2830129 ], [ 114.1295547, 22.2829053 ] ] ] } },
{ "type": "Feature", "properties": { "id": "312192743", "name": "nan", "shop": "nan", "highway": "nan", "railway": "nan", "leisure": "nan", "landuse": "nan", "building": "apartments" }, "geometry": { "type": "Polygon", "coordinates": [ [ [ 114.1292218, 22.2831159 ], [ 114.1292379, 22.28304 ], [ 114.1292131, 22.2830355 ], [ 114.1292223, 22.2829924 ], [ 114.1292789, 22.2830027 ], [ 114.1292762, 22.2830157 ], [ 114.1293365, 22.2830267 ], [ 114.1293393, 22.2830137 ], [ 114.1293976, 22.2830244 ], [ 114.1293884, 22.2830677 ], [ 114.1293597, 22.2830625 ], [ 114.1293438, 22.2831374 ], [ 114.1292979, 22.283129 ], [ 114.1293058, 22.283092 ], [ 114.1292783, 22.2830869 ], [ 114.1292702, 22.2831248 ], [ 114.1292218, 22.2831159 ] ] ] } },
{ "type": "Feature", "properties": { "id": "312192745", "name": "nan", "shop": "nan", "highway": "nan", "railway": "nan", "leisure": "nan", "landuse": "nan", "building": "apartments" }, "geometry": { "type": "Polygon", "coordinates": [ [ [ 114.1270096, 22.282553 ], [ 114.1270372, 22.2825575 ], [ 114.1270398, 22.2825444 ], [ 114.1270515, 22.2825463 ], [ 114.1270607, 22.2825011 ], [ 114.127026, 22.2824955 ], [ 114.127031, 22.2824708 ], [ 114.1269691, 22.2824597 ], [ 114.126964, 22.2824852 ], [ 114.1269167, 22.2824778 ], [ 114.1269077, 22.2825216 ], [ 114.1269195, 22.2825233 ], [ 114.1269164, 22.2825381 ], [ 114.126941, 22.282542 ], [ 114.126939, 22.2825531 ], [ 114.126945, 22.2825627 ], [ 114.1269954, 22.2825706 ], [ 114.1270072, 22.2825651 ], [ 114.1270096, 22.282553 ] ] ] } },
{ "type": "Feature", "properties": { "id": "312192747", "name": "nan", "shop": "nan", "highway": "nan", "railway": "nan", "leisure": "nan", "landuse": "nan", "building": "apartments" }, "geometry": { "type": "Polygon", "coordinates": [ [ [ 114.1283989, 22.282329 ], [ 114.1284135, 22.2822651 ], [ 114.1283518, 22.2822528 ], [ 114.1283618, 22.2822092 ], [ 114.1284107, 22.2822189 ], [ 114.1284138, 22.2822056 ], [ 114.1283645, 22.2821958 ], [ 114.1283752, 22.2821492 ], [ 114.1284366, 22.2821614 ], [ 114.1284505, 22.2821011 ], [ 114.1285007, 22.2821106 ], [ 114.128484, 22.2821828 ], [ 114.1285545, 22.2821967 ], [ 114.1285425, 22.2822489 ], [ 114.1284783, 22.2822362 ], [ 114.1284689, 22.2822771 ], [ 114.128459, 22.2822751 ], [ 114.1284447, 22.282338 ], [ 114.1283989, 22.282329 ] ] ] } },
{ "type": "Feature", "properties": { "id": "312192749", "name": "nan", "shop": "nan", "highway": "nan", "railway": "nan", "leisure": "nan", "landuse": "nan", "building": "yes" }, "geometry": { "type": "Polygon", "coordinates": [ [ [ 114.1313287, 22.282125 ], [ 114.1313517, 22.2822047 ], [ 114.1320303, 22.2825498 ], [ 114.1320864, 22.282535 ], [ 114.1321172, 22.282491 ], [ 114.1322614, 22.2825672 ], [ 114.1323108, 22.282472 ], [ 114.1322882, 22.2824072 ], [ 114.1323075, 22.2823679 ], [ 114.1323057, 22.282342 ], [ 114.1322315, 22.2822738 ], [ 114.1319659, 22.2821337 ], [ 114.1318927, 22.2819555 ], [ 114.1318588, 22.2818735 ], [ 114.1317805, 22.2818383 ], [ 114.1316209, 22.2818516 ], [ 114.1315127, 22.2817982 ], [ 114.1314873, 22.2818455 ], [ 114.1314209, 22.2819626 ], [ 114.1313287, 22.282125 ] ] ] } },
{ "type": "Feature", "properties": { "id": "312192752", "name": "nan", "shop": "nan", "highway": "nan", "railway": "nan", "leisure": "nan", "landuse": "nan", "building": "apartments" }, "geometry": { "type": "Polygon", "coordinates": [ [ [ 114.1295438, 22.2824958 ], [ 114.1295158, 22.2824888 ], [ 114.1295331, 22.2824295 ], [ 114.1295699, 22.2824386 ], [ 114.1295847, 22.282388 ], [ 114.1295713, 22.2823846 ], [ 114.1295884, 22.2823258 ], [ 114.1296957, 22.2823526 ], [ 114.129688, 22.2823792 ], [ 114.1297066, 22.2823839 ], [ 114.1296962, 22.2824196 ], [ 114.1296804, 22.2824157 ], [ 114.1296653, 22.2824677 ], [ 114.12971, 22.2824787 ], [ 114.1296944, 22.282533 ], [ 114.1296501, 22.282522 ], [ 114.1296464, 22.2825346 ], [ 114.1295402, 22.2825082 ], [ 114.1295438, 22.2824958 ] ] ] } },
{ "type": "Feature", "properties": { "id": "312192754", "name": "nan", "shop": "nan", "highway": "nan", "railway": "nan", "leisure": "nan", "landuse": "nan", "building": "school" }, "geometry": { "type": "Polygon", "coordinates": [ [ [ 114.1298643, 22.2805292 ], [ 114.1298531, 22.2804893 ], [ 114.1298268, 22.2804508 ], [ 114.1297964, 22.2804162 ], [ 114.1298658, 22.2803678 ], [ 114.1298908, 22.2803671 ], [ 114.1298905, 22.2803564 ], [ 114.1299768, 22.2803541 ], [ 114.1299774, 22.2803718 ], [ 114.1300209, 22.2803707 ], [ 114.1300228, 22.2804314 ], [ 114.1300457, 22.2804308 ], [ 114.1300551, 22.2807305 ], [ 114.1299918, 22.2807322 ], [ 114.1299923, 22.2807483 ], [ 114.1299032, 22.2807507 ], [ 114.1299021, 22.2807172 ], [ 114.1298773, 22.2807178 ], [ 114.129874, 22.2806019 ], [ 114.1298643, 22.2805292 ] ] ] } },
{ "type": "Feature", "properties": { "id": "312192756", "name": "nan", "shop": "nan", "highway": "nan", "railway": "nan", "leisure": "nan", "landuse": "nan", "building": "apartments" }, "geometry": { "type": "Polygon", "coordinates": [ [ [ 114.1263493, 22.2818815 ], [ 114.1263904, 22.2818888 ], [ 114.1263995, 22.281845 ], [ 114.1264335, 22.281851 ], [ 114.126442, 22.2818102 ], [ 114.1264075, 22.281804 ], [ 114.12641, 22.2817917 ], [ 114.1264442, 22.2817978 ], [ 114.1264527, 22.2817569 ], [ 114.126418, 22.2817507 ], [ 114.126427, 22.2817076 ], [ 114.1263859, 22.2817003 ], [ 114.1263769, 22.2817432 ], [ 114.1263294, 22.2817347 ], [ 114.1263208, 22.2817756 ], [ 114.126369, 22.2817842 ], [ 114.1263664, 22.2817965 ], [ 114.1263187, 22.281788 ], [ 114.1263101, 22.2818288 ], [ 114.1263585, 22.2818375 ], [ 114.1263493, 22.2818815 ] ] ] } },
{ "type": "Feature", "properties": { "id": "312192758", "name": "nan", "shop": "nan", "highway": "nan", "railway": "nan", "leisure": "nan", "landuse": "nan", "building": "apartments" }, "geometry": { "type": "Polygon", "coordinates": [ [ [ 114.1268603, 22.2817846 ], [ 114.1268499, 22.2818375 ], [ 114.126831, 22.2818343 ], [ 114.1268268, 22.2818557 ], [ 114.1268153, 22.2818538 ], [ 114.1268135, 22.2818628 ], [ 114.1267708, 22.2818556 ], [ 114.1267747, 22.2818355 ], [ 114.1267554, 22.2818323 ], [ 114.1267696, 22.28176 ], [ 114.1267877, 22.2817631 ], [ 114.1267913, 22.2817447 ], [ 114.1268133, 22.2817484 ], [ 114.1268143, 22.2817432 ], [ 114.1268389, 22.2817473 ], [ 114.1268369, 22.2817576 ], [ 114.1268494, 22.2817597 ], [ 114.126845, 22.2817821 ], [ 114.1268603, 22.2817846 ] ] ] } },
{ "type": "Feature", "properties": { "id": "312192760", "name": "nan", "shop": "nan", "highway": "nan", "railway": "nan", "leisure": "nan", "landuse": "nan", "building": "yes" }, "geometry": { "type": "Polygon", "coordinates": [ [ [ 114.1310059, 22.2814567 ], [ 114.1310335, 22.2813914 ], [ 114.1311061, 22.2814185 ], [ 114.1310413, 22.2815462 ], [ 114.1310572, 22.2815538 ], [ 114.1310186, 22.2817001 ], [ 114.1309742, 22.2817111 ], [ 114.1308322, 22.2815869 ], [ 114.1308387, 22.2815808 ], [ 114.130795, 22.2815377 ], [ 114.1308533, 22.2814878 ], [ 114.1308489, 22.2814636 ], [ 114.1308722, 22.2814609 ], [ 114.1308759, 22.281444 ], [ 114.1308941, 22.2814306 ], [ 114.1309195, 22.2814252 ], [ 114.1309385, 22.2814292 ], [ 114.1309625, 22.281444 ], [ 114.1309847, 22.2814315 ], [ 114.1309929, 22.2814515 ], [ 114.1310059, 22.2814567 ] ] ] } },
{ "type": "Feature", "properties": { "id": "312192764", "name": "nan", "shop": "nan", "highway": "nan", "railway": "nan", "leisure": "nan", "landuse": "nan", "building": "apartments" }, "geometry": { "type": "Polygon", "coordinates": [ [ [ 114.126803, 22.2824284 ], [ 114.1268077, 22.2824352 ], [ 114.1268106, 22.2824445 ], [ 114.1268008, 22.2824962 ], [ 114.1267784, 22.2824923 ], [ 114.1267731, 22.2825185 ], [ 114.1267968, 22.2825226 ], [ 114.1267844, 22.2825837 ], [ 114.1266998, 22.2825689 ], [ 114.1267048, 22.2825445 ], [ 114.1266734, 22.282539 ], [ 114.1266697, 22.2825575 ], [ 114.1266179, 22.2825485 ], [ 114.1266267, 22.2825058 ], [ 114.1265969, 22.2825006 ], [ 114.1265883, 22.2825424 ], [ 114.1265146, 22.2825295 ], [ 114.1265187, 22.2825098 ], [ 114.1264816, 22.2825033 ], [ 114.1265081, 22.2823737 ], [ 114.1267924, 22.2824234 ], [ 114.126803, 22.2824284 ] ] ] } },
{ "type": "Feature", "properties": { "id": "312192766", "name": "nan", "shop": "nan", "highway": "nan", "railway": "nan", "leisure": "nan", "landuse": "nan", "building": "apartments" }, "geometry": { "type": "Polygon", "coordinates": [ [ [ 114.1309633, 22.2815128 ], [ 114.1310375, 22.2815449 ], [ 114.1310682, 22.2814818 ], [ 114.1310059, 22.2814567 ], [ 114.1309929, 22.2814515 ], [ 114.1309847, 22.2814315 ], [ 114.1309625, 22.281444 ], [ 114.1309385, 22.2814292 ], [ 114.1309195, 22.2814252 ], [ 114.1308941, 22.2814306 ], [ 114.1308759, 22.281444 ], [ 114.1308722, 22.2814609 ], [ 114.1308489, 22.2814636 ], [ 114.1308533, 22.2814878 ], [ 114.130795, 22.2815377 ], [ 114.1308387, 22.2815808 ], [ 114.1308992, 22.2815276 ], [ 114.1309079, 22.281533 ], [ 114.1309217, 22.281533 ], [ 114.1309472, 22.2815276 ], [ 114.1309596, 22.2815202 ], [ 114.1309633, 22.2815128 ] ] ] } },
{ "type": "Feature", "properties": { "id": "312192770", "name": "nan", "shop": "nan", "highway": "nan", "railway": "nan", "leisure": "nan", "landuse": "nan", "building": "apartments" }, "geometry": { "type": "Polygon", "coordinates": [ [ [ 114.128802, 22.2830714 ], [ 114.1288126, 22.2830194 ], [ 114.1288359, 22.2830235 ], [ 114.1288341, 22.2830324 ], [ 114.1288524, 22.2830356 ], [ 114.1288481, 22.2830567 ], [ 114.1288562, 22.2830581 ], [ 114.1288516, 22.2830804 ], [ 114.1289114, 22.2830909 ], [ 114.1289068, 22.2831136 ], [ 114.1288845, 22.2831097 ], [ 114.1288799, 22.2831323 ], [ 114.1288613, 22.2831291 ], [ 114.1288579, 22.2831456 ], [ 114.12884, 22.2831425 ], [ 114.1288358, 22.283163 ], [ 114.128829, 22.2831619 ], [ 114.1288249, 22.2831821 ], [ 114.1288058, 22.2831788 ], [ 114.1288037, 22.2831892 ], [ 114.128775, 22.2831842 ], [ 114.1287794, 22.2831624 ], [ 114.1287846, 22.2831633 ], [ 114.1287912, 22.2831307 ], [ 114.1287793, 22.2831149 ], [ 114.1287858, 22.2830828 ], [ 114.128802, 22.2830714 ] ] ] } },
{ "type": "Feature", "properties": { "id": "312192772", "name": "nan", "shop": "nan", "highway": "nan", "railway": "nan", "leisure": "nan", "landuse": "nan", "building": "apartments" }, "geometry": { "type": "Polygon", "coordinates": [ [ [ 114.1292939, 22.2825404 ], [ 114.1292304, 22.2825282 ], [ 114.1292271, 22.2825431 ], [ 114.1291806, 22.2825342 ], [ 114.1291942, 22.2824735 ], [ 114.1292094, 22.2824764 ], [ 114.1292127, 22.2824617 ], [ 114.1291975, 22.2824588 ], [ 114.1292103, 22.2824021 ], [ 114.1292577, 22.2824112 ], [ 114.129254, 22.2824274 ], [ 114.1293155, 22.2824393 ], [ 114.1293121, 22.2824546 ], [ 114.1293248, 22.282457 ], [ 114.1293294, 22.2824369 ], [ 114.129355, 22.2824418 ], [ 114.1293444, 22.2824888 ], [ 114.1293331, 22.2824866 ], [ 114.1293299, 22.2825007 ], [ 114.1293413, 22.2825029 ], [ 114.1293293, 22.2825561 ], [ 114.1293035, 22.2825511 ], [ 114.129309, 22.2825263 ], [ 114.1292976, 22.2825241 ], [ 114.1292939, 22.2825404 ] ] ] } },
{ "type": "Feature", "properties": { "id": "312192776", "name": "nan", "shop": "nan", "highway": "nan", "railway": "nan", "leisure": "nan", "landuse": "nan", "building": "apartments" }, "geometry": { "type": "Polygon", "coordinates": [ [ [ 114.1282116, 22.2829814 ], [ 114.1282777, 22.2829929 ], [ 114.1282634, 22.2830631 ], [ 114.1283186, 22.2830727 ], [ 114.128333, 22.2830021 ], [ 114.1283509, 22.2830053 ], [ 114.1283364, 22.2830761 ], [ 114.1283916, 22.2830858 ], [ 114.1284061, 22.2830145 ], [ 114.128461, 22.2830241 ], [ 114.1284719, 22.2829704 ], [ 114.1284172, 22.2829608 ], [ 114.1284242, 22.2829263 ], [ 114.1283895, 22.2829203 ], [ 114.1283928, 22.2829043 ], [ 114.1283723, 22.2829008 ], [ 114.128362, 22.2829516 ], [ 114.1283444, 22.2829485 ], [ 114.1283549, 22.2828968 ], [ 114.1283345, 22.2828932 ], [ 114.1283313, 22.282909 ], [ 114.1282965, 22.2829029 ], [ 114.1282891, 22.2829393 ], [ 114.1282225, 22.2829277 ], [ 114.1282116, 22.2829814 ] ] ] } },
{ "type": "Feature", "properties": { "id": "312192786", "name": "nan", "shop": "nan", "highway": "nan", "railway": "nan", "leisure": "nan", "landuse": "nan", "building": "yes" }, "geometry": { "type": "Polygon", "coordinates": [ [ [ 114.1292032, 22.2839372 ], [ 114.1292338, 22.2839428 ], [ 114.1292434, 22.283898 ], [ 114.1292126, 22.2838923 ], [ 114.1292149, 22.2838813 ], [ 114.1292455, 22.2838869 ], [ 114.1292549, 22.2838432 ], [ 114.1292078, 22.2838345 ], [ 114.1292173, 22.2837906 ], [ 114.1291661, 22.2837811 ], [ 114.1291465, 22.2838724 ], [ 114.1291031, 22.2838644 ], [ 114.1290921, 22.2839153 ], [ 114.1291169, 22.2839199 ], [ 114.1291132, 22.2839373 ], [ 114.1290882, 22.2839327 ], [ 114.1290772, 22.2839837 ], [ 114.1291205, 22.2839917 ], [ 114.1291009, 22.2840829 ], [ 114.129152, 22.2840924 ], [ 114.1291615, 22.2840484 ], [ 114.1292086, 22.2840571 ], [ 114.129218, 22.2840134 ], [ 114.1291875, 22.2840078 ], [ 114.1291898, 22.2839968 ], [ 114.1292205, 22.2840024 ], [ 114.1292299, 22.2839589 ], [ 114.1291997, 22.2839533 ], [ 114.1292032, 22.2839372 ] ] ] } },
{ "type": "Feature", "properties": { "id": "312192790", "name": "nan", "shop": "nan", "highway": "nan", "railway": "nan", "leisure": "nan", "landuse": "nan", "building": "apartments" }, "geometry": { "type": "Polygon", "coordinates": [ [ [ 114.1289401, 22.2824499 ], [ 114.1289597, 22.2823566 ], [ 114.1289418, 22.2823533 ], [ 114.1289331, 22.2823946 ], [ 114.1288843, 22.2823859 ], [ 114.128896, 22.2823302 ], [ 114.1288799, 22.2823273 ], [ 114.1288683, 22.2823825 ], [ 114.1287811, 22.2823669 ], [ 114.1287929, 22.2823104 ], [ 114.1287727, 22.2823068 ], [ 114.1287781, 22.2822812 ], [ 114.1287849, 22.2822825 ], [ 114.1287876, 22.2822693 ], [ 114.1287975, 22.2822711 ], [ 114.1288086, 22.2822183 ], [ 114.1288986, 22.2822345 ], [ 114.1288884, 22.2822828 ], [ 114.1289077, 22.2822863 ], [ 114.1289176, 22.2822389 ], [ 114.1289654, 22.2822475 ], [ 114.1289561, 22.282292 ], [ 114.1289731, 22.282295 ], [ 114.1289936, 22.2821974 ], [ 114.1290768, 22.2822123 ], [ 114.1290527, 22.2823272 ], [ 114.129014, 22.2823202 ], [ 114.1290107, 22.2823357 ], [ 114.1290481, 22.2823425 ], [ 114.1290224, 22.2824647 ], [ 114.1289401, 22.2824499 ] ] ] } },
{ "type": "Feature", "properties": { "id": "312192801", "name": "nan", "shop": "nan", "highway": "nan", "railway": "nan", "leisure": "nan", "landuse": "nan", "building": "yes" }, "geometry": { "type": "Polygon", "coordinates": [ [ [ 114.129261, 22.2822333 ], [ 114.1294269, 22.2822648 ], [ 114.129408, 22.2823502 ], [ 114.129242, 22.2823187 ], [ 114.129261, 22.2822333 ] ] ] } },
{ "type": "Feature", "properties": { "id": "312192804", "name": "nan", "shop": "nan", "highway": "nan", "railway": "nan", "leisure": "nan", "landuse": "nan", "building": "yes" }, "geometry": { "type": "Polygon", "coordinates": [ [ [ 114.1262489, 22.282031 ], [ 114.1262728, 22.2819029 ], [ 114.1264228, 22.2819295 ], [ 114.1263975, 22.2820564 ], [ 114.1262489, 22.282031 ] ] ] } },
{ "type": "Feature", "properties": { "id": "312192813", "name": "nan", "shop": "nan", "highway": "nan", "railway": "nan", "leisure": "nan", "landuse": "nan", "building": "yes" }, "geometry": { "type": "Polygon", "coordinates": [ [ [ 114.1267992, 22.2822889 ], [ 114.1266456, 22.2822629 ], [ 114.126671, 22.2821344 ], [ 114.1268247, 22.2821604 ], [ 114.1267992, 22.2822889 ] ] ] } },
{ "type": "Feature", "properties": { "id": "312192815", "name": "嘉融酒店 Concord Hotel", "shop": "nan", "highway": "nan", "railway": "nan", "leisure": "nan", "landuse": "nan", "building": "yes" }, "geometry": { "type": "Polygon", "coordinates": [ [ [ 114.1266781, 22.2821054 ], [ 114.126831, 22.2821312 ], [ 114.1268808, 22.2818782 ], [ 114.1267279, 22.2818524 ], [ 114.1266781, 22.2821054 ] ] ] } },
{ "type": "Feature", "properties": { "id": "312192818", "name": "nan", "shop": "nan", "highway": "nan", "railway": "nan", "leisure": "nan", "landuse": "nan", "building": "apartments" }, "geometry": { "type": "Polygon", "coordinates": [ [ [ 114.1266911, 22.2821019 ], [ 114.126731, 22.2818969 ], [ 114.1268267, 22.2819129 ], [ 114.1267868, 22.2821179 ], [ 114.1266911, 22.2821019 ] ] ] } },
{ "type": "Feature", "properties": { "id": "312192820", "name": "nan", "shop": "nan", "highway": "nan", "railway": "nan", "leisure": "nan", "landuse": "nan", "building": "apartments" }, "geometry": { "type": "Polygon", "coordinates": [ [ [ 114.1277008, 22.2835868 ], [ 114.1278052, 22.2836044 ], [ 114.127868, 22.2832856 ], [ 114.1277636, 22.283268 ], [ 114.1277008, 22.2835868 ] ] ] } },
{ "type": "Feature", "properties": { "id": "312192823", "name": "nan", "shop": "nan", "highway": "nan", "railway": "nan", "leisure": "nan", "landuse": "nan", "building": "apartments" }, "geometry": { "type": "Polygon", "coordinates": [ [ [ 114.1273921, 22.2829544 ], [ 114.1273067, 22.2829394 ], [ 114.1273265, 22.2828435 ], [ 114.1274119, 22.2828586 ], [ 114.1273921, 22.2829544 ] ] ] } },
{ "type": "Feature", "properties": { "id": "312192826", "name": "nan", "shop": "nan", "highway": "nan", "railway": "nan", "leisure": "nan", "landuse": "nan", "building": "yes" }, "geometry": { "type": "Polygon", "coordinates": [ [ [ 114.1278106, 22.2827056 ], [ 114.1276665, 22.282681 ], [ 114.1276871, 22.2825813 ], [ 114.1278302, 22.2826064 ], [ 114.1278106, 22.2827056 ] ] ] } },
{ "type": "Feature", "properties": { "id": "312192828", "name": "nan", "shop": "nan", "highway": "nan", "railway": "nan", "leisure": "nan", "landuse": "nan", "building": "yes" }, "geometry": { "type": "Polygon", "coordinates": [ [ [ 114.1273181, 22.2827579 ], [ 114.1273384, 22.2826566 ], [ 114.1276169, 22.2827044 ], [ 114.1275966, 22.2828057 ], [ 114.1273181, 22.2827579 ] ] ] } },
{ "type": "Feature", "properties": { "id": "312192830", "name": "nan", "shop": "nan", "highway": "nan", "railway": "nan", "leisure": "nan", "landuse": "nan", "building": "apartments" }, "geometry": { "type": "Polygon", "coordinates": [ [ [ 114.1277593, 22.2828286 ], [ 114.1277769, 22.2827399 ], [ 114.1278914, 22.2827594 ], [ 114.1278737, 22.2828482 ], [ 114.1277593, 22.2828286 ] ] ] } },
{ "type": "Feature", "properties": { "id": "312192835", "name": "nan", "shop": "nan", "highway": "nan", "railway": "nan", "leisure": "nan", "landuse": "nan", "building": "yes" }, "geometry": { "type": "Polygon", "coordinates": [ [ [ 114.1255785, 22.2821017 ], [ 114.1255845, 22.2820698 ], [ 114.1256831, 22.2815413 ], [ 114.1261801, 22.281628 ], [ 114.1260744, 22.2821643 ], [ 114.1255785, 22.2821017 ] ] ] } },
{ "type": "Feature", "properties": { "id": "312192847", "name": "nan", "shop": "nan", "highway": "nan", "railway": "nan", "leisure": "nan", "landuse": "nan", "building": "yes" }, "geometry": { "type": "Polygon", "coordinates": [ [ [ 114.1269006, 22.282556 ], [ 114.126921, 22.2824504 ], [ 114.127143, 22.2824871 ], [ 114.1271226, 22.2825928 ], [ 114.1269006, 22.282556 ] ] ] } },
{ "type": "Feature", "properties": { "id": "312192848", "name": "nan", "shop": "nan", "highway": "nan", "railway": "nan", "leisure": "nan", "landuse": "nan", "building": "yes" }, "geometry": { "type": "Polygon", "coordinates": [ [ [ 114.1281578, 22.2830792 ], [ 114.1284764, 22.2831336 ], [ 114.128526, 22.2828851 ], [ 114.1282074, 22.2828306 ], [ 114.1281578, 22.2830792 ] ] ] } },
{ "type": "Feature", "properties": { "id": "312192849", "name": "nan", "shop": "nan", "highway": "nan", "railway": "nan", "leisure": "nan", "landuse": "nan", "building": "station" }, "geometry": { "type": "Polygon", "coordinates": [ [ [ 114.1284923, 22.2811662 ], [ 114.1285401, 22.2811785 ], [ 114.1286821, 22.2812135 ], [ 114.1287212, 22.2810813 ], [ 114.128533, 22.2810303 ], [ 114.1284923, 22.2811662 ] ] ] } },
{ "type": "Feature", "properties": { "id": "312192850", "name": "nan", "shop": "nan", "highway": "nan", "railway": "nan", "leisure": "nan", "landuse": "nan", "building": "station" }, "geometry": { "type": "Polygon", "coordinates": [ [ [ 114.127965, 22.2812613 ], [ 114.1280347, 22.281282 ], [ 114.1281017, 22.2813019 ], [ 114.1282234, 22.2809511 ], [ 114.1280867, 22.2809104 ], [ 114.127965, 22.2812613 ] ] ] } },
{ "type": "Feature", "properties": { "id": "312192852", "name": "nan", "shop": "nan", "highway": "nan", "railway": "nan", "leisure": "nan", "landuse": "nan", "building": "yes" }, "geometry": { "type": "Polygon", "coordinates": [ [ [ 114.1295678, 22.2831247 ], [ 114.1296573, 22.2831875 ], [ 114.1297856, 22.2830404 ], [ 114.1296601, 22.2829546 ], [ 114.1295678, 22.2831247 ] ] ] } },
{ "type": "Feature", "properties": { "id": "312192853", "name": "nan", "shop": "nan", "highway": "nan", "railway": "nan", "leisure": "nan", "landuse": "nan", "building": "yes" }, "geometry": { "type": "Polygon", "coordinates": [ [ [ 114.1271335, 22.282597 ], [ 114.1271533, 22.2824947 ], [ 114.1273336, 22.2825244 ], [ 114.1274825, 22.2825489 ], [ 114.1274628, 22.2826513 ], [ 114.1271335, 22.282597 ] ] ] } },
{ "type": "Feature", "properties": { "id": "312192854", "name": "nan", "shop": "nan", "highway": "nan", "railway": "nan", "leisure": "nan", "landuse": "nan", "building": "yes" }, "geometry": { "type": "Polygon", "coordinates": [ [ [ 114.1291687, 22.2806292 ], [ 114.1292608, 22.2804734 ], [ 114.1294726, 22.2805868 ], [ 114.129539, 22.280687 ], [ 114.1294467, 22.2807812 ], [ 114.1291687, 22.2806292 ] ] ] } },
{ "type": "Feature", "properties": { "id": "312192855", "name": "nan", "shop": "nan", "highway": "nan", "railway": "nan", "leisure": "nan", "landuse": "nan", "building": "apartments" }, "geometry": { "type": "Polygon", "coordinates": [ [ [ 114.1291516, 22.2827123 ], [ 114.1291848, 22.2825652 ], [ 114.1292474, 22.2825773 ], [ 114.1292325, 22.2826435 ], [ 114.129256, 22.282648 ], [ 114.1292377, 22.282729 ], [ 114.1291516, 22.2827123 ] ] ] } },
{ "type": "Feature", "properties": { "id": "312192856", "name": "nan", "shop": "nan", "highway": "nan", "railway": "nan", "leisure": "nan", "landuse": "nan", "building": "yes" }, "geometry": { "type": "Polygon", "coordinates": [ [ [ 114.1279271, 22.2826343 ], [ 114.1281045, 22.2826636 ], [ 114.1280898, 22.2827393 ], [ 114.1280868, 22.2827566 ], [ 114.1279094, 22.282727 ], [ 114.1279124, 22.2827102 ], [ 114.1279271, 22.2826343 ] ] ] } },
{ "type": "Feature", "properties": { "id": "312192857", "name": "nan", "shop": "nan", "highway": "nan", "railway": "nan", "leisure": "nan", "landuse": "nan", "building": "yes" }, "geometry": { "type": "Polygon", "coordinates": [ [ [ 114.1279557, 22.282859 ], [ 114.1279729, 22.2827723 ], [ 114.1280432, 22.2827843 ], [ 114.1280408, 22.2827965 ], [ 114.128035, 22.2828257 ], [ 114.128026, 22.2828709 ], [ 114.1279557, 22.282859 ] ] ] } },
{ "type": "Feature", "properties": { "id": "312192859", "name": "nan", "shop": "nan", "highway": "nan", "railway": "nan", "leisure": "nan", "landuse": "nan", "building": "apartments" }, "geometry": { "type": "Polygon", "coordinates": [ [ [ 114.1287458, 22.2827809 ], [ 114.1288152, 22.2827937 ], [ 114.1287983, 22.2828725 ], [ 114.1287133, 22.2828568 ], [ 114.1287219, 22.2828166 ], [ 114.1287375, 22.2828194 ], [ 114.1287458, 22.2827809 ] ] ] } },
{ "type": "Feature", "properties": { "id": "312192860", "name": "nan", "shop": "nan", "highway": "nan", "railway": "nan", "leisure": "nan", "landuse": "nan", "building": "yes" }, "geometry": { "type": "Polygon", "coordinates": [ [ [ 114.1282551, 22.2825416 ], [ 114.1282997, 22.28234 ], [ 114.1284603, 22.2823699 ], [ 114.1284565, 22.2823875 ], [ 114.1284422, 22.2824532 ], [ 114.1284165, 22.282571 ], [ 114.1282551, 22.2825416 ] ] ] } },
{ "type": "Feature", "properties": { "id": "312192861", "name": "nan", "shop": "nan", "highway": "nan", "railway": "nan", "leisure": "nan", "landuse": "nan", "building": "yes" }, "geometry": { "type": "Polygon", "coordinates": [ [ [ 114.1291787, 22.2814528 ], [ 114.1292455, 22.281162 ], [ 114.1293877, 22.2811946 ], [ 114.129348, 22.2813478 ], [ 114.1294517, 22.2813689 ], [ 114.1294176, 22.2815002 ], [ 114.1291787, 22.2814528 ] ] ] } },
{ "type": "Feature", "properties": { "id": "312192865", "name": "nan", "shop": "nan", "highway": "nan", "railway": "nan", "leisure": "nan", "landuse": "nan", "building": "yes" }, "geometry": { "type": "Polygon", "coordinates": [ [ [ 114.1291331, 22.2829623 ], [ 114.1291635, 22.2828166 ], [ 114.1293133, 22.2828446 ], [ 114.1294591, 22.2828757 ], [ 114.1294971, 22.2828843 ], [ 114.1295269, 22.2828945 ], [ 114.1295547, 22.2829053 ], [ 114.1295235, 22.2830353 ], [ 114.1291331, 22.2829623 ] ] ] } },
{ "type": "Feature", "properties": { "id": "312192866", "name": "nan", "shop": "nan", "highway": "nan", "railway": "nan", "leisure": "nan", "landuse": "nan", "building": "apartments" }, "geometry": { "type": "Polygon", "coordinates": [ [ [ 114.1294728, 22.283862 ], [ 114.12956, 22.2837676 ], [ 114.129563, 22.2837599 ], [ 114.1295599, 22.283748 ], [ 114.1294846, 22.2836938 ], [ 114.1293908, 22.2837986 ], [ 114.1294581, 22.2838506 ], [ 114.1294728, 22.283862 ] ] ] } },
{ "type": "Feature", "properties": { "id": "312192867", "name": "nan", "shop": "nan", "highway": "nan", "railway": "nan", "leisure": "nan", "landuse": "nan", "building": "apartments" }, "geometry": { "type": "Polygon", "coordinates": [ [ [ 114.1299017, 22.2827219 ], [ 114.1299532, 22.2827478 ], [ 114.1299706, 22.2827182 ], [ 114.1299566, 22.2827112 ], [ 114.1300167, 22.2826087 ], [ 114.1300364, 22.2826186 ], [ 114.1300563, 22.2825847 ], [ 114.1299991, 22.2825559 ], [ 114.1299017, 22.2827219 ] ] ] } },
{ "type": "Feature", "properties": { "id": "312192868", "name": "nan", "shop": "nan", "highway": "nan", "railway": "nan", "leisure": "nan", "landuse": "nan", "building": "apartments" }, "geometry": { "type": "Polygon", "coordinates": [ [ [ 114.1293491, 22.2824257 ], [ 114.1292093, 22.2823994 ], [ 114.1292272, 22.2823183 ], [ 114.1293687, 22.282345 ], [ 114.1293637, 22.2823679 ], [ 114.1293362, 22.2823627 ], [ 114.1293282, 22.2823987 ], [ 114.129354, 22.2824036 ], [ 114.1293491, 22.2824257 ] ] ] } },
{ "type": "Feature", "properties": { "id": "312192869", "name": "nan", "shop": "nan", "highway": "nan", "railway": "nan", "leisure": "nan", "landuse": "nan", "building": "apartments" }, "geometry": { "type": "Polygon", "coordinates": [ [ [ 114.1292488, 22.2823177 ], [ 114.1293911, 22.2823446 ], [ 114.1293995, 22.2823065 ], [ 114.1293724, 22.2823013 ], [ 114.1293802, 22.2822658 ], [ 114.129293, 22.2822493 ], [ 114.1292855, 22.2822832 ], [ 114.1292576, 22.2822779 ], [ 114.1292488, 22.2823177 ] ] ] } },
{ "type": "Feature", "properties": { "id": "312192870", "name": "nan", "shop": "nan", "highway": "nan", "railway": "nan", "leisure": "nan", "landuse": "nan", "building": "apartments" }, "geometry": { "type": "Polygon", "coordinates": [ [ [ 114.1292407, 22.2827298 ], [ 114.1293361, 22.2827482 ], [ 114.1293467, 22.2827014 ], [ 114.1293294, 22.282698 ], [ 114.1293497, 22.2826076 ], [ 114.1292889, 22.2825958 ], [ 114.1292686, 22.2826858 ], [ 114.1292514, 22.2826824 ], [ 114.1292407, 22.2827298 ] ] ] } },
{ "type": "Feature", "properties": { "id": "312192871", "name": "nan", "shop": "nan", "highway": "nan", "railway": "nan", "leisure": "nan", "landuse": "nan", "building": "apartments" }, "geometry": { "type": "Polygon", "coordinates": [ [ [ 114.1262786, 22.2820298 ], [ 114.1263263, 22.2820386 ], [ 114.1263305, 22.2820188 ], [ 114.126379, 22.2820277 ], [ 114.1263947, 22.2819549 ], [ 114.1263226, 22.2819416 ], [ 114.1263193, 22.2819568 ], [ 114.1262952, 22.2819523 ], [ 114.1262786, 22.2820298 ] ] ] } },
{ "type": "Feature", "properties": { "id": "312192873", "name": "nan", "shop": "nan", "highway": "nan", "railway": "nan", "leisure": "nan", "landuse": "nan", "building": "apartments" }, "geometry": { "type": "Polygon", "coordinates": [ [ [ 114.1277823, 22.2831718 ], [ 114.1277949, 22.2831065 ], [ 114.127812, 22.2831092 ], [ 114.1278199, 22.2830684 ], [ 114.127885, 22.2830791 ], [ 114.1278771, 22.2831203 ], [ 114.1278906, 22.2831225 ], [ 114.1278782, 22.2831876 ], [ 114.1277823, 22.2831718 ] ] ] } },
{ "type": "Feature", "properties": { "id": "312192874", "name": "nan", "shop": "nan", "highway": "nan", "railway": "nan", "leisure": "nan", "landuse": "nan", "building": "apartments" }, "geometry": { "type": "Polygon", "coordinates": [ [ [ 114.1272622, 22.2830653 ], [ 114.1273406, 22.2830797 ], [ 114.1273523, 22.2830266 ], [ 114.1273373, 22.283024 ], [ 114.1273435, 22.282994 ], [ 114.1272948, 22.2829855 ], [ 114.1272885, 22.2830156 ], [ 114.1272736, 22.283013 ], [ 114.1272622, 22.2830653 ] ] ] } },
{ "type": "Feature", "properties": { "id": "312192875", "name": "nan", "shop": "nan", "highway": "nan", "railway": "nan", "leisure": "nan", "landuse": "nan", "building": "apartments" }, "geometry": { "type": "Polygon", "coordinates": [ [ [ 114.1273393, 22.2830949 ], [ 114.1273501, 22.2830443 ], [ 114.1273692, 22.2830477 ], [ 114.1273758, 22.2830162 ], [ 114.1274334, 22.2830267 ], [ 114.1274266, 22.2830588 ], [ 114.127446, 22.2830623 ], [ 114.1274353, 22.2831124 ], [ 114.1273393, 22.2830949 ] ] ] } },
{ "type": "Feature", "properties": { "id": "312192876", "name": "nan", "shop": "nan", "highway": "nan", "railway": "nan", "leisure": "nan", "landuse": "nan", "building": "apartments" }, "geometry": { "type": "Polygon", "coordinates": [ [ [ 114.1267955, 22.2832378 ], [ 114.1267993, 22.2832183 ], [ 114.1267754, 22.2832143 ], [ 114.1267865, 22.2831574 ], [ 114.1268311, 22.2831649 ], [ 114.1268261, 22.2831904 ], [ 114.1268493, 22.2831942 ], [ 114.1268393, 22.2832452 ], [ 114.1267955, 22.2832378 ] ] ] } },
{ "type": "Feature", "properties": { "id": "312192877", "name": "nan", "shop": "nan", "highway": "nan", "railway": "nan", "leisure": "nan", "landuse": "nan", "building": "apartments" }, "geometry": { "type": "Polygon", "coordinates": [ [ [ 114.1261443, 22.2828767 ], [ 114.1261532, 22.2828325 ], [ 114.126102, 22.2828236 ], [ 114.1261108, 22.2827802 ], [ 114.1262542, 22.2828051 ], [ 114.1262454, 22.2828485 ], [ 114.1261991, 22.2828405 ], [ 114.1261901, 22.2828846 ], [ 114.1261443, 22.2828767 ] ] ] } },
{ "type": "Feature", "properties": { "id": "312192878", "name": "nan", "shop": "nan", "highway": "nan", "railway": "nan", "leisure": "nan", "landuse": "nan", "building": "apartments" }, "geometry": { "type": "Polygon", "coordinates": [ [ [ 114.1267525, 22.2822374 ], [ 114.126761, 22.2821945 ], [ 114.1268121, 22.2822032 ], [ 114.1268206, 22.2821607 ], [ 114.1266768, 22.2821361 ], [ 114.1266683, 22.2821784 ], [ 114.1267192, 22.2821871 ], [ 114.1267106, 22.2822302 ], [ 114.1267525, 22.2822374 ] ] ] } },
{ "type": "Feature", "properties": { "id": "312192879", "name": "nan", "shop": "nan", "highway": "nan", "railway": "nan", "leisure": "nan", "landuse": "nan", "building": "yes" }, "geometry": { "type": "Polygon", "coordinates": [ [ [ 114.1281572, 22.2838478 ], [ 114.1279944, 22.2838222 ], [ 114.1280361, 22.2835955 ], [ 114.1281989, 22.2836212 ], [ 114.1281849, 22.2836968 ], [ 114.1281053, 22.2836842 ], [ 114.1280909, 22.2837627 ], [ 114.1281705, 22.2837753 ], [ 114.1281572, 22.2838478 ] ] ] } },
{ "type": "Feature", "properties": { "id": "312192880", "name": "nan", "shop": "nan", "highway": "nan", "railway": "nan", "leisure": "nan", "landuse": "nan", "building": "yes" }, "geometry": { "type": "Polygon", "coordinates": [ [ [ 114.1279944, 22.2838222 ], [ 114.127989, 22.2838516 ], [ 114.1281517, 22.2838772 ], [ 114.1281572, 22.2838478 ], [ 114.1281989, 22.2836212 ], [ 114.1282042, 22.2835923 ], [ 114.1280414, 22.2835667 ], [ 114.1280361, 22.2835955 ], [ 114.1279944, 22.2838222 ] ] ] } },
{ "type": "Feature", "properties": { "id": "312192881", "name": "nan", "shop": "nan", "highway": "nan", "railway": "nan", "leisure": "nan", "landuse": "nan", "building": "apartments" }, "geometry": { "type": "Polygon", "coordinates": [ [ [ 114.1272079, 22.2829162 ], [ 114.1272261, 22.2828261 ], [ 114.1273088, 22.2828403 ], [ 114.1272902, 22.2829325 ], [ 114.127269, 22.2829288 ], [ 114.1272661, 22.2829436 ], [ 114.1272257, 22.2829366 ], [ 114.1272291, 22.2829198 ], [ 114.1272079, 22.2829162 ] ] ] } },
{ "type": "Feature", "properties": { "id": "312192882", "name": "nan", "shop": "nan", "highway": "nan", "railway": "nan", "leisure": "nan", "landuse": "nan", "building": "apartments" }, "geometry": { "type": "Polygon", "coordinates": [ [ [ 114.1278244, 22.2830408 ], [ 114.1278319, 22.2830032 ], [ 114.1278388, 22.2830044 ], [ 114.127845, 22.2829739 ], [ 114.1278293, 22.2829713 ], [ 114.1278379, 22.2829287 ], [ 114.1278869, 22.2829371 ], [ 114.1278648, 22.2830477 ], [ 114.1278244, 22.2830408 ] ] ] } },
{ "type": "Feature", "properties": { "id": "312192883", "name": "nan", "shop": "nan", "highway": "nan", "railway": "nan", "leisure": "nan", "landuse": "nan", "building": "apartments" }, "geometry": { "type": "Polygon", "coordinates": [ [ [ 114.1275031, 22.2826452 ], [ 114.1275129, 22.282598 ], [ 114.1274953, 22.2825949 ], [ 114.1275062, 22.282542 ], [ 114.1275957, 22.282558 ], [ 114.1275846, 22.2826118 ], [ 114.1275664, 22.2826086 ], [ 114.1275568, 22.2826547 ], [ 114.1275031, 22.2826452 ] ] ] } },
{ "type": "Feature", "properties": { "id": "312192884", "name": "nan", "shop": "nan", "highway": "nan", "railway": "nan", "leisure": "nan", "landuse": "nan", "building": "apartments" }, "geometry": { "type": "Polygon", "coordinates": [ [ [ 114.1275949, 22.2826612 ], [ 114.1276046, 22.2826139 ], [ 114.1275868, 22.2826108 ], [ 114.1275975, 22.2825581 ], [ 114.1276879, 22.2825739 ], [ 114.1276769, 22.2826278 ], [ 114.1276581, 22.2826246 ], [ 114.1276487, 22.2826707 ], [ 114.1275949, 22.2826612 ] ] ] } },
{ "type": "Feature", "properties": { "id": "312192885", "name": "nan", "shop": "nan", "highway": "nan", "railway": "nan", "leisure": "nan", "landuse": "nan", "building": "yes" }, "geometry": { "type": "Polygon", "coordinates": [ [ [ 114.128064, 22.2828307 ], [ 114.1280699, 22.2828014 ], [ 114.1280408, 22.2827965 ], [ 114.1280432, 22.2827843 ], [ 114.1279729, 22.2827723 ], [ 114.1279557, 22.282859 ], [ 114.128026, 22.2828709 ], [ 114.1280551, 22.2828759 ], [ 114.128064, 22.2828307 ] ] ] } },
{ "type": "Feature", "properties": { "id": "312192886", "name": "nan", "shop": "nan", "highway": "nan", "railway": "nan", "leisure": "nan", "landuse": "nan", "building": "apartments" }, "geometry": { "type": "Polygon", "coordinates": [ [ [ 114.1278271, 22.2827042 ], [ 114.1278366, 22.2826559 ], [ 114.1278231, 22.2826536 ], [ 114.1278333, 22.2826019 ], [ 114.1279281, 22.2826179 ], [ 114.1279175, 22.282672 ], [ 114.1279016, 22.2826693 ], [ 114.1278925, 22.2827153 ], [ 114.1278271, 22.2827042 ] ] ] } },
{ "type": "Feature", "properties": { "id": "312192887", "name": "nan", "shop": "nan", "highway": "nan", "railway": "nan", "leisure": "nan", "landuse": "nan", "building": "yes" }, "geometry": { "type": "Polygon", "coordinates": [ [ [ 114.128026, 22.2828709 ], [ 114.1280551, 22.2828759 ], [ 114.128064, 22.2828307 ], [ 114.128035, 22.2828257 ], [ 114.1280408, 22.2827965 ], [ 114.1280432, 22.2827843 ], [ 114.1279729, 22.2827723 ], [ 114.1279557, 22.282859 ], [ 114.128026, 22.2828709 ] ] ] } },
{ "type": "Feature", "properties": { "id": "312192889", "name": "nan", "shop": "nan", "highway": "nan", "railway": "nan", "leisure": "nan", "landuse": "nan", "building": "apartments" }, "geometry": { "type": "Polygon", "coordinates": [ [ [ 114.1288138, 22.2828872 ], [ 114.1288245, 22.2828386 ], [ 114.128808, 22.2828355 ], [ 114.1288224, 22.28277 ], [ 114.1289055, 22.2827856 ], [ 114.1288911, 22.2828511 ], [ 114.1288762, 22.2828483 ], [ 114.1288655, 22.2828969 ], [ 114.1288138, 22.2828872 ] ] ] } },
{ "type": "Feature", "properties": { "id": "312192890", "name": "nan", "shop": "nan", "highway": "nan", "railway": "nan", "leisure": "nan", "landuse": "nan", "building": "apartments" }, "geometry": { "type": "Polygon", "coordinates": [ [ [ 114.1282831, 22.2824215 ], [ 114.1282974, 22.2823573 ], [ 114.1284565, 22.2823875 ], [ 114.1284422, 22.2824532 ], [ 114.1283911, 22.2824435 ], [ 114.1283787, 22.2824997 ], [ 114.1283225, 22.2824891 ], [ 114.1283353, 22.2824314 ], [ 114.1282831, 22.2824215 ] ] ] } },
{ "type": "Feature", "properties": { "id": "312192891", "name": "nan", "shop": "nan", "highway": "nan", "railway": "nan", "leisure": "nan", "landuse": "nan", "building": "yes" }, "geometry": { "type": "Polygon", "coordinates": [ [ [ 114.1284505, 22.2821011 ], [ 114.1283409, 22.2820804 ], [ 114.1282903, 22.2823099 ], [ 114.1285212, 22.2823535 ], [ 114.1285471, 22.2822363 ], [ 114.1285627, 22.2822392 ], [ 114.1285874, 22.282127 ], [ 114.1285007, 22.2821106 ], [ 114.1284505, 22.2821011 ] ] ] } },
{ "type": "Feature", "properties": { "id": "312192892", "name": "nan", "shop": "nan", "highway": "nan", "railway": "nan", "leisure": "nan", "landuse": "nan", "building": "apartments" }, "geometry": { "type": "Polygon", "coordinates": [ [ [ 114.1282064, 22.2827781 ], [ 114.1282157, 22.2827329 ], [ 114.1281988, 22.2827299 ], [ 114.1282105, 22.2826728 ], [ 114.1282268, 22.2826756 ], [ 114.1282296, 22.2826622 ], [ 114.1282776, 22.2826706 ], [ 114.1282538, 22.2827864 ], [ 114.1282064, 22.2827781 ] ] ] } },
{ "type": "Feature", "properties": { "id": "312192893", "name": "nan", "shop": "nan", "highway": "nan", "railway": "nan", "leisure": "nan", "landuse": "nan", "building": "apartments" }, "geometry": { "type": "Polygon", "coordinates": [ [ [ 114.1284732, 22.282817 ], [ 114.1284851, 22.2827586 ], [ 114.1284691, 22.2827558 ], [ 114.1284794, 22.2827052 ], [ 114.1285821, 22.282723 ], [ 114.1285715, 22.2827751 ], [ 114.1285565, 22.2827725 ], [ 114.1285449, 22.2828295 ], [ 114.1284732, 22.282817 ] ] ] } },
{ "type": "Feature", "properties": { "id": "312192894", "name": "nan", "shop": "nan", "highway": "nan", "railway": "nan", "leisure": "nan", "landuse": "nan", "building": "apartments" }, "geometry": { "type": "Polygon", "coordinates": [ [ [ 114.1282754, 22.2827843 ], [ 114.1282864, 22.2827308 ], [ 114.1282675, 22.2827275 ], [ 114.128279, 22.2826711 ], [ 114.1283825, 22.2826892 ], [ 114.128371, 22.2827459 ], [ 114.128353, 22.2827428 ], [ 114.1283421, 22.282796 ], [ 114.1282754, 22.2827843 ] ] ] } },
{ "type": "Feature", "properties": { "id": "312192895", "name": "nan", "shop": "nan", "highway": "nan", "railway": "nan", "leisure": "nan", "landuse": "nan", "building": "apartments" }, "geometry": { "type": "Polygon", "coordinates": [ [ [ 114.1286852, 22.2835805 ], [ 114.1288056, 22.283603 ], [ 114.1288165, 22.2835533 ], [ 114.1287765, 22.2835458 ], [ 114.1287807, 22.2835264 ], [ 114.1287422, 22.2835192 ], [ 114.128738, 22.2835385 ], [ 114.1286961, 22.2835306 ], [ 114.1286852, 22.2835805 ] ] ] } },
{ "type": "Feature", "properties": { "id": "312192896", "name": "nan", "shop": "nan", "highway": "nan", "railway": "nan", "leisure": "nan", "landuse": "nan", "building": "apartments" }, "geometry": { "type": "Polygon", "coordinates": [ [ [ 114.1288959, 22.2838812 ], [ 114.1289113, 22.2838072 ], [ 114.1290349, 22.2838292 ], [ 114.129032, 22.2838428 ], [ 114.1290496, 22.2838459 ], [ 114.1290393, 22.2838958 ], [ 114.1290197, 22.2838923 ], [ 114.1290175, 22.2839028 ], [ 114.1288959, 22.2838812 ] ] ] } },
{ "type": "Feature", "properties": { "id": "312192897", "name": "nan", "shop": "nan", "highway": "nan", "railway": "nan", "leisure": "nan", "landuse": "nan", "building": "apartments" }, "geometry": { "type": "Polygon", "coordinates": [ [ [ 114.1289788, 22.2838975 ], [ 114.128976, 22.2839107 ], [ 114.1290225, 22.283919 ], [ 114.1290121, 22.2839694 ], [ 114.1289666, 22.2839613 ], [ 114.1289634, 22.2839768 ], [ 114.1288799, 22.283962 ], [ 114.1288964, 22.2838828 ], [ 114.1289788, 22.2838975 ] ] ] } },
{ "type": "Feature", "properties": { "id": "312192900", "name": "nan", "shop": "nan", "highway": "nan", "railway": "nan", "leisure": "nan", "landuse": "nan", "building": "apartments" }, "geometry": { "type": "Polygon", "coordinates": [ [ [ 114.1290144, 22.2838082 ], [ 114.1290244, 22.2837603 ], [ 114.1289872, 22.2837536 ], [ 114.1289975, 22.2837046 ], [ 114.1290349, 22.2837113 ], [ 114.1290431, 22.2836719 ], [ 114.1291005, 22.2836822 ], [ 114.129072, 22.2838184 ], [ 114.1290144, 22.2838082 ] ] ] } },
{ "type": "Feature", "properties": { "id": "312192901", "name": "nan", "shop": "nan", "highway": "nan", "railway": "nan", "leisure": "nan", "landuse": "nan", "building": "apartments" }, "geometry": { "type": "Polygon", "coordinates": [ [ [ 114.1293362, 22.2837409 ], [ 114.1293608, 22.2837137 ], [ 114.1293474, 22.2837033 ], [ 114.1294086, 22.2836356 ], [ 114.1294836, 22.2836936 ], [ 114.129422, 22.2837618 ], [ 114.1294075, 22.2837506 ], [ 114.1293833, 22.2837774 ], [ 114.1293362, 22.2837409 ] ] ] } },
{ "type": "Feature", "properties": { "id": "312192902", "name": "nan", "shop": "nan", "highway": "nan", "railway": "nan", "leisure": "nan", "landuse": "nan", "building": "yes" }, "geometry": { "type": "Polygon", "coordinates": [ [ [ 114.1297592, 22.2823655 ], [ 114.1297091, 22.2823498 ], [ 114.1297125, 22.2823379 ], [ 114.1295633, 22.2822988 ], [ 114.1294347, 22.2827689 ], [ 114.129488, 22.2827802 ], [ 114.1295325, 22.2827966 ], [ 114.129586, 22.2828178 ], [ 114.1297592, 22.2823655 ] ] ] } },
{ "type": "Feature", "properties": { "id": "312192903", "name": "nan", "shop": "nan", "highway": "nan", "railway": "nan", "leisure": "nan", "landuse": "nan", "building": "apartments" }, "geometry": { "type": "Polygon", "coordinates": [ [ [ 114.1270963, 22.2827193 ], [ 114.1268607, 22.2826795 ], [ 114.1268776, 22.2825938 ], [ 114.1268913, 22.2825962 ], [ 114.1269456, 22.2826053 ], [ 114.1269374, 22.2826469 ], [ 114.1269922, 22.2826562 ], [ 114.1270005, 22.2826142 ], [ 114.1271133, 22.2826332 ], [ 114.1270963, 22.2827193 ] ] ] } },
{ "type": "Feature", "properties": { "id": "312192904", "name": "nan", "shop": "nan", "highway": "nan", "railway": "nan", "leisure": "nan", "landuse": "nan", "building": "yes" }, "geometry": { "type": "Polygon", "coordinates": [ [ [ 114.127843, 22.2808118 ], [ 114.1278925, 22.2807795 ], [ 114.1279522, 22.2807741 ], [ 114.1280775, 22.2807391 ], [ 114.1281634, 22.2807458 ], [ 114.1281459, 22.2807808 ], [ 114.1280396, 22.2808294 ], [ 114.127969, 22.2808428 ], [ 114.1278577, 22.2808445 ], [ 114.127843, 22.2808118 ] ] ] } },
{ "type": "Feature", "properties": { "id": "312192905", "name": "nan", "shop": "nan", "highway": "nan", "railway": "nan", "leisure": "nan", "landuse": "nan", "building": "yes" }, "geometry": { "type": "Polygon", "coordinates": [ [ [ 114.1290126, 22.280896 ], [ 114.1289815, 22.2809479 ], [ 114.1290629, 22.2809728 ], [ 114.1291444, 22.2808865 ], [ 114.1292216, 22.2809274 ], [ 114.1293197, 22.2807872 ], [ 114.129373, 22.2808169 ], [ 114.1294091, 22.2807626 ], [ 114.1291825, 22.2806397 ], [ 114.1290126, 22.280896 ] ] ] } },
{ "type": "Feature", "properties": { "id": "312192906", "name": "nan", "shop": "nan", "highway": "nan", "railway": "nan", "leisure": "nan", "landuse": "nan", "building": "yes" }, "geometry": { "type": "Polygon", "coordinates": [ [ [ 114.1304232, 22.2816925 ], [ 114.1300309, 22.2808535 ], [ 114.1298389, 22.2808587 ], [ 114.1298531, 22.2810774 ], [ 114.1301555, 22.2817207 ], [ 114.1301702, 22.281736 ], [ 114.1301878, 22.28175 ], [ 114.1302082, 22.2817617 ], [ 114.1302291, 22.2817697 ], [ 114.1302549, 22.2817753 ], [ 114.1302859, 22.281776 ], [ 114.1303173, 22.2817701 ], [ 114.1303445, 22.2817592 ], [ 114.1303677, 22.2817456 ], [ 114.1303853, 22.2817317 ], [ 114.1304232, 22.2816925 ] ] ] } },
{ "type": "Feature", "properties": { "id": "312192979", "name": "Town Place", "shop": "nan", "highway": "nan", "railway": "nan", "leisure": "nan", "landuse": "nan", "building": "apartments" }, "geometry": { "type": "Polygon", "coordinates": [ [ [ 114.1284724, 22.2832803 ], [ 114.128579, 22.2827423 ], [ 114.1287284, 22.2827676 ], [ 114.1286217, 22.2833056 ], [ 114.1284724, 22.2832803 ] ] ] } },
{ "type": "Feature", "properties": { "id": "312192987", "name": "nan", "shop": "nan", "highway": "nan", "railway": "nan", "leisure": "nan", "landuse": "nan", "building": "yes" }, "geometry": { "type": "Polygon", "coordinates": [ [ [ 114.1293555, 22.2787594 ], [ 114.129399, 22.2787552 ], [ 114.1293906, 22.2786813 ], [ 114.1293471, 22.2786856 ], [ 114.1293555, 22.2787594 ] ] ] } },
{ "type": "Feature", "properties": { "id": "315571038", "name": "A座 Block A", "shop": "nan", "highway": "nan", "railway": "nan", "leisure": "nan", "landuse": "nan", "building": "apartments" }, "geometry": { "type": "Polygon", "coordinates": [ [ [ 114.135124, 22.2846716 ], [ 114.1351979, 22.2846546 ], [ 114.1352247, 22.2847812 ], [ 114.1353089, 22.2847638 ], [ 114.1352848, 22.2846348 ], [ 114.1353568, 22.2846185 ], [ 114.135376, 22.2847142 ], [ 114.1353724, 22.2847151 ], [ 114.1353839, 22.2847738 ], [ 114.1354001, 22.2847738 ], [ 114.1354094, 22.2848234 ], [ 114.1351716, 22.2848737 ], [ 114.135124, 22.2846716 ] ] ] } },
{ "type": "Feature", "properties": { "id": "315571039", "name": "賽馬會教學樓 The Jockey Club Tower", "shop": "nan", "highway": "nan", "railway": "nan", "leisure": "nan", "landuse": "nan", "building": "university" }, "geometry": { "type": "Polygon", "coordinates": [ [ [ 114.1351206, 22.2832601 ], [ 114.1351196, 22.2832343 ], [ 114.1351151, 22.2831152 ], [ 114.1351083, 22.2830936 ], [ 114.1350887, 22.2830731 ], [ 114.1350593, 22.2830702 ], [ 114.1343642, 22.2831019 ], [ 114.1342622, 22.2831065 ], [ 114.1342318, 22.2831194 ], [ 114.1342053, 22.2831417 ], [ 114.1341914, 22.2831737 ], [ 114.1341913, 22.2832175 ], [ 114.1341963, 22.2832973 ], [ 114.1342035, 22.2833563 ], [ 114.1343218, 22.283352 ], [ 114.1345278, 22.2833446 ], [ 114.1346792, 22.2833392 ], [ 114.1348775, 22.2833321 ], [ 114.1349992, 22.2833277 ], [ 114.1350699, 22.2833252 ], [ 114.13507, 22.2833096 ], [ 114.1350955, 22.2833039 ], [ 114.1351133, 22.2832833 ], [ 114.1351206, 22.2832601 ] ] ] } },
{ "type": "Feature", "properties": { "id": "315571040", "name": "B座 Block B", "shop": "nan", "highway": "nan", "railway": "nan", "leisure": "nan", "landuse": "nan", "building": "apartments" }, "geometry": { "type": "Polygon", "coordinates": [ [ [ 114.1350722, 22.2846849 ], [ 114.1351232, 22.2848886 ], [ 114.1349011, 22.2849398 ], [ 114.1348843, 22.2848589 ], [ 114.1348952, 22.2848563 ], [ 114.1348825, 22.2848122 ], [ 114.1348696, 22.2848168 ], [ 114.1348567, 22.28476 ], [ 114.1348812, 22.2847522 ], [ 114.134876, 22.2847307 ], [ 114.1349193, 22.2847223 ], [ 114.1349488, 22.2848364 ], [ 114.1350293, 22.2848166 ], [ 114.1350011, 22.2847003 ], [ 114.1350722, 22.2846849 ] ] ] } },
{ "type": "Feature", "properties": { "id": "315571042", "name": "鄭裕彤教學樓 Cheng Yu Tung Yower", "shop": "nan", "highway": "nan", "railway": "nan", "leisure": "nan", "landuse": "nan", "building": "university" }, "geometry": { "type": "Polygon", "coordinates": [ [ [ 114.1336286, 22.2833959 ], [ 114.1335911, 22.283314 ], [ 114.1335964, 22.2832694 ], [ 114.1336125, 22.2832346 ], [ 114.1336635, 22.2831949 ], [ 114.1338117, 22.2831449 ], [ 114.1338287, 22.2831878 ], [ 114.1338428, 22.283183 ], [ 114.1338569, 22.2832145 ], [ 114.1338806, 22.2832269 ], [ 114.1338954, 22.2832403 ], [ 114.1339056, 22.2832614 ], [ 114.1339074, 22.2832841 ], [ 114.1339007, 22.2833026 ], [ 114.1339117, 22.2833363 ], [ 114.1338921, 22.2833437 ], [ 114.133912, 22.2833957 ], [ 114.1337537, 22.2834458 ], [ 114.133701, 22.2834431 ], [ 114.1336635, 22.2834232 ], [ 114.1336286, 22.2833959 ] ] ] } },
{ "type": "Feature", "properties": { "id": "315571046", "name": "逸夫教學樓 Run Run Shaw Tower", "shop": "nan", "highway": "nan", "railway": "nan", "leisure": "nan", "landuse": "nan", "building": "university" }, "geometry": { "type": "Polygon", "coordinates": [ [ [ 114.1349048, 22.2837352 ], [ 114.1349014, 22.2837874 ], [ 114.1345327, 22.2837955 ], [ 114.134533, 22.2838251 ], [ 114.1344422, 22.2838254 ], [ 114.1344413, 22.2838005 ], [ 114.1343573, 22.2838067 ], [ 114.1342947, 22.2838223 ], [ 114.1340805, 22.2838758 ], [ 114.1340429, 22.2838764 ], [ 114.1340139, 22.2838604 ], [ 114.1340009, 22.283842 ], [ 114.1339584, 22.2837053 ], [ 114.1342607, 22.2836199 ], [ 114.1342615, 22.2836197 ], [ 114.1343744, 22.2835878 ], [ 114.1344119, 22.2835772 ], [ 114.1344126, 22.2835932 ], [ 114.1344933, 22.2835865 ], [ 114.1344915, 22.283568 ], [ 114.1347446, 22.2835579 ], [ 114.13481, 22.2835553 ], [ 114.1348367, 22.2835642 ], [ 114.1348629, 22.2835868 ], [ 114.1348815, 22.2836121 ], [ 114.1348933, 22.2836502 ], [ 114.1349007, 22.2837052 ], [ 114.1349048, 22.2837352 ] ] ] } },
{ "type": "Feature", "properties": { "id": "315572281", "name": "Centennial Gate", "shop": "nan", "highway": "nan", "railway": "nan", "leisure": "nan", "landuse": "nan", "building": "university" }, "geometry": { "type": "Polygon", "coordinates": [ [ [ 114.1342945, 22.2841476 ], [ 114.1344, 22.2841433 ], [ 114.1343968, 22.2840769 ], [ 114.1343441, 22.2840791 ], [ 114.1342913, 22.2840812 ], [ 114.1342945, 22.2841476 ] ] ] } },
{ "type": "Feature", "properties": { "id": "315843023", "name": "HKU Station Exit C1", "shop": "nan", "highway": "nan", "railway": "nan", "leisure": "nan", "landuse": "nan", "building": "train_station" }, "geometry": { "type": "Polygon", "coordinates": [ [ [ 114.1345218, 22.2845802 ], [ 114.1345165, 22.2845643 ], [ 114.1344824, 22.284574 ], [ 114.1344728, 22.2845448 ], [ 114.1344711, 22.2845398 ], [ 114.1344453, 22.2844615 ], [ 114.1344794, 22.2844518 ], [ 114.1344738, 22.2844346 ], [ 114.1344887, 22.2844304 ], [ 114.1345052, 22.2844258 ], [ 114.1345186, 22.284422 ], [ 114.1345485, 22.2844135 ], [ 114.1345637, 22.2844092 ], [ 114.1345643, 22.2844091 ], [ 114.1345674, 22.2844186 ], [ 114.1345939, 22.2844989 ], [ 114.1345974, 22.2845096 ], [ 114.1346045, 22.284531 ], [ 114.1346123, 22.2845547 ], [ 114.1345218, 22.2845802 ] ] ] } },
{ "type": "Feature", "properties": { "id": "315843024", "name": "HKU Station Exit B1", "shop": "nan", "highway": "nan", "railway": "nan", "leisure": "nan", "landuse": "nan", "building": "station" }, "geometry": { "type": "Polygon", "coordinates": [ [ [ 114.1368646, 22.2855019 ], [ 114.1368533, 22.2855012 ], [ 114.1368335, 22.2855 ], [ 114.1368114, 22.2854978 ], [ 114.1368036, 22.285497 ], [ 114.136791, 22.2856368 ], [ 114.1367893, 22.2856563 ], [ 114.1368203, 22.2856593 ], [ 114.1368501, 22.2856628 ], [ 114.1368646, 22.2855019 ] ] ] } },
{ "type": "Feature", "properties": { "id": "315843025", "name": "HKU Station Exit A", "shop": "nan", "highway": "nan", "railway": "nan", "leisure": "nan", "landuse": "nan", "building": "yes" }, "geometry": { "type": "Polygon", "coordinates": [ [ [ 114.1368132, 22.2834955 ], [ 114.136765, 22.2834986 ], [ 114.1367412, 22.2835001 ], [ 114.1367142, 22.2835019 ], [ 114.1366603, 22.2835054 ], [ 114.1366559, 22.2834236 ], [ 114.1366515, 22.283342 ], [ 114.136694, 22.2833398 ], [ 114.1367184, 22.2833097 ], [ 114.1367156, 22.2832704 ], [ 114.136744, 22.2832689 ], [ 114.1367704, 22.2832688 ], [ 114.1367724, 22.2833169 ], [ 114.1368076, 22.2833815 ], [ 114.1368132, 22.2834955 ] ] ] } },
{ "type": "Feature", "properties": { "id": "315843026", "name": "港鐵香港大學站通風及機房大樓 MTR HKU Station Ventilation and Plant Building", "shop": "nan", "highway": "nan", "railway": "yes", "leisure": "nan", "landuse": "nan", "building": "service" }, "geometry": { "type": "Polygon", "coordinates": [ [ [ 114.1350972, 22.2845086 ], [ 114.1350709, 22.2843871 ], [ 114.1351083, 22.2843802 ], [ 114.1350972, 22.2843287 ], [ 114.1351561, 22.2843178 ], [ 114.1351403, 22.284245 ], [ 114.1352408, 22.2842264 ], [ 114.135294, 22.2844722 ], [ 114.1350972, 22.2845086 ] ] ] } },
{ "type": "Feature", "properties": { "id": "319205251", "name": "nan", "shop": "nan", "highway": "nan", "railway": "nan", "leisure": "nan", "landuse": "nan", "building": "roof" }, "geometry": { "type": "Polygon", "coordinates": [ [ [ 114.1292864, 22.2817989 ], [ 114.1293531, 22.2818121 ], [ 114.1293974, 22.2818208 ], [ 114.1293317, 22.2821055 ], [ 114.1292206, 22.2820836 ], [ 114.1292864, 22.2817989 ] ] ] } },
{ "type": "Feature", "properties": { "id": "320983983", "name": "A座 Block A", "shop": "nan", "highway": "nan", "railway": "nan", "leisure": "nan", "landuse": "nan", "building": "apartments" }, "geometry": { "type": "Polygon", "coordinates": [ [ [ 114.1344652, 22.2858679 ], [ 114.1344822, 22.2859359 ], [ 114.1344637, 22.2859399 ], [ 114.1344915, 22.286051 ], [ 114.1345104, 22.2860469 ], [ 114.1345269, 22.2861129 ], [ 114.1344381, 22.286132 ], [ 114.134422, 22.2860677 ], [ 114.1344128, 22.2860697 ], [ 114.1344006, 22.2860213 ], [ 114.1344371, 22.2860135 ], [ 114.1344327, 22.2859956 ], [ 114.1343946, 22.2860038 ], [ 114.1343717, 22.2859125 ], [ 114.1344221, 22.2859016 ], [ 114.1344163, 22.2858784 ], [ 114.1344652, 22.2858679 ] ] ] } },
{ "type": "Feature", "properties": { "id": "320983984", "name": "A座 Block A", "shop": "nan", "highway": "nan", "railway": "nan", "leisure": "nan", "landuse": "nan", "building": "apartments" }, "geometry": { "type": "Polygon", "coordinates": [ [ [ 114.1318263, 22.2851187 ], [ 114.1318736, 22.2851599 ], [ 114.1319241, 22.2851102 ], [ 114.1319397, 22.2851238 ], [ 114.1319873, 22.2850769 ], [ 114.131972, 22.2850636 ], [ 114.1320278, 22.2850087 ], [ 114.1319798, 22.284967 ], [ 114.1319469, 22.2849994 ], [ 114.1319067, 22.2849644 ], [ 114.1318737, 22.2849969 ], [ 114.1318972, 22.2850174 ], [ 114.1318752, 22.285039 ], [ 114.1318529, 22.2850195 ], [ 114.13182, 22.2850519 ], [ 114.1318593, 22.2850862 ], [ 114.1318263, 22.2851187 ] ] ] } },
{ "type": "Feature", "properties": { "id": "320983985", "name": "A座 Block A", "shop": "nan", "highway": "nan", "railway": "nan", "leisure": "nan", "landuse": "nan", "building": "apartments" }, "geometry": { "type": "Polygon", "coordinates": [ [ [ 114.1319444, 22.285746 ], [ 114.1318797, 22.2856213 ], [ 114.1319353, 22.285597 ], [ 114.1319512, 22.2856275 ], [ 114.1320068, 22.2856027 ], [ 114.1319986, 22.2855868 ], [ 114.1320631, 22.2855579 ], [ 114.1320796, 22.2855898 ], [ 114.1320677, 22.2855951 ], [ 114.1320856, 22.2856295 ], [ 114.1320979, 22.285624 ], [ 114.1321125, 22.2856523 ], [ 114.1320454, 22.2856824 ], [ 114.1320359, 22.2856642 ], [ 114.1319815, 22.2856883 ], [ 114.131999, 22.2857221 ], [ 114.1319444, 22.285746 ] ] ] } },
{ "type": "Feature", "properties": { "id": "320983986", "name": "A座 Block A", "shop": "nan", "highway": "nan", "railway": "nan", "leisure": "nan", "landuse": "nan", "building": "apartments" }, "geometry": { "type": "Polygon", "coordinates": [ [ [ 114.1299888, 22.2839085 ], [ 114.1300244, 22.2838708 ], [ 114.1299821, 22.2838366 ], [ 114.1300119, 22.2838051 ], [ 114.1300315, 22.283821 ], [ 114.1300682, 22.2837822 ], [ 114.1300477, 22.2837656 ], [ 114.130078, 22.2837335 ], [ 114.1301199, 22.2837674 ], [ 114.1301547, 22.2837306 ], [ 114.1301923, 22.283761 ], [ 114.1301424, 22.2838137 ], [ 114.1301692, 22.2838354 ], [ 114.1301404, 22.283866 ], [ 114.1301116, 22.2838427 ], [ 114.1301018, 22.2838531 ], [ 114.1301309, 22.2838766 ], [ 114.1300997, 22.2839096 ], [ 114.130073, 22.283888 ], [ 114.1300255, 22.2839382 ], [ 114.1299888, 22.2839085 ] ] ] } },
{ "type": "Feature", "properties": { "id": "320983987", "name": "A座 Block A", "shop": "nan", "highway": "nan", "railway": "nan", "leisure": "nan", "landuse": "nan", "building": "apartments" }, "geometry": { "type": "Polygon", "coordinates": [ [ [ 114.1339695, 22.2866839 ], [ 114.1340457, 22.2869645 ], [ 114.1340372, 22.2869665 ], [ 114.1340435, 22.2869896 ], [ 114.1339925, 22.2870015 ], [ 114.1339857, 22.2869766 ], [ 114.1339675, 22.2869809 ], [ 114.1339743, 22.2870057 ], [ 114.1339182, 22.2870187 ], [ 114.1339117, 22.2869948 ], [ 114.1338933, 22.2869991 ], [ 114.1338998, 22.287023 ], [ 114.1338473, 22.2870352 ], [ 114.1338412, 22.2870127 ], [ 114.1338316, 22.2870149 ], [ 114.1338126, 22.2869431 ], [ 114.1338209, 22.2869414 ], [ 114.1338157, 22.2869224 ], [ 114.1338701, 22.2869098 ], [ 114.1338756, 22.2869299 ], [ 114.1338953, 22.2869254 ], [ 114.1338894, 22.2869039 ], [ 114.1339414, 22.2868917 ], [ 114.1339474, 22.2869135 ], [ 114.1339787, 22.2869062 ], [ 114.1339663, 22.2868606 ], [ 114.1339448, 22.2868656 ], [ 114.133904, 22.2867156 ], [ 114.1338927, 22.2867182 ], [ 114.1338725, 22.2866438 ], [ 114.1338964, 22.2866382 ], [ 114.1339124, 22.2866972 ], [ 114.1339695, 22.2866839 ] ] ] } },
{ "type": "Feature", "properties": { "id": "320983988", "name": "A座 Block A", "shop": "nan", "highway": "nan", "railway": "nan", "leisure": "nan", "landuse": "nan", "building": "apartments" }, "geometry": { "type": "Polygon", "coordinates": [ [ [ 114.1310258, 22.2845554 ], [ 114.1310492, 22.2845312 ], [ 114.1310708, 22.2845491 ], [ 114.1310596, 22.2845607 ], [ 114.1310771, 22.2845752 ], [ 114.1310435, 22.2846099 ], [ 114.1310767, 22.2846374 ], [ 114.1310622, 22.2846524 ], [ 114.1310733, 22.2846616 ], [ 114.1310573, 22.2846781 ], [ 114.131032, 22.284657 ], [ 114.1310163, 22.2846733 ], [ 114.1310422, 22.2846948 ], [ 114.1310249, 22.2847127 ], [ 114.1310135, 22.2847032 ], [ 114.1309996, 22.2847176 ], [ 114.1309665, 22.2846901 ], [ 114.130937, 22.2847206 ], [ 114.1309203, 22.2847068 ], [ 114.1309094, 22.284718 ], [ 114.1308881, 22.2847003 ], [ 114.1309151, 22.2846724 ], [ 114.1309014, 22.284661 ], [ 114.1308745, 22.2846888 ], [ 114.1308551, 22.2846727 ], [ 114.1308662, 22.2846612 ], [ 114.1308482, 22.2846463 ], [ 114.1308771, 22.2846164 ], [ 114.1308428, 22.2845879 ], [ 114.1308574, 22.2845729 ], [ 114.130846, 22.2845634 ], [ 114.1308633, 22.2845456 ], [ 114.1308891, 22.284567 ], [ 114.1309048, 22.2845507 ], [ 114.1308789, 22.2845292 ], [ 114.1308949, 22.2845127 ], [ 114.1309067, 22.2845225 ], [ 114.1309211, 22.2845076 ], [ 114.1309553, 22.2845359 ], [ 114.1309888, 22.2845014 ], [ 114.1310059, 22.2845156 ], [ 114.131017, 22.2845042 ], [ 114.1310363, 22.2845202 ], [ 114.1310127, 22.2845446 ], [ 114.1310258, 22.2845554 ] ] ] } },
{ "type": "Feature", "properties": { "id": "320983989", "name": "B座 Block B", "shop": "nan", "highway": "nan", "railway": "nan", "leisure": "nan", "landuse": "nan", "building": "apartments" }, "geometry": { "type": "Polygon", "coordinates": [ [ [ 114.1344163, 22.2858784 ], [ 114.1344652, 22.2858679 ], [ 114.1344482, 22.2858003 ], [ 114.134429, 22.2858045 ], [ 114.1344011, 22.2856934 ], [ 114.1344201, 22.2856893 ], [ 114.1344032, 22.2856217 ], [ 114.1343143, 22.2856407 ], [ 114.1343309, 22.2857068 ], [ 114.1343215, 22.2857088 ], [ 114.1343336, 22.2857572 ], [ 114.1343701, 22.2857493 ], [ 114.1343746, 22.2857672 ], [ 114.1343367, 22.2857753 ], [ 114.1343596, 22.2858667 ], [ 114.1344106, 22.2858557 ], [ 114.1344163, 22.2858784 ] ] ] } },
{ "type": "Feature", "properties": { "id": "320983990", "name": "B座 Block B", "shop": "nan", "highway": "nan", "railway": "nan", "leisure": "nan", "landuse": "nan", "building": "apartments" }, "geometry": { "type": "Polygon", "coordinates": [ [ [ 114.1316728, 22.2852722 ], [ 114.1317195, 22.2853124 ], [ 114.1317698, 22.2852626 ], [ 114.1317856, 22.2852762 ], [ 114.131833, 22.2852292 ], [ 114.1318174, 22.2852157 ], [ 114.1318729, 22.2851606 ], [ 114.1318256, 22.2851198 ], [ 114.1317928, 22.2851523 ], [ 114.1317519, 22.285117 ], [ 114.131719, 22.2851497 ], [ 114.1317426, 22.28517 ], [ 114.1317207, 22.2851918 ], [ 114.1316983, 22.2851724 ], [ 114.1316655, 22.2852049 ], [ 114.1317057, 22.2852395 ], [ 114.1316728, 22.2852722 ] ] ] } },
{ "type": "Feature", "properties": { "id": "320983991", "name": "B座 Block B", "shop": "nan", "highway": "nan", "railway": "nan", "leisure": "nan", "landuse": "nan", "building": "apartments" }, "geometry": { "type": "Polygon", "coordinates": [ [ [ 114.1323039, 22.2855418 ], [ 114.132369, 22.2856663 ], [ 114.1323135, 22.2856914 ], [ 114.1322977, 22.2856611 ], [ 114.1322421, 22.285686 ], [ 114.1322502, 22.2857016 ], [ 114.1321876, 22.2857296 ], [ 114.1321708, 22.2856974 ], [ 114.1321826, 22.2856921 ], [ 114.1321646, 22.2856577 ], [ 114.1321523, 22.2856633 ], [ 114.1321377, 22.2856354 ], [ 114.1322029, 22.2856062 ], [ 114.1322126, 22.2856247 ], [ 114.1322669, 22.2856004 ], [ 114.1322492, 22.2855666 ], [ 114.1323039, 22.2855418 ] ] ] } },
{ "type": "Feature", "properties": { "id": "320983992", "name": "B座 Block B", "shop": "nan", "highway": "nan", "railway": "nan", "leisure": "nan", "landuse": "nan", "building": "apartments" }, "geometry": { "type": "Polygon", "coordinates": [ [ [ 114.1302369, 22.2838045 ], [ 114.1302726, 22.2837669 ], [ 114.1303148, 22.2838011 ], [ 114.1303446, 22.2837697 ], [ 114.1303263, 22.2837549 ], [ 114.130363, 22.2837161 ], [ 114.1303821, 22.2837316 ], [ 114.1304125, 22.2836995 ], [ 114.1303706, 22.2836656 ], [ 114.1304055, 22.2836287 ], [ 114.1303679, 22.2835983 ], [ 114.130318, 22.2836511 ], [ 114.1302913, 22.2836294 ], [ 114.1302624, 22.2836599 ], [ 114.1302911, 22.2836832 ], [ 114.1302813, 22.2836936 ], [ 114.1302522, 22.28367 ], [ 114.130221, 22.283703 ], [ 114.1302477, 22.2837246 ], [ 114.1302003, 22.2837748 ], [ 114.1302369, 22.2838045 ] ] ] } },
{ "type": "Feature", "properties": { "id": "320983993", "name": "B座 Block B", "shop": "nan", "highway": "nan", "railway": "nan", "leisure": "nan", "landuse": "nan", "building": "apartments" }, "geometry": { "type": "Polygon", "coordinates": [ [ [ 114.1338092, 22.2866583 ], [ 114.133781, 22.2865557 ], [ 114.1338825, 22.2865317 ], [ 114.1339108, 22.2866343 ], [ 114.1338092, 22.2866583 ] ] ] } },
{ "type": "Feature", "properties": { "id": "320983994", "name": "B座 Block B", "shop": "nan", "highway": "nan", "railway": "nan", "leisure": "nan", "landuse": "nan", "building": "apartments" }, "geometry": { "type": "Polygon", "coordinates": [ [ [ 114.1312309, 22.2843391 ], [ 114.1312543, 22.2843148 ], [ 114.1312759, 22.2843327 ], [ 114.1312647, 22.2843443 ], [ 114.1312822, 22.2843588 ], [ 114.1312486, 22.2843935 ], [ 114.1312818, 22.284421 ], [ 114.1312673, 22.284436 ], [ 114.1312784, 22.2844452 ], [ 114.1312624, 22.2844617 ], [ 114.1312371, 22.2844407 ], [ 114.1312213, 22.2844569 ], [ 114.1312473, 22.2844784 ], [ 114.1312299, 22.2844963 ], [ 114.1312186, 22.2844869 ], [ 114.1312047, 22.2845012 ], [ 114.1311716, 22.2844738 ], [ 114.1311421, 22.2845042 ], [ 114.1311254, 22.2844904 ], [ 114.1311145, 22.2845016 ], [ 114.1310932, 22.2844839 ], [ 114.1311202, 22.284456 ], [ 114.1311065, 22.2844446 ], [ 114.1310796, 22.2844724 ], [ 114.1310602, 22.2844563 ], [ 114.1310712, 22.2844449 ], [ 114.1310533, 22.2844299 ], [ 114.1310822, 22.2844 ], [ 114.1310479, 22.2843716 ], [ 114.1310625, 22.2843565 ], [ 114.131051, 22.2843471 ], [ 114.1310683, 22.2843292 ], [ 114.1310942, 22.2843506 ], [ 114.1311099, 22.2843344 ], [ 114.131084, 22.2843129 ], [ 114.1311, 22.2842964 ], [ 114.1311118, 22.2843062 ], [ 114.1311262, 22.2842912 ], [ 114.1311604, 22.2843196 ], [ 114.1311939, 22.284285 ], [ 114.131211, 22.2842992 ], [ 114.1312221, 22.2842878 ], [ 114.1312414, 22.2843038 ], [ 114.1312178, 22.2843282 ], [ 114.1312309, 22.2843391 ] ] ] } },
{ "type": "Feature", "properties": { "id": "320984000", "name": "南里八號 Eight South Lane", "shop": "nan", "highway": "nan", "railway": "nan", "leisure": "nan", "landuse": "residential", "building": "apartments" }, "geometry": { "type": "Polygon", "coordinates": [ [ [ 114.1344464, 22.2857237 ], [ 114.1344104, 22.2855745 ], [ 114.1347078, 22.2855061 ], [ 114.1347427, 22.2856592 ], [ 114.1344464, 22.2857237 ] ] ] } },
{ "type": "Feature", "properties": { "id": "320984013", "name": "nan", "shop": "nan", "highway": "nan", "railway": "nan", "leisure": "nan", "landuse": "nan", "building": "apartments" }, "geometry": { "type": "Polygon", "coordinates": [ [ [ 114.1344572, 22.2854087 ], [ 114.1344451, 22.2853639 ], [ 114.134461, 22.2853602 ], [ 114.1344316, 22.2852514 ], [ 114.1344862, 22.2852388 ], [ 114.1345155, 22.2853472 ], [ 114.1345313, 22.2853436 ], [ 114.1345434, 22.2853887 ], [ 114.1344572, 22.2854087 ] ] ] } },
{ "type": "Feature", "properties": { "id": "320984014", "name": "nan", "shop": "nan", "highway": "nan", "railway": "nan", "leisure": "nan", "landuse": "nan", "building": "apartments" }, "geometry": { "type": "Polygon", "coordinates": [ [ [ 114.1343712, 22.2854289 ], [ 114.1343601, 22.285388 ], [ 114.134374, 22.2853848 ], [ 114.1343552, 22.2853159 ], [ 114.134347, 22.2853178 ], [ 114.1343349, 22.2852734 ], [ 114.1344116, 22.2852555 ], [ 114.134424, 22.2853007 ], [ 114.1344109, 22.2853037 ], [ 114.1344297, 22.2853725 ], [ 114.1344432, 22.2853694 ], [ 114.1344541, 22.2854095 ], [ 114.1343712, 22.2854289 ] ] ] } },
{ "type": "Feature", "properties": { "id": "320984015", "name": "nan", "shop": "nan", "highway": "nan", "railway": "nan", "leisure": "nan", "landuse": "nan", "building": "yes" }, "geometry": { "type": "Polygon", "coordinates": [ [ [ 114.1327985, 22.2864301 ], [ 114.1328321, 22.2865389 ], [ 114.1328872, 22.2865263 ], [ 114.1328578, 22.2864166 ], [ 114.1327985, 22.2864301 ] ] ] } },
{ "type": "Feature", "properties": { "id": "320984025", "name": "西環街坊福利會 Kennedy Town Kai-Fong Welfare Association", "shop": "nan", "highway": "nan", "railway": "nan", "leisure": "nan", "landuse": "nan", "building": "commercial" }, "geometry": { "type": "Polygon", "coordinates": [ [ [ 114.1311699, 22.2840207 ], [ 114.1313082, 22.2838716 ], [ 114.1313466, 22.283902 ], [ 114.1312989, 22.2839534 ], [ 114.1313502, 22.2839942 ], [ 114.1312595, 22.2840919 ], [ 114.1311699, 22.2840207 ] ] ] } },
{ "type": "Feature", "properties": { "id": "320984050", "name": "寶龍閣 Po Lung Court", "shop": "nan", "highway": "nan", "railway": "nan", "leisure": "nan", "landuse": "nan", "building": "apartments" }, "geometry": { "type": "Polygon", "coordinates": [ [ [ 114.1311708, 22.2835339 ], [ 114.1311381, 22.2835069 ], [ 114.1311313, 22.2835139 ], [ 114.1310479, 22.283445 ], [ 114.1310542, 22.2834385 ], [ 114.1310169, 22.2834077 ], [ 114.1310513, 22.283372 ], [ 114.1310824, 22.2833977 ], [ 114.13113, 22.2833484 ], [ 114.1311684, 22.2833802 ], [ 114.1311382, 22.2834115 ], [ 114.1311502, 22.2834215 ], [ 114.1311812, 22.2833893 ], [ 114.1312215, 22.2834226 ], [ 114.1311736, 22.2834721 ], [ 114.1312052, 22.2834982 ], [ 114.1311708, 22.2835339 ] ] ] } },
{ "type": "Feature", "properties": { "id": "320984069", "name": "太白閣 Tai Pak Court", "shop": "nan", "highway": "nan", "railway": "nan", "leisure": "nan", "landuse": "nan", "building": "apartments" }, "geometry": { "type": "Polygon", "coordinates": [ [ [ 114.1310513, 22.283372 ], [ 114.1310169, 22.2834077 ], [ 114.1309848, 22.2833811 ], [ 114.130978, 22.2833881 ], [ 114.1308946, 22.2833192 ], [ 114.130901, 22.2833126 ], [ 114.1308631, 22.2832813 ], [ 114.1308975, 22.2832457 ], [ 114.1309291, 22.2832718 ], [ 114.1309766, 22.2832226 ], [ 114.1310151, 22.2832544 ], [ 114.1309849, 22.2832857 ], [ 114.1309969, 22.2832957 ], [ 114.1310279, 22.2832635 ], [ 114.1310682, 22.2832967 ], [ 114.1310202, 22.2833463 ], [ 114.1310513, 22.283372 ] ] ] } },
{ "type": "Feature", "properties": { "id": "320984070", "name": "桃李閣 To Li Court", "shop": "nan", "highway": "nan", "railway": "nan", "leisure": "nan", "landuse": "nan", "building": "apartments" }, "geometry": { "type": "Polygon", "coordinates": [ [ [ 114.1308975, 22.2832457 ], [ 114.1308631, 22.2832813 ], [ 114.130831, 22.2832548 ], [ 114.1308243, 22.2832617 ], [ 114.1307409, 22.2831928 ], [ 114.1307473, 22.2831862 ], [ 114.1307111, 22.2831564 ], [ 114.1307456, 22.2831207 ], [ 114.1307755, 22.2831454 ], [ 114.130823, 22.2830962 ], [ 114.1308614, 22.283128 ], [ 114.1308312, 22.2831593 ], [ 114.1308432, 22.2831693 ], [ 114.1308742, 22.2831371 ], [ 114.1309145, 22.2831704 ], [ 114.1308665, 22.28322 ], [ 114.1308975, 22.2832457 ] ] ] } },
{ "type": "Feature", "properties": { "id": "320984071", "name": "第一座 Tower 1", "shop": "nan", "highway": "nan", "railway": "nan", "leisure": "nan", "landuse": "nan", "building": "apartments" }, "geometry": { "type": "Polygon", "coordinates": [ [ [ 114.1326901, 22.2848757 ], [ 114.1326223, 22.2848467 ], [ 114.1325597, 22.2848606 ], [ 114.1325416, 22.2847954 ], [ 114.1325746, 22.2847876 ], [ 114.132577, 22.2847964 ], [ 114.1326125, 22.2847889 ], [ 114.1325973, 22.2847402 ], [ 114.132562, 22.2847477 ], [ 114.1325649, 22.2847557 ], [ 114.1325316, 22.2847635 ], [ 114.1325144, 22.2847017 ], [ 114.1325846, 22.2846865 ], [ 114.13262, 22.2846275 ], [ 114.1326085, 22.2845831 ], [ 114.132596, 22.2845859 ], [ 114.1325856, 22.2845457 ], [ 114.1326399, 22.2845337 ], [ 114.1326463, 22.2845584 ], [ 114.1326663, 22.284554 ], [ 114.1326916, 22.2846521 ], [ 114.1327406, 22.2846413 ], [ 114.1327308, 22.2846032 ], [ 114.1327097, 22.2846079 ], [ 114.1327029, 22.2845814 ], [ 114.1326929, 22.2845836 ], [ 114.1326792, 22.2845306 ], [ 114.1327221, 22.2845211 ], [ 114.1327264, 22.2845377 ], [ 114.132751, 22.2845323 ], [ 114.1327684, 22.2845996 ], [ 114.1328193, 22.2846332 ], [ 114.1328892, 22.2846178 ], [ 114.1329015, 22.2846649 ], [ 114.1328741, 22.2846711 ], [ 114.1328771, 22.2846825 ], [ 114.1328223, 22.2846954 ], [ 114.1328176, 22.2846771 ], [ 114.1327689, 22.2846878 ], [ 114.1327858, 22.2847519 ], [ 114.1328337, 22.2847414 ], [ 114.1328302, 22.2847272 ], [ 114.1328865, 22.2847138 ], [ 114.1328841, 22.2847047 ], [ 114.132911, 22.2846987 ], [ 114.1329289, 22.2847667 ], [ 114.1328596, 22.2847828 ], [ 114.1328331, 22.2848329 ], [ 114.132851, 22.2848993 ], [ 114.132829, 22.2849041 ], [ 114.1328356, 22.2849298 ], [ 114.1327958, 22.2849386 ], [ 114.1327795, 22.2848742 ], [ 114.1327897, 22.284872 ], [ 114.1327841, 22.28485 ], [ 114.1327981, 22.284847 ], [ 114.1327903, 22.2848133 ], [ 114.1327418, 22.2848239 ], [ 114.1327667, 22.2849247 ], [ 114.1327522, 22.2849279 ], [ 114.1327592, 22.2849545 ], [ 114.1327003, 22.2849673 ], [ 114.1326907, 22.2849313 ], [ 114.1327017, 22.2849289 ], [ 114.1326901, 22.2848757 ] ] ] } },
{ "type": "Feature", "properties": { "id": "320984072", "name": "第二座 Tower 2", "shop": "nan", "highway": "nan", "railway": "nan", "leisure": "nan", "landuse": "nan", "building": "apartments" }, "geometry": { "type": "Polygon", "coordinates": [ [ [ 114.1331589, 22.2848328 ], [ 114.1331266, 22.2848384 ], [ 114.1331239, 22.2848278 ], [ 114.1330974, 22.2848337 ], [ 114.1330845, 22.284782 ], [ 114.1330114, 22.2847413 ], [ 114.1329396, 22.2847567 ], [ 114.1329294, 22.2847227 ], [ 114.1329514, 22.2847179 ], [ 114.1329471, 22.2847014 ], [ 114.1330073, 22.2846894 ], [ 114.1329976, 22.2846531 ], [ 114.1329481, 22.2846647 ], [ 114.1329444, 22.284652 ], [ 114.1329291, 22.2846564 ], [ 114.1329177, 22.2846076 ], [ 114.132996, 22.2845937 ], [ 114.1330271, 22.284547 ], [ 114.1330209, 22.2845216 ], [ 114.1330489, 22.2845155 ], [ 114.1330439, 22.2844958 ], [ 114.1330717, 22.2844898 ], [ 114.1330911, 22.2845658 ], [ 114.1331247, 22.2845585 ], [ 114.1331155, 22.2845224 ], [ 114.1331028, 22.2845252 ], [ 114.1330912, 22.2844802 ], [ 114.1331314, 22.2844709 ], [ 114.133137, 22.284493 ], [ 114.1331603, 22.2844882 ], [ 114.1331769, 22.284553 ], [ 114.1332258, 22.2845423 ], [ 114.1332229, 22.2845309 ], [ 114.1332608, 22.2845225 ], [ 114.133266, 22.2845425 ], [ 114.1332829, 22.2845388 ], [ 114.1332949, 22.2845856 ], [ 114.1332187, 22.2846023 ], [ 114.1332142, 22.2845846 ], [ 114.1331868, 22.2845906 ], [ 114.1332012, 22.2846466 ], [ 114.1332268, 22.2846409 ], [ 114.1332232, 22.2846267 ], [ 114.1332946, 22.284611 ], [ 114.1333028, 22.2846428 ], [ 114.1332837, 22.284647 ], [ 114.1332918, 22.2846786 ], [ 114.1332455, 22.2846888 ], [ 114.133243, 22.2846788 ], [ 114.133211, 22.284686 ], [ 114.1332271, 22.2847503 ], [ 114.1332067, 22.2847551 ], [ 114.133216, 22.2847913 ], [ 114.1331739, 22.2848005 ], [ 114.133154, 22.284718 ], [ 114.1331389, 22.2847226 ], [ 114.1331552, 22.2847913 ], [ 114.1331483, 22.2847928 ], [ 114.1331589, 22.2848328 ] ] ] } },
{ "type": "Feature", "properties": { "id": "320984073", "name": "第三座 Tower 3", "shop": "nan", "highway": "nan", "railway": "nan", "leisure": "nan", "landuse": "nan", "building": "apartments" }, "geometry": { "type": "Polygon", "coordinates": [ [ [ 114.1340244, 22.2848296 ], [ 114.1340516, 22.2848437 ], [ 114.1340642, 22.284824 ], [ 114.1340742, 22.2848295 ], [ 114.1340945, 22.2847978 ], [ 114.1340436, 22.2847698 ], [ 114.1340382, 22.2847781 ], [ 114.1340185, 22.2847673 ], [ 114.1340367, 22.2847389 ], [ 114.1340586, 22.284751 ], [ 114.134054, 22.2847583 ], [ 114.1341135, 22.284791 ], [ 114.1341367, 22.2847548 ], [ 114.1341029, 22.2847362 ], [ 114.1341169, 22.2847169 ], [ 114.1340602, 22.2846852 ], [ 114.1341009, 22.2846191 ], [ 114.1340799, 22.2846076 ], [ 114.1340907, 22.2845907 ], [ 114.1340572, 22.2845723 ], [ 114.1340185, 22.2846328 ], [ 114.1340385, 22.2846438 ], [ 114.1340164, 22.284678 ], [ 114.1339502, 22.2846407 ], [ 114.1339721, 22.2846075 ], [ 114.1339901, 22.2846174 ], [ 114.1340293, 22.2845555 ], [ 114.1339979, 22.2845391 ], [ 114.1339876, 22.2845551 ], [ 114.1339694, 22.2845451 ], [ 114.1339291, 22.284612 ], [ 114.1338798, 22.2845845 ], [ 114.133867, 22.2846018 ], [ 114.133842, 22.284588 ], [ 114.1338161, 22.2846283 ], [ 114.1338478, 22.2846457 ], [ 114.1338544, 22.2846354 ], [ 114.1338715, 22.2846448 ], [ 114.1338502, 22.284678 ], [ 114.1338064, 22.2846539 ], [ 114.1338122, 22.2846449 ], [ 114.1337755, 22.2846247 ], [ 114.1337514, 22.2846622 ], [ 114.1337649, 22.2846696 ], [ 114.1337525, 22.2846889 ], [ 114.1338072, 22.2847172 ], [ 114.1338227, 22.2847792 ], [ 114.1337814, 22.2848451 ], [ 114.1338192, 22.2848653 ], [ 114.1338338, 22.2848419 ], [ 114.1338492, 22.2848501 ], [ 114.1338727, 22.2848118 ], [ 114.1339024, 22.2848273 ], [ 114.1338836, 22.2848586 ], [ 114.133896, 22.2848657 ], [ 114.1338815, 22.2848893 ], [ 114.1339188, 22.28491 ], [ 114.1339558, 22.2848536 ], [ 114.1340244, 22.2848296 ] ] ] } },
{ "type": "Feature", "properties": { "id": "320984074", "name": "第五座 Tower 5", "shop": "nan", "highway": "nan", "railway": "nan", "leisure": "nan", "landuse": "nan", "building": "apartments" }, "geometry": { "type": "Polygon", "coordinates": [ [ [ 114.133726, 22.2852145 ], [ 114.1337942, 22.2851977 ], [ 114.1338576, 22.285232 ], [ 114.1338736, 22.2852073 ], [ 114.1338945, 22.2852189 ], [ 114.1339148, 22.2851874 ], [ 114.1338736, 22.2851646 ], [ 114.1338683, 22.2851727 ], [ 114.1338345, 22.285154 ], [ 114.1338527, 22.2851257 ], [ 114.1338888, 22.2851456 ], [ 114.1338838, 22.2851533 ], [ 114.1339253, 22.2851762 ], [ 114.133949, 22.2851395 ], [ 114.1339203, 22.2851236 ], [ 114.1339343, 22.285102 ], [ 114.1338879, 22.2850763 ], [ 114.133865, 22.2849923 ], [ 114.1339167, 22.2849134 ], [ 114.1338775, 22.2848917 ], [ 114.1338615, 22.2849164 ], [ 114.1338461, 22.2849079 ], [ 114.1338137, 22.2849558 ], [ 114.1338338, 22.2849668 ], [ 114.1338161, 22.2849942 ], [ 114.1337531, 22.2849593 ], [ 114.1337709, 22.2849317 ], [ 114.1337892, 22.2849418 ], [ 114.1338131, 22.2849048 ], [ 114.1337977, 22.2848963 ], [ 114.1338144, 22.2848704 ], [ 114.133779, 22.2848509 ], [ 114.1337365, 22.2849166 ], [ 114.1336491, 22.2849412 ], [ 114.1335927, 22.2849123 ], [ 114.1335794, 22.2849329 ], [ 114.1335597, 22.284922 ], [ 114.1335332, 22.284963 ], [ 114.1335696, 22.2849831 ], [ 114.1335767, 22.2849721 ], [ 114.1336144, 22.2849929 ], [ 114.1335943, 22.285024 ], [ 114.1335566, 22.2850032 ], [ 114.1335626, 22.2849939 ], [ 114.1335259, 22.2849736 ], [ 114.1335016, 22.2850113 ], [ 114.1335203, 22.2850216 ], [ 114.133507, 22.2850422 ], [ 114.1335796, 22.2850815 ], [ 114.133596, 22.2851425 ], [ 114.1335516, 22.2852112 ], [ 114.1335905, 22.2852327 ], [ 114.1336079, 22.2852058 ], [ 114.1336192, 22.2852121 ], [ 114.1336492, 22.2851657 ], [ 114.1336304, 22.2851553 ], [ 114.1336471, 22.2851295 ], [ 114.1337156, 22.2851674 ], [ 114.1336992, 22.2851928 ], [ 114.1336805, 22.2851824 ], [ 114.1336491, 22.2852311 ], [ 114.13366, 22.2852372 ], [ 114.133646, 22.2852589 ], [ 114.1336837, 22.2852798 ], [ 114.133726, 22.2852145 ] ] ] } },
{ "type": "Feature", "properties": { "id": "320984075", "name": "第六座 Tower 6", "shop": "nan", "highway": "nan", "railway": "nan", "leisure": "nan", "landuse": "nan", "building": "apartments" }, "geometry": { "type": "Polygon", "coordinates": [ [ [ 114.1335473, 22.2856079 ], [ 114.1336103, 22.2856427 ], [ 114.1336265, 22.2856178 ], [ 114.1336473, 22.2856293 ], [ 114.1336666, 22.2855995 ], [ 114.1335539, 22.285537 ], [ 114.1335757, 22.2855032 ], [ 114.1336115, 22.2855234 ], [ 114.1336016, 22.2855387 ], [ 114.1336657, 22.2855742 ], [ 114.1336866, 22.2855419 ], [ 114.133664, 22.2855294 ], [ 114.1336767, 22.2855097 ], [ 114.1336393, 22.285489 ], [ 114.13362, 22.285404 ], [ 114.1336556, 22.2853485 ], [ 114.1336151, 22.2853263 ], [ 114.1335992, 22.285351 ], [ 114.1335864, 22.2853439 ], [ 114.1335622, 22.2853817 ], [ 114.1335795, 22.2853912 ], [ 114.1335591, 22.285423 ], [ 114.1334959, 22.2853883 ], [ 114.1335167, 22.2853559 ], [ 114.1335351, 22.285366 ], [ 114.1335589, 22.285329 ], [ 114.1335435, 22.2853206 ], [ 114.1335597, 22.2852954 ], [ 114.1335223, 22.2852748 ], [ 114.1334888, 22.2853267 ], [ 114.1334022, 22.2853513 ], [ 114.1333561, 22.2853255 ], [ 114.1333427, 22.2853459 ], [ 114.1333243, 22.2853356 ], [ 114.133303, 22.2853682 ], [ 114.1333705, 22.2854059 ], [ 114.1333793, 22.2853924 ], [ 114.1334109, 22.2854102 ], [ 114.1333882, 22.2854449 ], [ 114.1332788, 22.2853842 ], [ 114.1332544, 22.2854216 ], [ 114.1332732, 22.2854321 ], [ 114.1332601, 22.2854521 ], [ 114.1333322, 22.2854924 ], [ 114.1333482, 22.2855526 ], [ 114.1333041, 22.2856215 ], [ 114.1333435, 22.2856431 ], [ 114.1333607, 22.2856163 ], [ 114.1333722, 22.2856226 ], [ 114.133402, 22.285576 ], [ 114.1333834, 22.2855658 ], [ 114.1333999, 22.28554 ], [ 114.1334685, 22.2855777 ], [ 114.1334522, 22.2856032 ], [ 114.1334304, 22.2855913 ], [ 114.1333992, 22.2856401 ], [ 114.1334128, 22.2856476 ], [ 114.1333989, 22.2856694 ], [ 114.1334381, 22.285691 ], [ 114.13348, 22.2856255 ], [ 114.1335473, 22.2856079 ] ] ] } },
{ "type": "Feature", "properties": { "id": "320984076", "name": "第八座 Tower 8", "shop": "nan", "highway": "nan", "railway": "nan", "leisure": "nan", "landuse": "nan", "building": "apartments" }, "geometry": { "type": "Polygon", "coordinates": [ [ [ 114.1332004, 22.2857488 ], [ 114.1331682, 22.2857313 ], [ 114.1331636, 22.2857383 ], [ 114.1330921, 22.2856989 ], [ 114.1331134, 22.2856654 ], [ 114.1331335, 22.2856757 ], [ 114.1331441, 22.2856594 ], [ 114.133201, 22.2856898 ], [ 114.1332663, 22.285678 ], [ 114.1333025, 22.2856258 ], [ 114.1333407, 22.2856472 ], [ 114.1333242, 22.2856699 ], [ 114.1333371, 22.2856775 ], [ 114.1333084, 22.2857189 ], [ 114.1332892, 22.2857085 ], [ 114.1332622, 22.2857474 ], [ 114.1333235, 22.2857839 ], [ 114.1333509, 22.2857444 ], [ 114.133338, 22.2857367 ], [ 114.133367, 22.285695 ], [ 114.1333778, 22.2857014 ], [ 114.1333943, 22.2856784 ], [ 114.1334323, 22.2857009 ], [ 114.1334002, 22.2857471 ], [ 114.1334153, 22.2858062 ], [ 114.1334721, 22.2858371 ], [ 114.133458, 22.2858577 ], [ 114.1334759, 22.2858681 ], [ 114.1334552, 22.2858985 ], [ 114.1333877, 22.2858614 ], [ 114.133398, 22.2858463 ], [ 114.1333728, 22.2858316 ], [ 114.1333516, 22.285835 ], [ 114.1333356, 22.2858619 ], [ 114.1333922, 22.2858928 ], [ 114.1333744, 22.2859196 ], [ 114.1333931, 22.285998 ], [ 114.1333369, 22.2860095 ], [ 114.1333271, 22.2859676 ], [ 114.1333152, 22.2859701 ], [ 114.1333, 22.2859072 ], [ 114.1332727, 22.2859128 ], [ 114.1332875, 22.2859748 ], [ 114.1332754, 22.2859772 ], [ 114.1332831, 22.2860093 ], [ 114.1332647, 22.2860131 ], [ 114.1332671, 22.2860232 ], [ 114.1332325, 22.2860301 ], [ 114.1332119, 22.2859441 ], [ 114.1332186, 22.2859341 ], [ 114.1331518, 22.2858961 ], [ 114.1331448, 22.285906 ], [ 114.1330369, 22.2859284 ], [ 114.1330293, 22.2858925 ], [ 114.1330422, 22.2858903 ], [ 114.1330387, 22.2858726 ], [ 114.1330777, 22.2858659 ], [ 114.1330754, 22.2858545 ], [ 114.1331357, 22.2858441 ], [ 114.1331319, 22.2858251 ], [ 114.1330723, 22.2858353 ], [ 114.1330703, 22.2858256 ], [ 114.1330189, 22.2858345 ], [ 114.1330149, 22.2858146 ], [ 114.1330096, 22.2857881 ], [ 114.1331049, 22.2857718 ], [ 114.1331213, 22.2857445 ], [ 114.1331825, 22.285778 ], [ 114.1332004, 22.2857488 ] ] ] } },
{ "type": "Feature", "properties": { "id": "320984082", "name": "堅城中心商場 Kennedy Town Centre Shopping Centre", "shop": "nan", "highway": "nan", "railway": "nan", "leisure": "nan", "landuse": "nan", "building": "yes" }, "geometry": { "type": "Polygon", "coordinates": [ [ [ 114.1309354, 22.2840118 ], [ 114.1307615, 22.2838723 ], [ 114.130608, 22.2837492 ], [ 114.1305967, 22.2837401 ], [ 114.1305872, 22.2837501 ], [ 114.1304943, 22.2838492 ], [ 114.1306602, 22.2839824 ], [ 114.130833, 22.284121 ], [ 114.1309354, 22.2840118 ] ] ] } },
{ "type": "Feature", "properties": { "id": "320984083", "name": "nan", "shop": "nan", "highway": "nan", "railway": "nan", "leisure": "nan", "landuse": "nan", "building": "yes" }, "geometry": { "type": "Polygon", "coordinates": [ [ [ 114.1304415, 22.2830815 ], [ 114.130453, 22.2830909 ], [ 114.130443, 22.2831014 ], [ 114.1304971, 22.2831453 ], [ 114.1306185, 22.283244 ], [ 114.1306871, 22.2831718 ], [ 114.1305641, 22.2830718 ], [ 114.1305085, 22.2830266 ], [ 114.1305003, 22.2830351 ], [ 114.1304919, 22.2830283 ], [ 114.1304415, 22.2830815 ] ] ] } },
{ "type": "Feature", "properties": { "id": "320984084", "name": "nan", "shop": "nan", "highway": "nan", "railway": "nan", "leisure": "nan", "landuse": "nan", "building": "yes" }, "geometry": { "type": "Polygon", "coordinates": [ [ [ 114.132911, 22.2868646 ], [ 114.1330076, 22.2869486 ], [ 114.1330161, 22.2869477 ], [ 114.1330566, 22.2870876 ], [ 114.1330008, 22.287085 ], [ 114.1329659, 22.2870727 ], [ 114.1328991, 22.2870304 ], [ 114.1327691, 22.2869157 ], [ 114.132623, 22.2869768 ], [ 114.1326033, 22.2869387 ], [ 114.132911, 22.2868646 ] ] ] } },
{ "type": "Feature", "properties": { "id": "320984085", "name": "nan", "shop": "nan", "highway": "nan", "railway": "nan", "leisure": "nan", "landuse": "nan", "building": "apartments" }, "geometry": { "type": "Polygon", "coordinates": [ [ [ 114.1328336, 22.2863355 ], [ 114.1328223, 22.2863031 ], [ 114.1327582, 22.2863223 ], [ 114.13275, 22.2863247 ], [ 114.1327203, 22.2862397 ], [ 114.1327279, 22.2862375 ], [ 114.1327916, 22.2862183 ], [ 114.1327792, 22.2861827 ], [ 114.1328274, 22.2861682 ], [ 114.1328809, 22.2863214 ], [ 114.1328336, 22.2863355 ] ] ] } },
{ "type": "Feature", "properties": { "id": "320984086", "name": "nan", "shop": "nan", "highway": "nan", "railway": "nan", "leisure": "nan", "landuse": "nan", "building": "apartments" }, "geometry": { "type": "Polygon", "coordinates": [ [ [ 114.1357372, 22.2851863 ], [ 114.1357026, 22.2852164 ], [ 114.1355032, 22.2852547 ], [ 114.1354647, 22.2850895 ], [ 114.1355453, 22.2850744 ], [ 114.1355567, 22.2851265 ], [ 114.1355947, 22.2851193 ], [ 114.13559, 22.2850974 ], [ 114.1356246, 22.285091 ], [ 114.1356173, 22.2850577 ], [ 114.1357055, 22.2850412 ], [ 114.1357372, 22.2851863 ] ] ] } },
{ "type": "Feature", "properties": { "id": "320984087", "name": "nan", "shop": "nan", "highway": "nan", "railway": "nan", "leisure": "nan", "landuse": "nan", "building": "apartments" }, "geometry": { "type": "Polygon", "coordinates": [ [ [ 114.1303171, 22.2833156 ], [ 114.130228, 22.2832435 ], [ 114.130266, 22.2832034 ], [ 114.1302496, 22.28319 ], [ 114.1303651, 22.2830679 ], [ 114.1303786, 22.2830789 ], [ 114.1304292, 22.2831199 ], [ 114.1303907, 22.2831606 ], [ 114.1304077, 22.2831745 ], [ 114.1303289, 22.2832578 ], [ 114.1303532, 22.2832774 ], [ 114.1303171, 22.2833156 ] ] ] } },
{ "type": "Feature", "properties": { "id": "320984088", "name": "nan", "shop": "nan", "highway": "nan", "railway": "nan", "leisure": "nan", "landuse": "nan", "building": "apartments" }, "geometry": { "type": "Polygon", "coordinates": [ [ [ 114.1353183, 22.2850549 ], [ 114.1353163, 22.2850474 ], [ 114.1353322, 22.2850439 ], [ 114.1353341, 22.2850513 ], [ 114.135426, 22.2850309 ], [ 114.1354398, 22.285084 ], [ 114.1353927, 22.2850945 ], [ 114.1354039, 22.2851375 ], [ 114.1353339, 22.285153 ], [ 114.1353224, 22.2851091 ], [ 114.1352885, 22.2851166 ], [ 114.135275, 22.2850645 ], [ 114.1353183, 22.2850549 ] ] ] } },
{ "type": "Feature", "properties": { "id": "320984089", "name": "nan", "shop": "nan", "highway": "nan", "railway": "nan", "leisure": "nan", "landuse": "nan", "building": "apartments" }, "geometry": { "type": "Polygon", "coordinates": [ [ [ 114.1336506, 22.2863024 ], [ 114.1335886, 22.2860722 ], [ 114.1337177, 22.2860424 ], [ 114.1337331, 22.2860993 ], [ 114.133691, 22.286109 ], [ 114.133697, 22.2861312 ], [ 114.1337391, 22.2861215 ], [ 114.1337573, 22.2861889 ], [ 114.1337129, 22.2861991 ], [ 114.1337189, 22.286221 ], [ 114.133763, 22.2862109 ], [ 114.1337796, 22.2862727 ], [ 114.1336506, 22.2863024 ] ] ] } },
{ "type": "Feature", "properties": { "id": "320984090", "name": "nan", "shop": "nan", "highway": "nan", "railway": "nan", "leisure": "nan", "landuse": "nan", "building": "apartments" }, "geometry": { "type": "Polygon", "coordinates": [ [ [ 114.1323786, 22.2859282 ], [ 114.1323548, 22.285882 ], [ 114.1323157, 22.2858994 ], [ 114.1322835, 22.2858369 ], [ 114.1322361, 22.2858577 ], [ 114.1322442, 22.2858734 ], [ 114.1322, 22.2858934 ], [ 114.1321916, 22.2858778 ], [ 114.1321446, 22.2858993 ], [ 114.1321778, 22.2859614 ], [ 114.1321389, 22.2859791 ], [ 114.1321634, 22.286025 ], [ 114.1323786, 22.2859282 ] ] ] } },
{ "type": "Feature", "properties": { "id": "320984091", "name": "nan", "shop": "nan", "highway": "nan", "railway": "nan", "leisure": "nan", "landuse": "nan", "building": "yes" }, "geometry": { "type": "Polygon", "coordinates": [ [ [ 114.1346809, 22.285899 ], [ 114.1346656, 22.2858377 ], [ 114.1347703, 22.2858154 ], [ 114.1347849, 22.2858741 ], [ 114.134768, 22.2858777 ], [ 114.1347982, 22.2859992 ], [ 114.1348143, 22.2859957 ], [ 114.1348299, 22.2860586 ], [ 114.1347237, 22.2860812 ], [ 114.1347082, 22.2860186 ], [ 114.1347252, 22.2860149 ], [ 114.1346957, 22.2858958 ], [ 114.1346809, 22.285899 ] ] ] } },
{ "type": "Feature", "properties": { "id": "320984092", "name": "nan", "shop": "nan", "highway": "nan", "railway": "nan", "leisure": "nan", "landuse": "nan", "building": "apartments" }, "geometry": { "type": "Polygon", "coordinates": [ [ [ 114.1340912, 22.2860744 ], [ 114.1340418, 22.2858896 ], [ 114.1341107, 22.2858738 ], [ 114.1341197, 22.2859076 ], [ 114.134179, 22.285894 ], [ 114.1341912, 22.2859393 ], [ 114.1341388, 22.2859513 ], [ 114.1341432, 22.285968 ], [ 114.1341944, 22.2859563 ], [ 114.1342072, 22.286004 ], [ 114.1341476, 22.2860177 ], [ 114.1341586, 22.2860589 ], [ 114.1340912, 22.2860744 ] ] ] } },
{ "type": "Feature", "properties": { "id": "320984093", "name": "nan", "shop": "nan", "highway": "nan", "railway": "nan", "leisure": "nan", "landuse": "nan", "building": "apartments" }, "geometry": { "type": "Polygon", "coordinates": [ [ [ 114.1349488, 22.2857813 ], [ 114.134895, 22.2857913 ], [ 114.1348655, 22.2856557 ], [ 114.1349197, 22.2856456 ], [ 114.1349235, 22.285663 ], [ 114.1349843, 22.2856517 ], [ 114.1349933, 22.2856927 ], [ 114.1349482, 22.2857011 ], [ 114.1349526, 22.285721 ], [ 114.1349971, 22.2857127 ], [ 114.1350059, 22.2857528 ], [ 114.1349451, 22.2857642 ], [ 114.1349488, 22.2857813 ] ] ] } },
{ "type": "Feature", "properties": { "id": "320984094", "name": "nan", "shop": "nan", "highway": "nan", "railway": "nan", "leisure": "nan", "landuse": "nan", "building": "apartments" }, "geometry": { "type": "Polygon", "coordinates": [ [ [ 114.1335198, 22.2862951 ], [ 114.1334896, 22.2861724 ], [ 114.1334216, 22.2861868 ], [ 114.1334269, 22.2862084 ], [ 114.1333678, 22.2862209 ], [ 114.1333627, 22.2862003 ], [ 114.1332942, 22.2862147 ], [ 114.133324, 22.286336 ], [ 114.1333929, 22.2863215 ], [ 114.1333872, 22.2862979 ], [ 114.1334462, 22.2862855 ], [ 114.1334521, 22.2863094 ], [ 114.1335198, 22.2862951 ] ] ] } },
{ "type": "Feature", "properties": { "id": "320984095", "name": "nan", "shop": "nan", "highway": "nan", "railway": "nan", "leisure": "nan", "landuse": "nan", "building": "apartments" }, "geometry": { "type": "Polygon", "coordinates": [ [ [ 114.1332638, 22.2864532 ], [ 114.1332431, 22.2863685 ], [ 114.1332598, 22.286365 ], [ 114.1332543, 22.2863425 ], [ 114.1332384, 22.2863458 ], [ 114.1332105, 22.286232 ], [ 114.1332914, 22.2862151 ], [ 114.1333191, 22.2863285 ], [ 114.1333019, 22.286332 ], [ 114.1333076, 22.2863552 ], [ 114.1333234, 22.2863519 ], [ 114.1333441, 22.2864364 ], [ 114.1332638, 22.2864532 ] ] ] } },
{ "type": "Feature", "properties": { "id": "320984096", "name": "nan", "shop": "nan", "highway": "nan", "railway": "nan", "leisure": "nan", "landuse": "nan", "building": "apartments" }, "geometry": { "type": "Polygon", "coordinates": [ [ [ 114.1305396, 22.2833308 ], [ 114.1305766, 22.283292 ], [ 114.1304466, 22.2831861 ], [ 114.1304096, 22.2832249 ], [ 114.1304347, 22.2832454 ], [ 114.1303962, 22.2832859 ], [ 114.1304322, 22.2833152 ], [ 114.130451, 22.2832954 ], [ 114.130462, 22.2833043 ], [ 114.130443, 22.2833243 ], [ 114.1304775, 22.2833524 ], [ 114.1305162, 22.2833118 ], [ 114.1305396, 22.2833308 ] ] ] } },
{ "type": "Feature", "properties": { "id": "320984097", "name": "nan", "shop": "nan", "highway": "nan", "railway": "nan", "leisure": "nan", "landuse": "nan", "building": "yes" }, "geometry": { "type": "Polygon", "coordinates": [ [ [ 114.130443, 22.2831014 ], [ 114.1304971, 22.2831453 ], [ 114.1305074, 22.2831345 ], [ 114.1305302, 22.283153 ], [ 114.130581, 22.2830995 ], [ 114.1305567, 22.2830797 ], [ 114.1305641, 22.2830718 ], [ 114.1305085, 22.2830266 ], [ 114.1305003, 22.2830351 ], [ 114.1304919, 22.2830283 ], [ 114.1304415, 22.2830815 ], [ 114.130453, 22.2830909 ], [ 114.130443, 22.2831014 ] ] ] } },
{ "type": "Feature", "properties": { "id": "320984098", "name": "nan", "shop": "nan", "highway": "nan", "railway": "nan", "leisure": "nan", "landuse": "nan", "building": "apartments" }, "geometry": { "type": "Polygon", "coordinates": [ [ [ 114.1328971, 22.2865513 ], [ 114.1328724, 22.2864582 ], [ 114.1328965, 22.2864527 ], [ 114.13289, 22.2864283 ], [ 114.1329312, 22.286419 ], [ 114.1329379, 22.2864444 ], [ 114.1329608, 22.2864392 ], [ 114.1329852, 22.2865313 ], [ 114.1329525, 22.2865387 ], [ 114.1329467, 22.2865165 ], [ 114.1329253, 22.2865214 ], [ 114.1329312, 22.2865435 ], [ 114.1328971, 22.2865513 ] ] ] } },
{ "type": "Feature", "properties": { "id": "320984099", "name": "nan", "shop": "nan", "highway": "nan", "railway": "nan", "leisure": "nan", "landuse": "nan", "building": "apartments" }, "geometry": { "type": "Polygon", "coordinates": [ [ [ 114.1305541, 22.2830262 ], [ 114.1305889, 22.2829901 ], [ 114.1306462, 22.2830376 ], [ 114.130669, 22.283014 ], [ 114.1307385, 22.2830714 ], [ 114.1307152, 22.2830956 ], [ 114.1307456, 22.2831207 ], [ 114.1307111, 22.2831564 ], [ 114.1306821, 22.2831323 ], [ 114.1306647, 22.2831503 ], [ 114.1305969, 22.2830943 ], [ 114.1306145, 22.2830761 ], [ 114.1305541, 22.2830262 ] ] ] } },
{ "type": "Feature", "properties": { "id": "320984100", "name": "Harbour One", "shop": "nan", "highway": "nan", "railway": "nan", "leisure": "nan", "landuse": "nan", "building": "yes" }, "geometry": { "type": "Polygon", "coordinates": [ [ [ 114.13279, 22.2871662 ], [ 114.1328966, 22.2870482 ], [ 114.1329642, 22.2870927 ], [ 114.133024, 22.2871062 ], [ 114.1330651, 22.287111 ], [ 114.1331366, 22.2871155 ], [ 114.1332563, 22.2871167 ], [ 114.1332894, 22.2872489 ], [ 114.1331813, 22.2872683 ], [ 114.1330893, 22.2872677 ], [ 114.1329743, 22.2872458 ], [ 114.1328706, 22.2872097 ], [ 114.13279, 22.2871662 ] ] ] } },
{ "type": "Feature", "properties": { "id": "320984101", "name": "nan", "shop": "nan", "highway": "nan", "railway": "nan", "leisure": "nan", "landuse": "nan", "building": "apartments" }, "geometry": { "type": "Polygon", "coordinates": [ [ [ 114.1341013, 22.2862132 ], [ 114.1340868, 22.2861604 ], [ 114.1341145, 22.2861539 ], [ 114.1341114, 22.2861426 ], [ 114.1342002, 22.2861218 ], [ 114.1342187, 22.2861175 ], [ 114.1342219, 22.2861292 ], [ 114.1342513, 22.2861224 ], [ 114.134266, 22.2861762 ], [ 114.1342182, 22.2861874 ], [ 114.1342299, 22.2862302 ], [ 114.1341644, 22.2862456 ], [ 114.1341523, 22.2862013 ], [ 114.1341013, 22.2862132 ] ] ] } },
{ "type": "Feature", "properties": { "id": "320984102", "name": "nan", "shop": "nan", "highway": "nan", "railway": "nan", "leisure": "nan", "landuse": "nan", "building": "apartments" }, "geometry": { "type": "Polygon", "coordinates": [ [ [ 114.1351931, 22.2862743 ], [ 114.1352968, 22.2866492 ], [ 114.135333, 22.2867803 ], [ 114.1351254, 22.2868295 ], [ 114.1351089, 22.2867699 ], [ 114.1350427, 22.2867855 ], [ 114.1350042, 22.2866464 ], [ 114.1350773, 22.2866291 ], [ 114.1350208, 22.2864249 ], [ 114.1349521, 22.2864411 ], [ 114.1349038, 22.2862665 ], [ 114.1349952, 22.2862448 ], [ 114.1349841, 22.2862047 ], [ 114.1351621, 22.2861625 ], [ 114.1351931, 22.2862743 ] ] ] } },
{ "type": "Feature", "properties": { "id": "320984104", "name": "堅城商業大廈 Kennedy Town Commercial Centre", "shop": "nan", "highway": "nan", "railway": "nan", "leisure": "nan", "landuse": "nan", "building": "commercial" }, "geometry": { "type": "Polygon", "coordinates": [ [ [ 114.1304943, 22.2838492 ], [ 114.1306602, 22.2839824 ], [ 114.130683, 22.2839765 ], [ 114.1307017, 22.283957 ], [ 114.1307115, 22.2839531 ], [ 114.130723, 22.2839461 ], [ 114.1307361, 22.2839331 ], [ 114.1307416, 22.2839221 ], [ 114.1307433, 22.2839126 ], [ 114.1307618, 22.2838908 ], [ 114.1307615, 22.2838723 ], [ 114.130608, 22.2837492 ], [ 114.1305872, 22.2837501 ], [ 114.1304943, 22.2838492 ] ] ] } },
{ "type": "Feature", "properties": { "id": "320984105", "name": "nan", "shop": "nan", "highway": "nan", "railway": "nan", "leisure": "nan", "landuse": "nan", "building": "apartments" }, "geometry": { "type": "Polygon", "coordinates": [ [ [ 114.1343206, 22.2868135 ], [ 114.1343144, 22.2867914 ], [ 114.1343637, 22.2867798 ], [ 114.1343698, 22.286802 ], [ 114.1343831, 22.2867989 ], [ 114.1343771, 22.2867768 ], [ 114.1344263, 22.2867653 ], [ 114.1344323, 22.2867874 ], [ 114.134451, 22.286783 ], [ 114.1344449, 22.2867606 ], [ 114.1344923, 22.2867495 ], [ 114.1344983, 22.2867713 ], [ 114.1345174, 22.2867668 ], [ 114.1345111, 22.2867437 ], [ 114.1345598, 22.2867323 ], [ 114.1345661, 22.2867552 ], [ 114.1345826, 22.2867513 ], [ 114.1345767, 22.28673 ], [ 114.134626, 22.2867185 ], [ 114.1346317, 22.2867396 ], [ 114.1346504, 22.2867352 ], [ 114.1346445, 22.2867136 ], [ 114.1346888, 22.2867033 ], [ 114.134695, 22.2867258 ], [ 114.1347267, 22.2867184 ], [ 114.1347137, 22.2866707 ], [ 114.1346752, 22.2866797 ], [ 114.1346594, 22.2866216 ], [ 114.1347061, 22.2866107 ], [ 114.1346998, 22.2865877 ], [ 114.1346523, 22.2865988 ], [ 114.1346395, 22.2865519 ], [ 114.1347832, 22.2865183 ], [ 114.1347957, 22.2865642 ], [ 114.1347509, 22.2865746 ], [ 114.1347572, 22.2865974 ], [ 114.1348017, 22.286587 ], [ 114.1348182, 22.2866473 ], [ 114.1347778, 22.2866568 ], [ 114.1347843, 22.2866808 ], [ 114.1348213, 22.2866721 ], [ 114.1348272, 22.2866939 ], [ 114.1348459, 22.2866895 ], [ 114.13484, 22.2866678 ], [ 114.1348862, 22.286657 ], [ 114.1348923, 22.2866794 ], [ 114.1349114, 22.2866749 ], [ 114.1349051, 22.2866518 ], [ 114.1349539, 22.2866404 ], [ 114.1349603, 22.2866639 ], [ 114.1349658, 22.2866626 ], [ 114.1349847, 22.2867316 ], [ 114.1349774, 22.2867333 ], [ 114.1349837, 22.2867563 ], [ 114.1349361, 22.2867674 ], [ 114.1349296, 22.2867433 ], [ 114.134911, 22.2867476 ], [ 114.1349175, 22.2867714 ], [ 114.1348708, 22.2867823 ], [ 114.1348642, 22.286758 ], [ 114.1348448, 22.2867625 ], [ 114.1348513, 22.2867865 ], [ 114.1348039, 22.2867976 ], [ 114.1347976, 22.2867743 ], [ 114.1347819, 22.286778 ], [ 114.1347882, 22.2868011 ], [ 114.1347406, 22.2868122 ], [ 114.1347341, 22.2867881 ], [ 114.1347155, 22.2867925 ], [ 114.1347221, 22.2868167 ], [ 114.1346752, 22.2868276 ], [ 114.1346687, 22.2868037 ], [ 114.1346493, 22.2868082 ], [ 114.1346558, 22.2868322 ], [ 114.1346085, 22.2868433 ], [ 114.1346022, 22.2868203 ], [ 114.1345833, 22.2868247 ], [ 114.1345897, 22.2868481 ], [ 114.1345421, 22.2868592 ], [ 114.1345355, 22.2868351 ], [ 114.134517, 22.2868395 ], [ 114.1345236, 22.2868639 ], [ 114.1344757, 22.2868751 ], [ 114.1344692, 22.2868515 ], [ 114.1344499, 22.286856 ], [ 114.1344564, 22.28688 ], [ 114.134409, 22.2868911 ], [ 114.1344027, 22.2868678 ], [ 114.134387, 22.2868715 ], [ 114.1343933, 22.2868946 ], [ 114.1343463, 22.2869056 ], [ 114.1343396, 22.2868816 ], [ 114.1343206, 22.286886 ], [ 114.1343271, 22.28691 ], [ 114.1342781, 22.2869213 ], [ 114.1342715, 22.2868972 ], [ 114.1342522, 22.2869017 ], [ 114.1342587, 22.2869257 ], [ 114.1342113, 22.2869368 ], [ 114.1342049, 22.2869133 ], [ 114.1341871, 22.2869174 ], [ 114.1341935, 22.2869407 ], [ 114.1341412, 22.2869529 ], [ 114.1341347, 22.2869288 ], [ 114.1341153, 22.2869333 ], [ 114.1341218, 22.2869573 ], [ 114.1340744, 22.2869683 ], [ 114.134068, 22.2869448 ], [ 114.1340585, 22.2869471 ], [ 114.1340396, 22.2868779 ], [ 114.1340484, 22.2868758 ], [ 114.1340427, 22.286855 ], [ 114.1340919, 22.2868435 ], [ 114.1340977, 22.2868646 ], [ 114.1341164, 22.2868603 ], [ 114.1341104, 22.2868383 ], [ 114.134162, 22.2868263 ], [ 114.1341681, 22.2868484 ], [ 114.1341853, 22.2868443 ], [ 114.1341794, 22.2868227 ], [ 114.1341984, 22.2868182 ], [ 114.1341918, 22.2867938 ], [ 114.1341535, 22.2868027 ], [ 114.1341368, 22.2867417 ], [ 114.1341875, 22.2867298 ], [ 114.1341816, 22.2867083 ], [ 114.13413, 22.2867203 ], [ 114.1341127, 22.2866566 ], [ 114.1341644, 22.2866446 ], [ 114.1341592, 22.2866255 ], [ 114.1341065, 22.2866378 ], [ 114.1340853, 22.28656 ], [ 114.1342272, 22.2865268 ], [ 114.1342479, 22.2866029 ], [ 114.1342046, 22.286613 ], [ 114.1342106, 22.2866347 ], [ 114.1342539, 22.2866246 ], [ 114.1342709, 22.2866869 ], [ 114.134226, 22.2866974 ], [ 114.1342317, 22.2867183 ], [ 114.1342767, 22.2867078 ], [ 114.1342937, 22.2867702 ], [ 114.1342443, 22.2867817 ], [ 114.134257, 22.2868283 ], [ 114.1343206, 22.2868135 ] ] ] } },
{ "type": "Feature", "properties": { "id": "320984111", "name": "nan", "shop": "nan", "highway": "nan", "railway": "nan", "leisure": "nan", "landuse": "nan", "building": "apartments" }, "geometry": { "type": "Polygon", "coordinates": [ [ [ 114.1305803, 22.2844473 ], [ 114.1306213, 22.2844802 ], [ 114.1306473, 22.2844526 ], [ 114.130692, 22.2844886 ], [ 114.1307241, 22.2844544 ], [ 114.1306858, 22.2844236 ], [ 114.1306966, 22.2844121 ], [ 114.1307341, 22.2844424 ], [ 114.1307664, 22.2844081 ], [ 114.130719, 22.2843699 ], [ 114.130747, 22.2843402 ], [ 114.1307083, 22.284309 ], [ 114.1306738, 22.2843457 ], [ 114.1306675, 22.2843406 ], [ 114.1306217, 22.2843893 ], [ 114.1306292, 22.2843953 ], [ 114.1305803, 22.2844473 ] ] ] } },
{ "type": "Feature", "properties": { "id": "320984113", "name": "nan", "shop": "nan", "highway": "nan", "railway": "nan", "leisure": "nan", "landuse": "nan", "building": "apartments" }, "geometry": { "type": "Polygon", "coordinates": [ [ [ 114.132501, 22.2864624 ], [ 114.1324863, 22.2864688 ], [ 114.1324634, 22.2864234 ], [ 114.132407, 22.2864477 ], [ 114.1324348, 22.2865029 ], [ 114.1323909, 22.2865218 ], [ 114.1324401, 22.2866192 ], [ 114.1325087, 22.2865896 ], [ 114.1325193, 22.286585 ], [ 114.1325404, 22.2865759 ], [ 114.1325221, 22.2865396 ], [ 114.1325361, 22.2865336 ], [ 114.1325543, 22.2865697 ], [ 114.1326547, 22.2865263 ], [ 114.1326056, 22.286429 ], [ 114.1325618, 22.2864478 ], [ 114.132534, 22.2863926 ], [ 114.1324779, 22.2864168 ], [ 114.132501, 22.2864624 ] ] ] } },
{ "type": "Feature", "properties": { "id": "320984115", "name": "nan", "shop": "nan", "highway": "nan", "railway": "nan", "leisure": "nan", "landuse": "nan", "building": "apartments" }, "geometry": { "type": "Polygon", "coordinates": [ [ [ 114.1332142, 22.2868292 ], [ 114.1332, 22.2867749 ], [ 114.133262, 22.2867611 ], [ 114.1332456, 22.2866982 ], [ 114.133298, 22.2866865 ], [ 114.1333095, 22.2867307 ], [ 114.1333336, 22.2867253 ], [ 114.1333219, 22.2866807 ], [ 114.1333681, 22.2866704 ], [ 114.1333841, 22.2867319 ], [ 114.133441, 22.2867192 ], [ 114.1334556, 22.2867755 ], [ 114.1333895, 22.2867902 ], [ 114.1333931, 22.286804 ], [ 114.1332894, 22.2868272 ], [ 114.1332857, 22.2868133 ], [ 114.1332142, 22.2868292 ] ] ] } },
{ "type": "Feature", "properties": { "id": "320984117", "name": "nan", "shop": "nan", "highway": "nan", "railway": "nan", "leisure": "nan", "landuse": "nan", "building": "apartments" }, "geometry": { "type": "Polygon", "coordinates": [ [ [ 114.1347355, 22.2861361 ], [ 114.1345461, 22.2861759 ], [ 114.1345178, 22.2860603 ], [ 114.1345365, 22.2860564 ], [ 114.1344875, 22.2858563 ], [ 114.1345221, 22.285849 ], [ 114.134513, 22.2858119 ], [ 114.1344745, 22.28582 ], [ 114.1344612, 22.2857656 ], [ 114.134623, 22.2857316 ], [ 114.1346357, 22.2857834 ], [ 114.1345991, 22.2857911 ], [ 114.1346088, 22.2858305 ], [ 114.1346441, 22.2858231 ], [ 114.1346932, 22.2860232 ], [ 114.1347071, 22.2860203 ], [ 114.1347355, 22.2861361 ] ] ] } },
{ "type": "Feature", "properties": { "id": "320984120", "name": "nan", "shop": "nan", "highway": "nan", "railway": "nan", "leisure": "nan", "landuse": "nan", "building": "apartments" }, "geometry": { "type": "Polygon", "coordinates": [ [ [ 114.133912, 22.2859249 ], [ 114.1339002, 22.2858826 ], [ 114.1338962, 22.2858674 ], [ 114.1338845, 22.2858253 ], [ 114.1338738, 22.2857857 ], [ 114.1339329, 22.2857721 ], [ 114.1339435, 22.2858111 ], [ 114.1339892, 22.2858006 ], [ 114.134001, 22.2858445 ], [ 114.1339551, 22.2858551 ], [ 114.1339591, 22.2858701 ], [ 114.134005, 22.2858595 ], [ 114.1340162, 22.2859008 ], [ 114.13397, 22.2859115 ], [ 114.1339836, 22.2859622 ], [ 114.1339256, 22.2859756 ], [ 114.133912, 22.2859249 ] ] ] } },
{ "type": "Feature", "properties": { "id": "320984122", "name": "nan", "shop": "nan", "highway": "nan", "railway": "nan", "leisure": "nan", "landuse": "nan", "building": "apartments" }, "geometry": { "type": "Polygon", "coordinates": [ [ [ 114.1300249, 22.2834976 ], [ 114.1300042, 22.2835197 ], [ 114.1300485, 22.2835553 ], [ 114.1301602, 22.2834361 ], [ 114.130114, 22.2833991 ], [ 114.1300942, 22.2834202 ], [ 114.1300686, 22.2833997 ], [ 114.1300555, 22.2833892 ], [ 114.1300248, 22.2834219 ], [ 114.1300379, 22.2834325 ], [ 114.130046, 22.283439 ], [ 114.1300357, 22.28345 ], [ 114.1300276, 22.2834435 ], [ 114.1300151, 22.2834334 ], [ 114.129985, 22.2834656 ], [ 114.1299975, 22.2834756 ], [ 114.1300249, 22.2834976 ] ] ] } },
{ "type": "Feature", "properties": { "id": "320984124", "name": "nan", "shop": "nan", "highway": "nan", "railway": "nan", "leisure": "nan", "landuse": "nan", "building": "apartments" }, "geometry": { "type": "Polygon", "coordinates": [ [ [ 114.1328082, 22.2869193 ], [ 114.132822, 22.2868883 ], [ 114.132845, 22.2868826 ], [ 114.1328897, 22.2869191 ], [ 114.132927, 22.28688 ], [ 114.1329573, 22.2869059 ], [ 114.1329381, 22.2869261 ], [ 114.1329551, 22.28694 ], [ 114.132974, 22.2869202 ], [ 114.1330061, 22.2869476 ], [ 114.1329699, 22.2869854 ], [ 114.133004, 22.2870132 ], [ 114.1329751, 22.2870633 ], [ 114.1329123, 22.2870103 ], [ 114.1328975, 22.2870262 ], [ 114.1328418, 22.2869807 ], [ 114.1328597, 22.2869613 ], [ 114.1328082, 22.2869193 ] ] ] } },
{ "type": "Feature", "properties": { "id": "320984126", "name": "nan", "shop": "nan", "highway": "nan", "railway": "nan", "leisure": "nan", "landuse": "nan", "building": "apartments" }, "geometry": { "type": "Polygon", "coordinates": [ [ [ 114.1334652, 22.286749 ], [ 114.133448, 22.2866844 ], [ 114.1334825, 22.2866765 ], [ 114.1334793, 22.2866644 ], [ 114.1334448, 22.2866723 ], [ 114.1334237, 22.2865933 ], [ 114.1334778, 22.2865809 ], [ 114.1334751, 22.2865712 ], [ 114.1336536, 22.2865304 ], [ 114.1336562, 22.2865403 ], [ 114.1337063, 22.2865288 ], [ 114.1337279, 22.2866099 ], [ 114.1336974, 22.2866169 ], [ 114.1337003, 22.2866279 ], [ 114.1337314, 22.2866208 ], [ 114.1337483, 22.2866839 ], [ 114.1336188, 22.2867135 ], [ 114.1336113, 22.2866854 ], [ 114.1335848, 22.2866915 ], [ 114.1335924, 22.28672 ], [ 114.1334652, 22.286749 ] ] ] } },
{ "type": "Feature", "properties": { "id": "320984129", "name": "nan", "shop": "nan", "highway": "nan", "railway": "nan", "leisure": "nan", "landuse": "nan", "building": "apartments" }, "geometry": { "type": "Polygon", "coordinates": [ [ [ 114.1329635, 22.2872382 ], [ 114.1329668, 22.2872231 ], [ 114.132896, 22.2872101 ], [ 114.1328992, 22.2871951 ], [ 114.1328414, 22.2871845 ], [ 114.1328567, 22.2871131 ], [ 114.1329559, 22.2871313 ], [ 114.1329592, 22.2871159 ], [ 114.1329983, 22.2871231 ], [ 114.1330013, 22.2871094 ], [ 114.133103, 22.2871281 ], [ 114.1331196, 22.2871311 ], [ 114.1331169, 22.2871438 ], [ 114.133156, 22.2871509 ], [ 114.1331526, 22.2871667 ], [ 114.1332515, 22.2871849 ], [ 114.1332362, 22.2872564 ], [ 114.1331781, 22.2872457 ], [ 114.1331749, 22.2872603 ], [ 114.1331319, 22.2872524 ], [ 114.1331103, 22.2872484 ], [ 114.1331041, 22.2872473 ], [ 114.1331006, 22.2872634 ], [ 114.1330391, 22.2872521 ], [ 114.1329635, 22.2872382 ] ] ] } },
{ "type": "Feature", "properties": { "id": "320984131", "name": "nan", "shop": "nan", "highway": "nan", "railway": "nan", "leisure": "nan", "landuse": "nan", "building": "apartments" }, "geometry": { "type": "Polygon", "coordinates": [ [ [ 114.1331475, 22.2869449 ], [ 114.1331741, 22.2869388 ], [ 114.1331678, 22.2869152 ], [ 114.1332043, 22.2869069 ], [ 114.1331625, 22.2867511 ], [ 114.1331298, 22.2867586 ], [ 114.1331234, 22.2867347 ], [ 114.133094, 22.2867415 ], [ 114.1331006, 22.2867661 ], [ 114.1330637, 22.2867746 ], [ 114.1330777, 22.2868269 ], [ 114.1330927, 22.2868234 ], [ 114.1330964, 22.2868373 ], [ 114.1331127, 22.2868335 ], [ 114.1331177, 22.2868522 ], [ 114.1331012, 22.286856 ], [ 114.1331054, 22.2868714 ], [ 114.1330908, 22.2868748 ], [ 114.1331056, 22.2869302 ], [ 114.1331413, 22.286922 ], [ 114.1331475, 22.2869449 ] ] ] } },
{ "type": "Feature", "properties": { "id": "320984132", "name": "nan", "shop": "nan", "highway": "nan", "railway": "nan", "leisure": "nan", "landuse": "nan", "building": "apartments" }, "geometry": { "type": "Polygon", "coordinates": [ [ [ 114.1325634, 22.2868219 ], [ 114.132559, 22.2868041 ], [ 114.1325696, 22.2868019 ], [ 114.1325613, 22.2867684 ], [ 114.1326459, 22.2867504 ], [ 114.1326505, 22.286769 ], [ 114.1326873, 22.2867612 ], [ 114.1326827, 22.2867424 ], [ 114.1327627, 22.2867254 ], [ 114.1327707, 22.286758 ], [ 114.1327802, 22.286756 ], [ 114.1327847, 22.2867743 ], [ 114.1327627, 22.286779 ], [ 114.132773, 22.2868207 ], [ 114.13274, 22.2868277 ], [ 114.1327429, 22.2868396 ], [ 114.1326294, 22.2868636 ], [ 114.1326267, 22.2868525 ], [ 114.1325954, 22.2868591 ], [ 114.1325851, 22.2868173 ], [ 114.1325634, 22.2868219 ] ] ] } },
{ "type": "Feature", "properties": { "id": "320984134", "name": "nan", "shop": "nan", "highway": "nan", "railway": "nan", "leisure": "nan", "landuse": "nan", "building": "yes" }, "geometry": { "type": "Polygon", "coordinates": [ [ [ 114.133912, 22.2859249 ], [ 114.1339256, 22.2859756 ], [ 114.1339836, 22.2859622 ], [ 114.13397, 22.2859115 ], [ 114.1340162, 22.2859008 ], [ 114.134005, 22.2858595 ], [ 114.1339591, 22.2858701 ], [ 114.1339551, 22.2858551 ], [ 114.134001, 22.2858445 ], [ 114.1339892, 22.2858006 ], [ 114.1339435, 22.2858111 ], [ 114.1339329, 22.2857721 ], [ 114.1338738, 22.2857857 ], [ 114.1338845, 22.2858253 ], [ 114.1338404, 22.2858355 ], [ 114.1338518, 22.2858777 ], [ 114.1338962, 22.2858674 ], [ 114.1339002, 22.2858826 ], [ 114.1338569, 22.2858926 ], [ 114.1338683, 22.2859349 ], [ 114.133912, 22.2859249 ] ] ] } },
{ "type": "Feature", "properties": { "id": "320984135", "name": "nan", "shop": "nan", "highway": "nan", "railway": "nan", "leisure": "nan", "landuse": "nan", "building": "apartments" }, "geometry": { "type": "Polygon", "coordinates": [ [ [ 114.1301494, 22.2836013 ], [ 114.130174, 22.283621 ], [ 114.1302142, 22.283578 ], [ 114.1301884, 22.2835574 ], [ 114.1302336, 22.2835089 ], [ 114.1301969, 22.2834795 ], [ 114.1301518, 22.2835278 ], [ 114.1301275, 22.2835084 ], [ 114.1300873, 22.2835514 ], [ 114.1301128, 22.2835717 ], [ 114.1300808, 22.283606 ], [ 114.1300541, 22.2835847 ], [ 114.1300139, 22.2836277 ], [ 114.130041, 22.2836493 ], [ 114.1299886, 22.2837054 ], [ 114.1300254, 22.2837348 ], [ 114.1300776, 22.2836789 ], [ 114.1301007, 22.2836974 ], [ 114.1301409, 22.2836543 ], [ 114.1301174, 22.2836356 ], [ 114.1301494, 22.2836013 ] ] ] } },
{ "type": "Feature", "properties": { "id": "320984137", "name": "nan", "shop": "nan", "highway": "nan", "railway": "nan", "leisure": "nan", "landuse": "nan", "building": "apartments" }, "geometry": { "type": "Polygon", "coordinates": [ [ [ 114.130529, 22.2834245 ], [ 114.1304906, 22.2833939 ], [ 114.1305442, 22.2833365 ], [ 114.1305687, 22.2833562 ], [ 114.130558, 22.2833677 ], [ 114.1305755, 22.2833817 ], [ 114.1305921, 22.2833639 ], [ 114.1306817, 22.2834356 ], [ 114.1306659, 22.2834527 ], [ 114.1306846, 22.2834675 ], [ 114.1306946, 22.2834568 ], [ 114.1307175, 22.2834747 ], [ 114.1306643, 22.2835317 ], [ 114.1306297, 22.2835045 ], [ 114.1305989, 22.2835375 ], [ 114.1305521, 22.2835001 ], [ 114.1305797, 22.2834705 ], [ 114.1305691, 22.2834622 ], [ 114.1305414, 22.283492 ], [ 114.1304983, 22.2834576 ], [ 114.130529, 22.2834245 ] ] ] } },
{ "type": "Feature", "properties": { "id": "320984138", "name": "nan", "shop": "nan", "highway": "nan", "railway": "nan", "leisure": "nan", "landuse": "nan", "building": "apartments" }, "geometry": { "type": "Polygon", "coordinates": [ [ [ 114.130225, 22.2840677 ], [ 114.1302689, 22.2840211 ], [ 114.1303104, 22.2840547 ], [ 114.1303375, 22.284026 ], [ 114.1302972, 22.2839935 ], [ 114.1303091, 22.2839809 ], [ 114.1303499, 22.2840138 ], [ 114.130378, 22.283984 ], [ 114.1303382, 22.2839519 ], [ 114.1303675, 22.2839208 ], [ 114.1303137, 22.2838774 ], [ 114.1302848, 22.2839081 ], [ 114.1302526, 22.2838821 ], [ 114.1302245, 22.2839119 ], [ 114.130258, 22.283939 ], [ 114.1302461, 22.2839516 ], [ 114.1302134, 22.2839252 ], [ 114.1301864, 22.2839539 ], [ 114.130221, 22.2839818 ], [ 114.1301897, 22.2840151 ], [ 114.1301995, 22.284023 ], [ 114.1301866, 22.2840367 ], [ 114.130225, 22.2840677 ] ] ] } },
{ "type": "Feature", "properties": { "id": "320984139", "name": "nan", "shop": "nan", "highway": "nan", "railway": "nan", "leisure": "nan", "landuse": "nan", "building": "yes" }, "geometry": { "type": "Polygon", "coordinates": [ [ [ 114.131117, 22.2847185 ], [ 114.1311601, 22.284753 ], [ 114.1311449, 22.2847694 ], [ 114.131101, 22.2847343 ], [ 114.1310671, 22.2847707 ], [ 114.1311294, 22.2848204 ], [ 114.1310863, 22.2848665 ], [ 114.131136, 22.2849062 ], [ 114.1311797, 22.2848593 ], [ 114.1312205, 22.2848127 ], [ 114.131231, 22.2848015 ], [ 114.1312632, 22.2848272 ], [ 114.1313041, 22.2847833 ], [ 114.1312698, 22.284756 ], [ 114.1313333, 22.2846879 ], [ 114.1312791, 22.2846447 ], [ 114.1312351, 22.2846919 ], [ 114.1312427, 22.284698 ], [ 114.1312118, 22.2847311 ], [ 114.1311507, 22.2846823 ], [ 114.131117, 22.2847185 ] ] ] } },
{ "type": "Feature", "properties": { "id": "320984140", "name": "nan", "shop": "nan", "highway": "nan", "railway": "nan", "leisure": "nan", "landuse": "nan", "building": "apartments" }, "geometry": { "type": "Polygon", "coordinates": [ [ [ 114.1323844, 22.2863248 ], [ 114.1323768, 22.286311 ], [ 114.1323394, 22.2863287 ], [ 114.1323161, 22.2862866 ], [ 114.1323557, 22.2862679 ], [ 114.1323491, 22.2862559 ], [ 114.1323731, 22.2862446 ], [ 114.132363, 22.2862263 ], [ 114.1324115, 22.2862034 ], [ 114.1324281, 22.2862334 ], [ 114.1324647, 22.286216 ], [ 114.1324884, 22.2862589 ], [ 114.1324503, 22.2862769 ], [ 114.132457, 22.2862891 ], [ 114.132495, 22.2862712 ], [ 114.1325192, 22.2863151 ], [ 114.1324821, 22.2863326 ], [ 114.1324986, 22.2863626 ], [ 114.1324501, 22.2863855 ], [ 114.1324401, 22.2863673 ], [ 114.132416, 22.2863786 ], [ 114.1324094, 22.2863666 ], [ 114.1323699, 22.2863853 ], [ 114.1323465, 22.2863428 ], [ 114.1323844, 22.2863248 ] ] ] } },
{ "type": "Feature", "properties": { "id": "320984142", "name": "nan", "shop": "nan", "highway": "nan", "railway": "nan", "leisure": "nan", "landuse": "nan", "building": "apartments" }, "geometry": { "type": "Polygon", "coordinates": [ [ [ 114.1349032, 22.2855769 ], [ 114.1349163, 22.2856267 ], [ 114.1348905, 22.2856326 ], [ 114.1348888, 22.2856259 ], [ 114.1348705, 22.28563 ], [ 114.1348579, 22.2855823 ], [ 114.1348222, 22.2855904 ], [ 114.1348101, 22.2855445 ], [ 114.1348501, 22.2855355 ], [ 114.1348361, 22.2854825 ], [ 114.1348801, 22.2854726 ], [ 114.1348899, 22.2855094 ], [ 114.1349037, 22.2855063 ], [ 114.1348939, 22.2854692 ], [ 114.1349379, 22.2854592 ], [ 114.1349519, 22.2855121 ], [ 114.1349919, 22.2855031 ], [ 114.1350041, 22.285549 ], [ 114.1349684, 22.285557 ], [ 114.134981, 22.2856047 ], [ 114.1349628, 22.2856089 ], [ 114.1349645, 22.2856156 ], [ 114.1349393, 22.2856213 ], [ 114.1349262, 22.2855717 ], [ 114.1349032, 22.2855769 ] ] ] } },
{ "type": "Feature", "properties": { "id": "320984143", "name": "nan", "shop": "nan", "highway": "nan", "railway": "nan", "leisure": "nan", "landuse": "nan", "building": "apartments" }, "geometry": { "type": "Polygon", "coordinates": [ [ [ 114.1313838, 22.2848152 ], [ 114.1313954, 22.2848031 ], [ 114.1313677, 22.2847806 ], [ 114.131355, 22.284794 ], [ 114.1313406, 22.2847824 ], [ 114.131269, 22.284858 ], [ 114.1312915, 22.2848762 ], [ 114.1313188, 22.2848473 ], [ 114.1313275, 22.2848544 ], [ 114.1312987, 22.2848849 ], [ 114.1313056, 22.2848905 ], [ 114.1312859, 22.2849113 ], [ 114.1313212, 22.2849399 ], [ 114.1313415, 22.2849185 ], [ 114.1313497, 22.2849252 ], [ 114.1313781, 22.2848952 ], [ 114.1313868, 22.2849023 ], [ 114.1313595, 22.2849311 ], [ 114.1313819, 22.2849493 ], [ 114.1314535, 22.2848737 ], [ 114.1314391, 22.284862 ], [ 114.1314518, 22.2848486 ], [ 114.1314242, 22.2848261 ], [ 114.1314125, 22.2848385 ], [ 114.1313838, 22.2848152 ] ] ] } },
{ "type": "Feature", "properties": { "id": "320984144", "name": "nan", "shop": "nan", "highway": "nan", "railway": "nan", "leisure": "nan", "landuse": "nan", "building": "apartments" }, "geometry": { "type": "Polygon", "coordinates": [ [ [ 114.133159, 22.2862713 ], [ 114.1331467, 22.2862204 ], [ 114.1331153, 22.2862269 ], [ 114.133118, 22.2862384 ], [ 114.1330868, 22.2862449 ], [ 114.1330963, 22.2862843 ], [ 114.1330308, 22.2862978 ], [ 114.1330417, 22.286343 ], [ 114.1330871, 22.2863335 ], [ 114.133092, 22.2863537 ], [ 114.1330459, 22.2863632 ], [ 114.1330557, 22.2864043 ], [ 114.133122, 22.2863907 ], [ 114.1331318, 22.2864314 ], [ 114.1331565, 22.2864263 ], [ 114.133159, 22.286437 ], [ 114.1331937, 22.2864299 ], [ 114.1331814, 22.2863788 ], [ 114.1332381, 22.2863672 ], [ 114.1332276, 22.2863238 ], [ 114.1331782, 22.286334 ], [ 114.1331735, 22.2863146 ], [ 114.1332233, 22.2863044 ], [ 114.1332128, 22.2862602 ], [ 114.133159, 22.2862713 ] ] ] } },
{ "type": "Feature", "properties": { "id": "320984146", "name": "nan", "shop": "nan", "highway": "nan", "railway": "nan", "leisure": "nan", "landuse": "nan", "building": "apartments" }, "geometry": { "type": "Polygon", "coordinates": [ [ [ 114.1351506, 22.2852071 ], [ 114.1351359, 22.2852098 ], [ 114.1351453, 22.2852477 ], [ 114.1350949, 22.2852575 ], [ 114.1350876, 22.2852279 ], [ 114.1350705, 22.2852311 ], [ 114.1350669, 22.2852165 ], [ 114.135007, 22.2852279 ], [ 114.1349953, 22.2851751 ], [ 114.1350762, 22.2851598 ], [ 114.1350693, 22.2851285 ], [ 114.1350914, 22.2851244 ], [ 114.1350979, 22.2851345 ], [ 114.135119, 22.2851305 ], [ 114.1351238, 22.2851519 ], [ 114.1351354, 22.2851495 ], [ 114.1351309, 22.2851282 ], [ 114.135152, 22.2851239 ], [ 114.1351534, 22.2851122 ], [ 114.1351755, 22.2851076 ], [ 114.1351829, 22.2851387 ], [ 114.1352636, 22.2851222 ], [ 114.1352762, 22.2851748 ], [ 114.1352165, 22.285187 ], [ 114.1352203, 22.2852015 ], [ 114.1352032, 22.2852051 ], [ 114.135211, 22.2852349 ], [ 114.1351605, 22.2852447 ], [ 114.1351506, 22.2852071 ] ] ] } },
{ "type": "Feature", "properties": { "id": "320984147", "name": "nan", "shop": "nan", "highway": "nan", "railway": "nan", "leisure": "nan", "landuse": "nan", "building": "apartments" }, "geometry": { "type": "Polygon", "coordinates": [ [ [ 114.1312337, 22.2838353 ], [ 114.1312572, 22.2838538 ], [ 114.1312756, 22.2838339 ], [ 114.1312848, 22.2838412 ], [ 114.1313048, 22.2838195 ], [ 114.1312527, 22.2837783 ], [ 114.1312617, 22.2837686 ], [ 114.1313139, 22.2838099 ], [ 114.131334, 22.2837882 ], [ 114.1313248, 22.283781 ], [ 114.1313396, 22.283765 ], [ 114.1313155, 22.2837461 ], [ 114.1313644, 22.2836931 ], [ 114.1313202, 22.2836582 ], [ 114.1312701, 22.2837125 ], [ 114.1312604, 22.2837048 ], [ 114.1312179, 22.2836712 ], [ 114.1311613, 22.2836265 ], [ 114.1311277, 22.283663 ], [ 114.1311872, 22.28371 ], [ 114.131178, 22.28372 ], [ 114.1311185, 22.2836731 ], [ 114.1310799, 22.283715 ], [ 114.1311374, 22.2837605 ], [ 114.1311803, 22.2837944 ], [ 114.1311889, 22.2838011 ], [ 114.1311425, 22.2838515 ], [ 114.1311867, 22.2838863 ], [ 114.1312337, 22.2838353 ] ] ] } },
{ "type": "Feature", "properties": { "id": "320984148", "name": "nan", "shop": "nan", "highway": "nan", "railway": "nan", "leisure": "nan", "landuse": "nan", "building": "apartments" }, "geometry": { "type": "Polygon", "coordinates": [ [ [ 114.1322954, 22.2860366 ], [ 114.1322757, 22.2859985 ], [ 114.1323062, 22.285985 ], [ 114.1323137, 22.2859995 ], [ 114.1323263, 22.285994 ], [ 114.13235, 22.2860398 ], [ 114.1324079, 22.2860141 ], [ 114.132433, 22.2860626 ], [ 114.1323914, 22.286081 ], [ 114.1323992, 22.286096 ], [ 114.132384, 22.2861027 ], [ 114.1324139, 22.2861604 ], [ 114.1324026, 22.2861655 ], [ 114.1324094, 22.2861788 ], [ 114.1323769, 22.2861932 ], [ 114.1323608, 22.2861621 ], [ 114.1323467, 22.2861684 ], [ 114.1323628, 22.2861994 ], [ 114.1323303, 22.2862138 ], [ 114.1323234, 22.2862005 ], [ 114.132312, 22.2862055 ], [ 114.1322822, 22.2861478 ], [ 114.132267, 22.2861545 ], [ 114.1322592, 22.2861395 ], [ 114.1322176, 22.2861579 ], [ 114.1321926, 22.2861095 ], [ 114.1322504, 22.2860839 ], [ 114.1322267, 22.286038 ], [ 114.1322393, 22.2860325 ], [ 114.1322318, 22.286018 ], [ 114.1322623, 22.2860044 ], [ 114.132282, 22.2860425 ], [ 114.1322954, 22.2860366 ] ] ] } },
{ "type": "Feature", "properties": { "id": "320984149", "name": "nan", "shop": "nan", "highway": "nan", "railway": "nan", "leisure": "nan", "landuse": "nan", "building": "apartments" }, "geometry": { "type": "Polygon", "coordinates": [ [ [ 114.1315235, 22.2849328 ], [ 114.1315123, 22.284937 ], [ 114.1314914, 22.2849199 ], [ 114.131501, 22.2849098 ], [ 114.1314818, 22.2848941 ], [ 114.1314733, 22.284903 ], [ 114.1314522, 22.284886 ], [ 114.131417, 22.2849229 ], [ 114.1314343, 22.2849368 ], [ 114.1314203, 22.2849515 ], [ 114.1314322, 22.2849613 ], [ 114.131391, 22.2850062 ], [ 114.1314156, 22.2850261 ], [ 114.1314242, 22.2850169 ], [ 114.1314456, 22.2850342 ], [ 114.1314686, 22.2850086 ], [ 114.1314779, 22.2850164 ], [ 114.1314553, 22.2850424 ], [ 114.1314761, 22.2850587 ], [ 114.1314678, 22.2850681 ], [ 114.1314924, 22.285088 ], [ 114.1315328, 22.2850424 ], [ 114.1315449, 22.285052 ], [ 114.1315587, 22.2850371 ], [ 114.1315748, 22.2850507 ], [ 114.1316095, 22.2850133 ], [ 114.1315896, 22.2849967 ], [ 114.1315979, 22.2849877 ], [ 114.1315784, 22.2849722 ], [ 114.131569, 22.2849824 ], [ 114.1315478, 22.2849657 ], [ 114.1315508, 22.2849548 ], [ 114.1315235, 22.2849328 ] ] ] } },
{ "type": "Feature", "properties": { "id": "320984150", "name": "nan", "shop": "nan", "highway": "nan", "railway": "nan", "leisure": "nan", "landuse": "nan", "building": "yes" }, "geometry": { "type": "Polygon", "coordinates": [ [ [ 114.1311803, 22.2837944 ], [ 114.1311337, 22.2838452 ], [ 114.1310908, 22.2838113 ], [ 114.1311374, 22.2837605 ], [ 114.1310799, 22.283715 ], [ 114.1311185, 22.2836731 ], [ 114.131178, 22.28372 ], [ 114.1311872, 22.28371 ], [ 114.1311277, 22.283663 ], [ 114.1311613, 22.2836265 ], [ 114.1312179, 22.2836712 ], [ 114.1312656, 22.2836168 ], [ 114.1313096, 22.2836501 ], [ 114.1312604, 22.2837048 ], [ 114.1312701, 22.2837125 ], [ 114.1313202, 22.2836582 ], [ 114.1313644, 22.2836931 ], [ 114.1313155, 22.2837461 ], [ 114.1313396, 22.283765 ], [ 114.1313248, 22.283781 ], [ 114.131334, 22.2837882 ], [ 114.1313139, 22.2838099 ], [ 114.1312617, 22.2837686 ], [ 114.1312527, 22.2837783 ], [ 114.1313048, 22.2838195 ], [ 114.1312848, 22.2838412 ], [ 114.1312756, 22.2838339 ], [ 114.1312572, 22.2838538 ], [ 114.1312337, 22.2838353 ], [ 114.1311867, 22.2838863 ], [ 114.1311425, 22.2838515 ], [ 114.1311889, 22.2838011 ], [ 114.1311803, 22.2837944 ] ] ] } },
{ "type": "Feature", "properties": { "id": "320984151", "name": "nan", "shop": "nan", "highway": "nan", "railway": "nan", "leisure": "nan", "landuse": "nan", "building": "yes" }, "geometry": { "type": "Polygon", "coordinates": [ [ [ 114.1336419, 22.2863636 ], [ 114.133838, 22.2863199 ], [ 114.1337561, 22.2859991 ], [ 114.1335618, 22.2860442 ], [ 114.1336419, 22.2863636 ] ] ] } },
{ "type": "Feature", "properties": { "id": "320984152", "name": "nan", "shop": "nan", "highway": "nan", "railway": "nan", "leisure": "nan", "landuse": "nan", "building": "yes" }, "geometry": { "type": "Polygon", "coordinates": [ [ [ 114.1326063, 22.2863387 ], [ 114.13269, 22.2865729 ], [ 114.132421, 22.2866322 ], [ 114.1323262, 22.2864593 ], [ 114.1326063, 22.2863387 ] ] ] } },
{ "type": "Feature", "properties": { "id": "320984153", "name": "nan", "shop": "nan", "highway": "nan", "railway": "nan", "leisure": "nan", "landuse": "nan", "building": "yes" }, "geometry": { "type": "Polygon", "coordinates": [ [ [ 114.1319899, 22.2858434 ], [ 114.1323722, 22.285668 ], [ 114.1322799, 22.285407 ], [ 114.1318598, 22.285599 ], [ 114.1319899, 22.2858434 ] ] ] } },
{ "type": "Feature", "properties": { "id": "320984154", "name": "nan", "shop": "nan", "highway": "nan", "railway": "nan", "leisure": "nan", "landuse": "nan", "building": "yes" }, "geometry": { "type": "Polygon", "coordinates": [ [ [ 114.1343833, 22.2861857 ], [ 114.1342369, 22.2856098 ], [ 114.134392, 22.2855761 ], [ 114.1345384, 22.2861519 ], [ 114.1343833, 22.2861857 ] ] ] } },
{ "type": "Feature", "properties": { "id": "320984155", "name": "南里壹號 One South Lane", "shop": "nan", "highway": "nan", "railway": "nan", "leisure": "nan", "landuse": "nan", "building": "apartments" }, "geometry": { "type": "Polygon", "coordinates": [ [ [ 114.1348194, 22.2851299 ], [ 114.1349496, 22.2851009 ], [ 114.1350008, 22.2852947 ], [ 114.1348699, 22.2853243 ], [ 114.1348194, 22.2851299 ] ] ] } },
{ "type": "Feature", "properties": { "id": "320984157", "name": "nan", "shop": "nan", "highway": "nan", "railway": "nan", "leisure": "nan", "landuse": "nan", "building": "yes" }, "geometry": { "type": "Polygon", "coordinates": [ [ [ 114.1347298, 22.2861089 ], [ 114.1346582, 22.2858153 ], [ 114.1347671, 22.2857925 ], [ 114.1348387, 22.2860862 ], [ 114.1347298, 22.2861089 ] ] ] } },
{ "type": "Feature", "properties": { "id": "320984158", "name": "nan", "shop": "nan", "highway": "nan", "railway": "nan", "leisure": "nan", "landuse": "nan", "building": "yes" }, "geometry": { "type": "Polygon", "coordinates": [ [ [ 114.134267, 22.2861056 ], [ 114.1340807, 22.286148 ], [ 114.1341125, 22.2862689 ], [ 114.1342988, 22.2862265 ], [ 114.134267, 22.2861056 ] ] ] } },
{ "type": "Feature", "properties": { "id": "320984159", "name": "nan", "shop": "nan", "highway": "nan", "railway": "nan", "leisure": "nan", "landuse": "nan", "building": "yes" }, "geometry": { "type": "Polygon", "coordinates": [ [ [ 114.1311514, 22.2835539 ], [ 114.1304615, 22.2829837 ], [ 114.1305685, 22.2828728 ], [ 114.1312585, 22.283443 ], [ 114.1312052, 22.2834982 ], [ 114.1311708, 22.2835339 ], [ 114.1311514, 22.2835539 ] ] ] } },
{ "type": "Feature", "properties": { "id": "320984160", "name": "nan", "shop": "nan", "highway": "nan", "railway": "nan", "leisure": "nan", "landuse": "nan", "building": "yes" }, "geometry": { "type": "Polygon", "coordinates": [ [ [ 114.1330849, 22.2864872 ], [ 114.1330107, 22.2861951 ], [ 114.1331897, 22.2861584 ], [ 114.1332583, 22.2864484 ], [ 114.1330849, 22.2864872 ] ] ] } },
{ "type": "Feature", "properties": { "id": "320984161", "name": "nan", "shop": "nan", "highway": "nan", "railway": "nan", "leisure": "nan", "landuse": "nan", "building": "yes" }, "geometry": { "type": "Polygon", "coordinates": [ [ [ 114.1312801, 22.2845392 ], [ 114.1314092, 22.2844033 ], [ 114.1318447, 22.2847576 ], [ 114.1317156, 22.2848935 ], [ 114.1312801, 22.2845392 ] ] ] } },
{ "type": "Feature", "properties": { "id": "320984162", "name": "nan", "shop": "nan", "highway": "nan", "railway": "nan", "leisure": "nan", "landuse": "nan", "building": "yes" }, "geometry": { "type": "Polygon", "coordinates": [ [ [ 114.1303312, 22.2833056 ], [ 114.1304829, 22.2831453 ], [ 114.1306154, 22.2832526 ], [ 114.1304637, 22.2834129 ], [ 114.1303312, 22.2833056 ] ] ] } },
{ "type": "Feature", "properties": { "id": "320984163", "name": "nan", "shop": "nan", "highway": "nan", "railway": "nan", "leisure": "nan", "landuse": "nan", "building": "yes" }, "geometry": { "type": "Polygon", "coordinates": [ [ [ 114.1306561, 22.2832163 ], [ 114.1308299, 22.2833558 ], [ 114.1306271, 22.2835722 ], [ 114.1304532, 22.2834328 ], [ 114.1306561, 22.2832163 ] ] ] } },
{ "type": "Feature", "properties": { "id": "320984164", "name": "nan", "shop": "nan", "highway": "nan", "railway": "nan", "leisure": "nan", "landuse": "nan", "building": "yes" }, "geometry": { "type": "Polygon", "coordinates": [ [ [ 114.1329716, 22.2863567 ], [ 114.1329178, 22.2862028 ], [ 114.1329664, 22.2861883 ], [ 114.1330201, 22.2863422 ], [ 114.1329716, 22.2863567 ] ] ] } },
{ "type": "Feature", "properties": { "id": "320984165", "name": "nan", "shop": "nan", "highway": "nan", "railway": "nan", "leisure": "nan", "landuse": "nan", "building": "yes" }, "geometry": { "type": "Polygon", "coordinates": [ [ [ 114.1316769, 22.2849353 ], [ 114.1314529, 22.2851695 ], [ 114.1313001, 22.2850444 ], [ 114.131524, 22.2848101 ], [ 114.1316769, 22.2849353 ] ] ] } },
{ "type": "Feature", "properties": { "id": "320984166", "name": "nan", "shop": "nan", "highway": "nan", "railway": "nan", "leisure": "nan", "landuse": "nan", "building": "yes" }, "geometry": { "type": "Polygon", "coordinates": [ [ [ 114.1340735, 22.2870678 ], [ 114.1338689, 22.2871147 ], [ 114.1337584, 22.2867019 ], [ 114.1339631, 22.286655 ], [ 114.1340735, 22.2870678 ] ] ] } },
{ "type": "Feature", "properties": { "id": "320984167", "name": "nan", "shop": "nan", "highway": "nan", "railway": "nan", "leisure": "nan", "landuse": "nan", "building": "yes" }, "geometry": { "type": "Polygon", "coordinates": [ [ [ 114.1311177, 22.2839734 ], [ 114.1309566, 22.2838449 ], [ 114.1311844, 22.2836005 ], [ 114.1313454, 22.283729 ], [ 114.1311177, 22.2839734 ] ] ] } },
{ "type": "Feature", "properties": { "id": "320984168", "name": "nan", "shop": "nan", "highway": "nan", "railway": "nan", "leisure": "nan", "landuse": "nan", "building": "yes" }, "geometry": { "type": "Polygon", "coordinates": [ [ [ 114.1334257, 22.2866078 ], [ 114.1334828, 22.286822 ], [ 114.1332249, 22.2868808 ], [ 114.1331678, 22.2866665 ], [ 114.1334257, 22.2866078 ] ] ] } },
{ "type": "Feature", "properties": { "id": "320984169", "name": "nan", "shop": "nan", "highway": "nan", "railway": "nan", "leisure": "nan", "landuse": "nan", "building": "apartments" }, "geometry": { "type": "Polygon", "coordinates": [ [ [ 114.1306558, 22.2835778 ], [ 114.1308125, 22.2837067 ], [ 114.1309607, 22.2835524 ], [ 114.130804, 22.2834235 ], [ 114.1306558, 22.2835778 ] ] ] } },
{ "type": "Feature", "properties": { "id": "320984170", "name": "堅城中心 Kennedy Town Centre", "shop": "nan", "highway": "nan", "railway": "nan", "leisure": "nan", "landuse": "nan", "building": "apartments" }, "geometry": { "type": "Polygon", "coordinates": [ [ [ 114.1304454, 22.2842246 ], [ 114.1303851, 22.284286 ], [ 114.1303643, 22.2842685 ], [ 114.1303703, 22.2842624 ], [ 114.1303537, 22.2842485 ], [ 114.1304116, 22.2841897 ], [ 114.1303491, 22.284137 ], [ 114.1303607, 22.2841252 ], [ 114.1303444, 22.2841115 ], [ 114.1303662, 22.2840893 ], [ 114.1304421, 22.2841532 ], [ 114.1304601, 22.2841348 ], [ 114.1303885, 22.2840745 ], [ 114.1304121, 22.2840505 ], [ 114.130427, 22.284063 ], [ 114.1304394, 22.2840504 ], [ 114.1304994, 22.2841009 ], [ 114.1305341, 22.2840657 ], [ 114.1305484, 22.2840777 ], [ 114.1305607, 22.2840652 ], [ 114.1305845, 22.2840853 ], [ 114.1305311, 22.2841396 ], [ 114.1305438, 22.2841504 ], [ 114.1305966, 22.2840967 ], [ 114.1306211, 22.2841174 ], [ 114.1306093, 22.2841294 ], [ 114.1306228, 22.2841407 ], [ 114.130588, 22.2841761 ], [ 114.130651, 22.2842291 ], [ 114.1306385, 22.2842418 ], [ 114.1306532, 22.2842541 ], [ 114.1306296, 22.2842781 ], [ 114.1305551, 22.2842153 ], [ 114.1305372, 22.2842334 ], [ 114.1306131, 22.2842974 ], [ 114.1305915, 22.2843194 ], [ 114.1305746, 22.2843053 ], [ 114.1305628, 22.2843172 ], [ 114.130501, 22.2842652 ], [ 114.130443, 22.2843242 ], [ 114.1304266, 22.2843104 ], [ 114.1304205, 22.2843165 ], [ 114.1303991, 22.2842985 ], [ 114.1304598, 22.2842368 ], [ 114.1304454, 22.2842246 ] ] ] } },
{ "type": "Feature", "properties": { "id": "320984171", "name": "nan", "shop": "nan", "highway": "nan", "railway": "nan", "leisure": "nan", "landuse": "nan", "building": "apartments" }, "geometry": { "type": "Polygon", "coordinates": [ [ [ 114.1315661, 22.284761 ], [ 114.1315112, 22.2847159 ], [ 114.1315467, 22.2846788 ], [ 114.1315284, 22.2846638 ], [ 114.1314927, 22.2847011 ], [ 114.1314407, 22.2846584 ], [ 114.1314747, 22.2846229 ], [ 114.1314579, 22.2846091 ], [ 114.1314237, 22.2846448 ], [ 114.1313671, 22.2845983 ], [ 114.1314006, 22.2845634 ], [ 114.1313829, 22.2845489 ], [ 114.1313495, 22.2845838 ], [ 114.1312911, 22.2845358 ], [ 114.1313975, 22.2844249 ], [ 114.1314578, 22.2844744 ], [ 114.131417, 22.284517 ], [ 114.1314326, 22.2845298 ], [ 114.1314727, 22.284488 ], [ 114.1315294, 22.2845345 ], [ 114.131488, 22.2845777 ], [ 114.1315032, 22.2845902 ], [ 114.1315439, 22.2845477 ], [ 114.1315967, 22.284591 ], [ 114.1315553, 22.2846342 ], [ 114.1315747, 22.2846502 ], [ 114.131616, 22.2846071 ], [ 114.1316727, 22.2846536 ], [ 114.1316326, 22.2846954 ], [ 114.1316479, 22.284708 ], [ 114.1316867, 22.2846675 ], [ 114.1317434, 22.2847141 ], [ 114.1317057, 22.2847533 ], [ 114.1317214, 22.2847662 ], [ 114.1317596, 22.2847263 ], [ 114.1318198, 22.2847758 ], [ 114.131716, 22.284884 ], [ 114.1316574, 22.2848359 ], [ 114.1316909, 22.284801 ], [ 114.1316737, 22.2847869 ], [ 114.1316403, 22.2848217 ], [ 114.1315831, 22.2847748 ], [ 114.1316174, 22.2847391 ], [ 114.1316004, 22.2847252 ], [ 114.1315661, 22.284761 ] ] ] } },
{ "type": "Feature", "properties": { "id": "320984172", "name": "nan", "shop": "nan", "highway": "nan", "railway": "nan", "leisure": "nan", "landuse": "nan", "building": "yes" }, "geometry": { "type": "Polygon", "coordinates": [ [ [ 114.134256, 22.2864905 ], [ 114.1342296, 22.2863993 ], [ 114.1348735, 22.2862467 ], [ 114.1349217, 22.2864205 ], [ 114.1342788, 22.2865729 ], [ 114.134256, 22.2864905 ] ] ] } },
{ "type": "Feature", "properties": { "id": "320984173", "name": "nan", "shop": "nan", "highway": "nan", "railway": "nan", "leisure": "nan", "landuse": "nan", "building": "apartments" }, "geometry": { "type": "Polygon", "coordinates": [ [ [ 114.1337759, 22.2855368 ], [ 114.1338234, 22.2855603 ], [ 114.1338448, 22.2855248 ], [ 114.1338823, 22.2855453 ], [ 114.1339124, 22.2854937 ], [ 114.1339636, 22.2855209 ], [ 114.1340198, 22.2854281 ], [ 114.1340952, 22.2853037 ], [ 114.134128, 22.2852496 ], [ 114.1341536, 22.2852073 ], [ 114.1340294, 22.285136 ], [ 114.1341937, 22.2848576 ], [ 114.1341413, 22.2846542 ], [ 114.1339453, 22.2845547 ], [ 114.1338683, 22.2845614 ], [ 114.133803, 22.2845587 ], [ 114.1337536, 22.284509 ], [ 114.1337086, 22.2844713 ], [ 114.1336316, 22.2844687 ], [ 114.133552, 22.2844089 ], [ 114.1334678, 22.2843457 ], [ 114.1333595, 22.2844374 ], [ 114.1333323, 22.2844393 ], [ 114.1332886, 22.2844056 ], [ 114.1332147, 22.2843756 ], [ 114.1331632, 22.2843626 ], [ 114.1329776, 22.2843792 ], [ 114.132954, 22.2843216 ], [ 114.1329108, 22.2842824 ], [ 114.1326512, 22.2842546 ], [ 114.1326406, 22.284268 ], [ 114.1325709, 22.2842636 ], [ 114.1325073, 22.2842883 ], [ 114.132478, 22.2843254 ], [ 114.1324682, 22.2843529 ], [ 114.1324712, 22.2843952 ], [ 114.1324929, 22.2844442 ], [ 114.1325244, 22.2844571 ], [ 114.1324682, 22.2845483 ], [ 114.1325676, 22.2849104 ], [ 114.1328119, 22.2850465 ], [ 114.1329205, 22.2854933 ], [ 114.1330505, 22.2860279 ], [ 114.1332221, 22.285998 ], [ 114.1332324, 22.2860398 ], [ 114.1333905, 22.2860046 ], [ 114.1334183, 22.2859429 ], [ 114.1334469, 22.285935 ], [ 114.1334768, 22.2859267 ], [ 114.1335323, 22.2859584 ], [ 114.1335466, 22.2859666 ], [ 114.1336114, 22.2859733 ], [ 114.1336637, 22.2859286 ], [ 114.1336884, 22.2858725 ], [ 114.1336832, 22.2858108 ], [ 114.1336401, 22.2857594 ], [ 114.1337759, 22.2855368 ] ] ] } },
{ "type": "Feature", "properties": { "id": "320984174", "name": "nan", "shop": "nan", "highway": "nan", "railway": "nan", "leisure": "nan", "landuse": "nan", "building": "apartments" }, "geometry": { "type": "Polygon", "coordinates": [ [ [ 114.1319784, 22.2854978 ], [ 114.131901, 22.285532 ], [ 114.1318731, 22.2854779 ], [ 114.1318241, 22.2854995 ], [ 114.1318126, 22.2854774 ], [ 114.1317998, 22.285483 ], [ 114.1317798, 22.2854441 ], [ 114.1317932, 22.2854381 ], [ 114.1317817, 22.2854158 ], [ 114.13183, 22.2853945 ], [ 114.1317994, 22.2853351 ], [ 114.1318872, 22.2852964 ], [ 114.1319074, 22.2853105 ], [ 114.1319001, 22.2853203 ], [ 114.1319184, 22.2853323 ], [ 114.1319105, 22.2853426 ], [ 114.1319166, 22.2853556 ], [ 114.1319686, 22.2853325 ], [ 114.1319771, 22.2853488 ], [ 114.1320033, 22.285337 ], [ 114.1319948, 22.2853208 ], [ 114.1320488, 22.2852966 ], [ 114.1320428, 22.2852833 ], [ 114.1320305, 22.2852818 ], [ 114.1320331, 22.2852607 ], [ 114.1320222, 22.2852595 ], [ 114.1320267, 22.2852358 ], [ 114.1321042, 22.2852014 ], [ 114.1321338, 22.2852586 ], [ 114.1321828, 22.2852368 ], [ 114.1321921, 22.2852547 ], [ 114.1322048, 22.285249 ], [ 114.1322249, 22.2852879 ], [ 114.1322115, 22.2852938 ], [ 114.1322238, 22.2853175 ], [ 114.1321755, 22.2853389 ], [ 114.1322053, 22.2853964 ], [ 114.1321176, 22.2854353 ], [ 114.1320977, 22.2854218 ], [ 114.1321049, 22.2854119 ], [ 114.1320866, 22.2854 ], [ 114.1320944, 22.2853897 ], [ 114.1320895, 22.2853786 ], [ 114.1320376, 22.2854023 ], [ 114.1320278, 22.285383 ], [ 114.1320009, 22.2853946 ], [ 114.132011, 22.2854145 ], [ 114.1319566, 22.2854393 ], [ 114.1319619, 22.2854491 ], [ 114.1319742, 22.2854506 ], [ 114.1319716, 22.2854717 ], [ 114.1319825, 22.285473 ], [ 114.1319784, 22.2854978 ] ] ] } },
{ "type": "Feature", "properties": { "id": "320984175", "name": "nan", "shop": "nan", "highway": "nan", "railway": "nan", "leisure": "nan", "landuse": "nan", "building": "apartments" }, "geometry": { "type": "Polygon", "coordinates": [ [ [ 114.1308658, 22.2841122 ], [ 114.1309494, 22.2840231 ], [ 114.1310719, 22.2841214 ], [ 114.130851, 22.2843571 ], [ 114.1307538, 22.284279 ], [ 114.1308911, 22.2841325 ], [ 114.1308658, 22.2841122 ] ] ] } },
{ "type": "Feature", "properties": { "id": "320984176", "name": "nan", "shop": "nan", "highway": "nan", "railway": "nan", "leisure": "nan", "landuse": "nan", "building": "yes" }, "geometry": { "type": "Polygon", "coordinates": [ [ [ 114.1331391, 22.2866572 ], [ 114.1332354, 22.2870194 ], [ 114.1331313, 22.2870421 ], [ 114.1330627, 22.2867838 ], [ 114.1330506, 22.2867871 ], [ 114.133022, 22.2866863 ], [ 114.1331391, 22.2866572 ] ] ] } },
{ "type": "Feature", "properties": { "id": "320984177", "name": "nan", "shop": "nan", "highway": "nan", "railway": "nan", "leisure": "nan", "landuse": "nan", "building": "yes" }, "geometry": { "type": "Polygon", "coordinates": [ [ [ 114.1327769, 22.2871535 ], [ 114.1327174, 22.2871059 ], [ 114.1326701, 22.2870527 ], [ 114.1326239, 22.2869777 ], [ 114.1327687, 22.2869168 ], [ 114.132895, 22.2870318 ], [ 114.1327769, 22.2871535 ] ] ] } },
{ "type": "Feature", "properties": { "id": "320984178", "name": "nan", "shop": "nan", "highway": "nan", "railway": "nan", "leisure": "nan", "landuse": "nan", "building": "industrial" }, "geometry": { "type": "Polygon", "coordinates": [ [ [ 114.1338593, 22.2871094 ], [ 114.1337678, 22.286762 ], [ 114.1337181, 22.2867743 ], [ 114.133217, 22.286885 ], [ 114.1332082, 22.286887 ], [ 114.1332229, 22.2869436 ], [ 114.1332786, 22.2871601 ], [ 114.1332982, 22.2872358 ], [ 114.1338593, 22.2871094 ] ] ] } },
{ "type": "Feature", "properties": { "id": "320984179", "name": "nan", "shop": "nan", "highway": "nan", "railway": "nan", "leisure": "nan", "landuse": "nan", "building": "apartments" }, "geometry": { "type": "Polygon", "coordinates": [ [ [ 114.1326896, 22.287042 ], [ 114.1327268, 22.2870121 ], [ 114.1326892, 22.286972 ], [ 114.1327315, 22.2869381 ], [ 114.1328516, 22.2870662 ], [ 114.1328093, 22.2871001 ], [ 114.132771, 22.2870592 ], [ 114.1327337, 22.2870891 ], [ 114.1326896, 22.287042 ] ] ] } },
{ "type": "Feature", "properties": { "id": "320984180", "name": "nan", "shop": "nan", "highway": "nan", "railway": "nan", "leisure": "nan", "landuse": "nan", "building": "apartments" }, "geometry": { "type": "Polygon", "coordinates": [ [ [ 114.1347384, 22.2853156 ], [ 114.1347233, 22.2852617 ], [ 114.1347039, 22.2852664 ], [ 114.1346903, 22.2852177 ], [ 114.1348295, 22.2851845 ], [ 114.1348433, 22.2852338 ], [ 114.1348224, 22.2852387 ], [ 114.1348373, 22.2852919 ], [ 114.1347384, 22.2853156 ] ] ] } },
{ "type": "Feature", "properties": { "id": "320984181", "name": "nan", "shop": "nan", "highway": "nan", "railway": "nan", "leisure": "nan", "landuse": "nan", "building": "industrial" }, "geometry": { "type": "Polygon", "coordinates": [ [ [ 114.1332786, 22.2871601 ], [ 114.1332229, 22.2869436 ], [ 114.133264, 22.2869345 ], [ 114.1332562, 22.2869042 ], [ 114.133677, 22.2868114 ], [ 114.1336929, 22.286873 ], [ 114.1337351, 22.2868637 ], [ 114.1337828, 22.2870489 ], [ 114.1332786, 22.2871601 ] ] ] } },
{ "type": "Feature", "properties": { "id": "320984182", "name": "nan", "shop": "nan", "highway": "nan", "railway": "nan", "leisure": "nan", "landuse": "nan", "building": "yes" }, "geometry": { "type": "Polygon", "coordinates": [ [ [ 114.1324561, 22.2859186 ], [ 114.1321137, 22.286072 ], [ 114.1320414, 22.2859401 ], [ 114.1321113, 22.2859086 ], [ 114.1320971, 22.2858833 ], [ 114.1323054, 22.2857885 ], [ 114.1323199, 22.2858145 ], [ 114.1324051, 22.285776 ], [ 114.1324561, 22.2859186 ] ] ] } },
{ "type": "Feature", "properties": { "id": "320984183", "name": "nan", "shop": "nan", "highway": "nan", "railway": "nan", "leisure": "nan", "landuse": "nan", "building": "yes" }, "geometry": { "type": "Polygon", "coordinates": [ [ [ 114.1325136, 22.2854211 ], [ 114.1323504, 22.2850358 ], [ 114.1324154, 22.2850122 ], [ 114.1324496, 22.285093 ], [ 114.1325039, 22.2850733 ], [ 114.1325982, 22.2852958 ], [ 114.1325381, 22.2853176 ], [ 114.1325729, 22.2853996 ], [ 114.1325136, 22.2854211 ] ] ] } },
{ "type": "Feature", "properties": { "id": "320984184", "name": "nan", "shop": "nan", "highway": "nan", "railway": "nan", "leisure": "nan", "landuse": "nan", "building": "apartments" }, "geometry": { "type": "Polygon", "coordinates": [ [ [ 114.1339283, 22.2863285 ], [ 114.1338987, 22.2862164 ], [ 114.1339684, 22.2862007 ], [ 114.1339199, 22.286017 ], [ 114.1339971, 22.2859995 ], [ 114.134028, 22.2861167 ], [ 114.1340695, 22.2861073 ], [ 114.1341167, 22.2862859 ], [ 114.1339283, 22.2863285 ] ] ] } },
{ "type": "Feature", "properties": { "id": "320984185", "name": "nan", "shop": "nan", "highway": "nan", "railway": "nan", "leisure": "nan", "landuse": "nan", "building": "yes" }, "geometry": { "type": "Polygon", "coordinates": [ [ [ 114.1299313, 22.2835462 ], [ 114.1299975, 22.2834756 ], [ 114.1300276, 22.2834435 ], [ 114.1300379, 22.2834325 ], [ 114.1300686, 22.2833997 ], [ 114.1301132, 22.2833521 ], [ 114.1302019, 22.2834233 ], [ 114.13002, 22.2836174 ], [ 114.1299313, 22.2835462 ] ] ] } },
{ "type": "Feature", "properties": { "id": "320984186", "name": "nan", "shop": "nan", "highway": "nan", "railway": "nan", "leisure": "nan", "landuse": "nan", "building": "apartments" }, "geometry": { "type": "Polygon", "coordinates": [ [ [ 114.1335445, 22.2863497 ], [ 114.1335301, 22.2862922 ], [ 114.133569, 22.2862839 ], [ 114.1335515, 22.2862144 ], [ 114.1335127, 22.2862227 ], [ 114.1334978, 22.2861635 ], [ 114.1335739, 22.2861471 ], [ 114.1336206, 22.2863334 ], [ 114.1335445, 22.2863497 ] ] ] } },
{ "type": "Feature", "properties": { "id": "320984187", "name": "nan", "shop": "nan", "highway": "nan", "railway": "nan", "leisure": "nan", "landuse": "nan", "building": "apartments" }, "geometry": { "type": "Polygon", "coordinates": [ [ [ 114.1298005, 22.2838155 ], [ 114.1299344, 22.2836751 ], [ 114.1298971, 22.2836447 ], [ 114.1298542, 22.2836897 ], [ 114.1298237, 22.2836648 ], [ 114.129775, 22.2837158 ], [ 114.1298074, 22.2837422 ], [ 114.129765, 22.2837866 ], [ 114.1298005, 22.2838155 ] ] ] } },
{ "type": "Feature", "properties": { "id": "320984188", "name": "nan", "shop": "nan", "highway": "nan", "railway": "nan", "leisure": "nan", "landuse": "nan", "building": "apartments" }, "geometry": { "type": "Polygon", "coordinates": [ [ [ 114.1340565, 22.2858276 ], [ 114.1340207, 22.2856984 ], [ 114.1340785, 22.2856847 ], [ 114.1340868, 22.2857147 ], [ 114.134135, 22.2857032 ], [ 114.1341517, 22.2857638 ], [ 114.1341016, 22.2857756 ], [ 114.1341124, 22.2858144 ], [ 114.1340565, 22.2858276 ] ] ] } },
{ "type": "Feature", "properties": { "id": "320984189", "name": "nan", "shop": "nan", "highway": "nan", "railway": "nan", "leisure": "nan", "landuse": "nan", "building": "apartments" }, "geometry": { "type": "Polygon", "coordinates": [ [ [ 114.1329794, 22.2865055 ], [ 114.1329637, 22.2864443 ], [ 114.1329783, 22.2864411 ], [ 114.1329714, 22.286414 ], [ 114.1330323, 22.2864007 ], [ 114.1330395, 22.2864287 ], [ 114.13305, 22.2864264 ], [ 114.1330654, 22.2864866 ], [ 114.1329794, 22.2865055 ] ] ] } },
{ "type": "Feature", "properties": { "id": "320984190", "name": "nan", "shop": "nan", "highway": "nan", "railway": "nan", "leisure": "nan", "landuse": "nan", "building": "yes" }, "geometry": { "type": "Polygon", "coordinates": [ [ [ 114.1350068, 22.2868369 ], [ 114.1349033, 22.2864565 ], [ 114.1342743, 22.286603 ], [ 114.1342516, 22.2865194 ], [ 114.133983, 22.2865819 ], [ 114.1339602, 22.2865872 ], [ 114.1340327, 22.2868561 ], [ 114.1340859, 22.2870514 ], [ 114.1342794, 22.2870063 ], [ 114.1350068, 22.2868369 ] ] ] } },
{ "type": "Feature", "properties": { "id": "320984191", "name": "nan", "shop": "nan", "highway": "nan", "railway": "nan", "leisure": "nan", "landuse": "nan", "building": "apartments" }, "geometry": { "type": "Polygon", "coordinates": [ [ [ 114.130799, 22.2837228 ], [ 114.130906, 22.2838108 ], [ 114.1310036, 22.2837092 ], [ 114.1309872, 22.2836957 ], [ 114.1311157, 22.2835619 ], [ 114.1310438, 22.2835027 ], [ 114.1309139, 22.2836379 ], [ 114.1308953, 22.2836226 ], [ 114.130799, 22.2837228 ] ] ] } },
{ "type": "Feature", "properties": { "id": "320984192", "name": "nan", "shop": "nan", "highway": "nan", "railway": "nan", "leisure": "nan", "landuse": "nan", "building": "yes" }, "geometry": { "type": "Polygon", "coordinates": [ [ [ 114.1304708, 22.2838304 ], [ 114.1304943, 22.2838492 ], [ 114.1306602, 22.2839824 ], [ 114.130833, 22.284121 ], [ 114.1305497, 22.2844234 ], [ 114.1302229, 22.2841612 ], [ 114.1304348, 22.2839352 ], [ 114.1303992, 22.2839067 ], [ 114.1304708, 22.2838304 ] ] ] } },
{ "type": "Feature", "properties": { "id": "320984193", "name": "nan", "shop": "nan", "highway": "nan", "railway": "nan", "leisure": "nan", "landuse": "nan", "building": "apartments" }, "geometry": { "type": "Polygon", "coordinates": [ [ [ 114.1342182, 22.2861874 ], [ 114.1342002, 22.2861218 ], [ 114.1341114, 22.2861426 ], [ 114.1341145, 22.2861539 ], [ 114.1340868, 22.2861604 ], [ 114.1341013, 22.2862132 ], [ 114.1341523, 22.2862013 ], [ 114.1341644, 22.2862456 ], [ 114.1342299, 22.2862302 ], [ 114.1342182, 22.2861874 ] ] ] } },
{ "type": "Feature", "properties": { "id": "322839523", "name": "第一座 Block 1", "shop": "nan", "highway": "nan", "railway": "nan", "leisure": "nan", "landuse": "nan", "building": "apartments" }, "geometry": { "type": "Polygon", "coordinates": [ [ [ 114.1381558, 22.2866027 ], [ 114.1382067, 22.2866169 ], [ 114.1381908, 22.2866658 ], [ 114.1381409, 22.2866519 ], [ 114.1381246, 22.2867018 ], [ 114.1381029, 22.2866957 ], [ 114.1380965, 22.2867154 ], [ 114.13807, 22.286708 ], [ 114.1380868, 22.2866566 ], [ 114.1380707, 22.2866521 ], [ 114.138054, 22.2867032 ], [ 114.1380276, 22.2866958 ], [ 114.138034, 22.2866762 ], [ 114.138012, 22.2866701 ], [ 114.1380284, 22.28662 ], [ 114.1379778, 22.2866058 ], [ 114.1379937, 22.2865572 ], [ 114.1380433, 22.2865711 ], [ 114.1380594, 22.2865218 ], [ 114.1380812, 22.2865279 ], [ 114.1380876, 22.2865082 ], [ 114.138114, 22.2865156 ], [ 114.1380974, 22.2865666 ], [ 114.1381135, 22.2865711 ], [ 114.1381303, 22.2865197 ], [ 114.1381567, 22.2865271 ], [ 114.1381503, 22.2865467 ], [ 114.1381722, 22.2865528 ], [ 114.1381558, 22.2866027 ] ] ] } },
{ "type": "Feature", "properties": { "id": "322839524", "name": "第一座 Block 1", "shop": "nan", "highway": "nan", "railway": "nan", "leisure": "nan", "landuse": "nan", "building": "apartments" }, "geometry": { "type": "Polygon", "coordinates": [ [ [ 114.1384921, 22.2860925 ], [ 114.1385007, 22.2861729 ], [ 114.1384694, 22.2861757 ], [ 114.1384679, 22.286162 ], [ 114.1384386, 22.2861647 ], [ 114.138431, 22.2860946 ], [ 114.1384432, 22.2860935 ], [ 114.1384409, 22.2860718 ], [ 114.1384386, 22.2860509 ], [ 114.1383509, 22.2860589 ], [ 114.1383479, 22.2860313 ], [ 114.1383372, 22.2860323 ], [ 114.1383349, 22.2860103 ], [ 114.1383853, 22.2860057 ], [ 114.138387, 22.2860216 ], [ 114.1384301, 22.2860176 ], [ 114.1384271, 22.28599 ], [ 114.1384525, 22.2859877 ], [ 114.138454, 22.2860012 ], [ 114.1385349, 22.2859938 ], [ 114.1385335, 22.2859809 ], [ 114.1385589, 22.2859786 ], [ 114.1385619, 22.2860063 ], [ 114.138605, 22.2860023 ], [ 114.138603, 22.2859839 ], [ 114.1386534, 22.2859793 ], [ 114.138656, 22.2860035 ], [ 114.1386453, 22.2860044 ], [ 114.1386483, 22.2860324 ], [ 114.1385605, 22.2860405 ], [ 114.1385627, 22.2860613 ], [ 114.1385651, 22.286083 ], [ 114.1385771, 22.2860819 ], [ 114.1385846, 22.286152 ], [ 114.1385551, 22.2861547 ], [ 114.1385566, 22.2861684 ], [ 114.1385253, 22.2861713 ], [ 114.1385166, 22.2860903 ], [ 114.1384921, 22.2860925 ] ] ] } },
{ "type": "Feature", "properties": { "id": "322839525", "name": "第二座 Block 2", "shop": "nan", "highway": "nan", "railway": "nan", "leisure": "nan", "landuse": "nan", "building": "apartments" }, "geometry": { "type": "Polygon", "coordinates": [ [ [ 114.1383691, 22.2866623 ], [ 114.1384204, 22.2866766 ], [ 114.1384045, 22.2867255 ], [ 114.1383541, 22.2867114 ], [ 114.1383378, 22.2867614 ], [ 114.1383161, 22.2867554 ], [ 114.1383096, 22.2867751 ], [ 114.1382832, 22.2867677 ], [ 114.1382999, 22.2867163 ], [ 114.1382838, 22.2867118 ], [ 114.1382672, 22.2867629 ], [ 114.1382407, 22.2867555 ], [ 114.1382471, 22.2867359 ], [ 114.1382252, 22.2867298 ], [ 114.1382415, 22.2866798 ], [ 114.1381916, 22.2866659 ], [ 114.1382074, 22.2866172 ], [ 114.1382564, 22.2866309 ], [ 114.1382725, 22.2865815 ], [ 114.1382943, 22.2865875 ], [ 114.1383007, 22.2865679 ], [ 114.1383272, 22.2865753 ], [ 114.1383106, 22.2866263 ], [ 114.1383267, 22.2866308 ], [ 114.1383434, 22.2865794 ], [ 114.1383699, 22.2865868 ], [ 114.1383635, 22.2866064 ], [ 114.1383853, 22.2866125 ], [ 114.1383691, 22.2866623 ] ] ] } },
{ "type": "Feature", "properties": { "id": "322839526", "name": "第二座 Block 2", "shop": "nan", "highway": "nan", "railway": "nan", "leisure": "nan", "landuse": "nan", "building": "apartments" }, "geometry": { "type": "Polygon", "coordinates": [ [ [ 114.1387849, 22.286053 ], [ 114.1387555, 22.2860553 ], [ 114.1387606, 22.2861099 ], [ 114.1387349, 22.2861119 ], [ 114.1387334, 22.2860951 ], [ 114.1387075, 22.2860972 ], [ 114.1387011, 22.2860275 ], [ 114.1386494, 22.2860316 ], [ 114.138647, 22.286006 ], [ 114.1386575, 22.2860052 ], [ 114.1386546, 22.2859731 ], [ 114.1386981, 22.2859697 ], [ 114.1386935, 22.28592 ], [ 114.1387185, 22.285918 ], [ 114.1387164, 22.2858954 ], [ 114.1387451, 22.2858931 ], [ 114.1387501, 22.2859474 ], [ 114.1387708, 22.2859457 ], [ 114.1387658, 22.285891 ], [ 114.1387946, 22.2858887 ], [ 114.1387967, 22.2859115 ], [ 114.1388215, 22.2859095 ], [ 114.1388261, 22.2859597 ], [ 114.1388844, 22.2859551 ], [ 114.1388871, 22.2859845 ], [ 114.1389001, 22.2859835 ], [ 114.1389027, 22.2860114 ], [ 114.1388334, 22.2860169 ], [ 114.1388398, 22.2860865 ], [ 114.1388141, 22.2860885 ], [ 114.1388156, 22.286105 ], [ 114.1387899, 22.2861071 ], [ 114.1387849, 22.286053 ] ] ] } },
{ "type": "Feature", "properties": { "id": "322839527", "name": "A座 Block A", "shop": "nan", "highway": "nan", "railway": "nan", "leisure": "nan", "landuse": "nan", "building": "apartments" }, "geometry": { "type": "Polygon", "coordinates": [ [ [ 114.1377563, 22.2874353 ], [ 114.1377347, 22.2875035 ], [ 114.1377202, 22.2874996 ], [ 114.1377144, 22.2875184 ], [ 114.1376692, 22.2875063 ], [ 114.1376752, 22.2874872 ], [ 114.1376284, 22.2874747 ], [ 114.1376194, 22.2875033 ], [ 114.1376479, 22.2875109 ], [ 114.1376344, 22.2875542 ], [ 114.1376062, 22.2875466 ], [ 114.137599, 22.2875695 ], [ 114.1376275, 22.2875771 ], [ 114.1376122, 22.287626 ], [ 114.1374987, 22.2875956 ], [ 114.1375139, 22.2875468 ], [ 114.1375391, 22.2875535 ], [ 114.1375462, 22.2875306 ], [ 114.1375211, 22.2875239 ], [ 114.1375346, 22.2874806 ], [ 114.1375595, 22.2874873 ], [ 114.1375636, 22.2874743 ], [ 114.1375384, 22.2874676 ], [ 114.1375504, 22.2874292 ], [ 114.1375758, 22.287436 ], [ 114.1375831, 22.2874125 ], [ 114.137558, 22.2874057 ], [ 114.1375713, 22.287363 ], [ 114.1375962, 22.2873696 ], [ 114.1375996, 22.2873585 ], [ 114.1375745, 22.2873518 ], [ 114.1375893, 22.2873044 ], [ 114.1376148, 22.2873112 ], [ 114.1376222, 22.2872873 ], [ 114.137597, 22.2872806 ], [ 114.1376114, 22.2872345 ], [ 114.1377252, 22.2872649 ], [ 114.1377108, 22.287311 ], [ 114.1376813, 22.2873031 ], [ 114.1376738, 22.287327 ], [ 114.137703, 22.2873348 ], [ 114.1376876, 22.2873842 ], [ 114.137658, 22.2873763 ], [ 114.137649, 22.2874053 ], [ 114.1376905, 22.2874164 ], [ 114.1376967, 22.2873965 ], [ 114.1377481, 22.2874103 ], [ 114.1377416, 22.2874313 ], [ 114.1377563, 22.2874353 ] ] ] } },
{ "type": "Feature", "properties": { "id": "322839528", "name": "B座 Block B", "shop": "nan", "highway": "nan", "railway": "nan", "leisure": "nan", "landuse": "nan", "building": "apartments" }, "geometry": { "type": "Polygon", "coordinates": [ [ [ 114.1378246, 22.2874605 ], [ 114.1378329, 22.2874344 ], [ 114.1378754, 22.2874459 ], [ 114.1378672, 22.2874719 ], [ 114.1378777, 22.2874747 ], [ 114.1378904, 22.2874349 ], [ 114.1378746, 22.2874306 ], [ 114.1378811, 22.2874103 ], [ 114.1378908, 22.2874129 ], [ 114.1379029, 22.2873747 ], [ 114.1379954, 22.2873998 ], [ 114.1379833, 22.2874382 ], [ 114.1379914, 22.2874404 ], [ 114.137985, 22.2874607 ], [ 114.1379694, 22.2874564 ], [ 114.137965, 22.2874703 ], [ 114.1379394, 22.2874634 ], [ 114.1379315, 22.2874884 ], [ 114.1379691, 22.2874986 ], [ 114.1379767, 22.2874745 ], [ 114.1380177, 22.2874856 ], [ 114.1380065, 22.2875208 ], [ 114.1380134, 22.2875227 ], [ 114.1380032, 22.2875551 ], [ 114.1379965, 22.2875533 ], [ 114.1379842, 22.2875921 ], [ 114.1379428, 22.2875808 ], [ 114.1379505, 22.2875564 ], [ 114.1379129, 22.2875462 ], [ 114.137905, 22.2875711 ], [ 114.1379307, 22.2875781 ], [ 114.1379259, 22.2875933 ], [ 114.1379416, 22.2875976 ], [ 114.1379352, 22.2876179 ], [ 114.1379269, 22.2876156 ], [ 114.1379161, 22.2876499 ], [ 114.1378235, 22.2876248 ], [ 114.1378345, 22.2875899 ], [ 114.137825, 22.2875873 ], [ 114.1378314, 22.287567 ], [ 114.1378471, 22.2875713 ], [ 114.1378601, 22.2875303 ], [ 114.1378493, 22.2875274 ], [ 114.1378412, 22.2875532 ], [ 114.1377985, 22.2875416 ], [ 114.1378061, 22.2875174 ], [ 114.1377829, 22.2875111 ], [ 114.1377753, 22.287535 ], [ 114.1377287, 22.2875224 ], [ 114.1377347, 22.2875035 ], [ 114.1377563, 22.2874353 ], [ 114.1377628, 22.2874148 ], [ 114.1378092, 22.2874273 ], [ 114.1378008, 22.287454 ], [ 114.1378246, 22.2874605 ] ] ] } },
{ "type": "Feature", "properties": { "id": "322839529", "name": "C座 Block C", "shop": "nan", "highway": "nan", "railway": "nan", "leisure": "nan", "landuse": "nan", "building": "apartments" }, "geometry": { "type": "Polygon", "coordinates": [ [ [ 114.1382167, 22.2875383 ], [ 114.1381743, 22.2875268 ], [ 114.138166, 22.2875527 ], [ 114.1381555, 22.2875499 ], [ 114.1381681, 22.28751 ], [ 114.1381839, 22.2875143 ], [ 114.1381903, 22.287494 ], [ 114.1381807, 22.2874913 ], [ 114.1381928, 22.2874531 ], [ 114.1381002, 22.287428 ], [ 114.1380881, 22.2874663 ], [ 114.1380799, 22.2874641 ], [ 114.1380735, 22.2874844 ], [ 114.1380891, 22.2874886 ], [ 114.1380847, 22.2875025 ], [ 114.1381102, 22.2875095 ], [ 114.1381023, 22.2875344 ], [ 114.1380647, 22.2875242 ], [ 114.1380723, 22.2875001 ], [ 114.1380314, 22.287489 ], [ 114.1380201, 22.2875245 ], [ 114.1380134, 22.2875227 ], [ 114.1380032, 22.2875551 ], [ 114.1380095, 22.2875568 ], [ 114.1379973, 22.2875953 ], [ 114.1380387, 22.2876065 ], [ 114.1380464, 22.2875822 ], [ 114.1380841, 22.2875924 ], [ 114.1380762, 22.2876173 ], [ 114.1380505, 22.2876103 ], [ 114.1380457, 22.2876255 ], [ 114.1380299, 22.2876212 ], [ 114.1380235, 22.2876415 ], [ 114.1380317, 22.2876437 ], [ 114.1380208, 22.2876781 ], [ 114.1381134, 22.2877032 ], [ 114.1381244, 22.2876684 ], [ 114.138134, 22.287671 ], [ 114.1381405, 22.2876507 ], [ 114.1381248, 22.2876464 ], [ 114.1381377, 22.2876054 ], [ 114.1381485, 22.2876084 ], [ 114.1381404, 22.2876342 ], [ 114.1381831, 22.2876458 ], [ 114.1381956, 22.287606 ], [ 114.1382026, 22.287608 ], [ 114.1382128, 22.2875755 ], [ 114.1382056, 22.2875735 ], [ 114.1382167, 22.2875383 ] ] ] } },
{ "type": "Feature", "properties": { "id": "322839530", "name": "D座 Block D", "shop": "nan", "highway": "nan", "railway": "nan", "leisure": "nan", "landuse": "nan", "building": "apartments" }, "geometry": { "type": "Polygon", "coordinates": [ [ [ 114.1382314, 22.2875422 ], [ 114.1382739, 22.2875538 ], [ 114.1382656, 22.2875797 ], [ 114.1382762, 22.2875826 ], [ 114.1382888, 22.2875427 ], [ 114.1382731, 22.2875385 ], [ 114.1382795, 22.2875181 ], [ 114.1382892, 22.2875208 ], [ 114.1383013, 22.2874825 ], [ 114.1383939, 22.2875077 ], [ 114.1383817, 22.2875461 ], [ 114.1383899, 22.2875483 ], [ 114.1383834, 22.2875685 ], [ 114.1383678, 22.2875643 ], [ 114.1383634, 22.2875782 ], [ 114.1383378, 22.2875713 ], [ 114.1383299, 22.2875962 ], [ 114.1383676, 22.2876064 ], [ 114.1383752, 22.2875823 ], [ 114.1384161, 22.2875934 ], [ 114.138405, 22.2876288 ], [ 114.1384109, 22.2876304 ], [ 114.1384006, 22.2876628 ], [ 114.1383949, 22.2876612 ], [ 114.1383827, 22.2876999 ], [ 114.1383413, 22.2876887 ], [ 114.138349, 22.2876643 ], [ 114.1383114, 22.2876541 ], [ 114.1383035, 22.287679 ], [ 114.1383292, 22.287686 ], [ 114.1383243, 22.2877012 ], [ 114.1383401, 22.2877054 ], [ 114.1383337, 22.2877257 ], [ 114.1383254, 22.2877235 ], [ 114.1383145, 22.2877578 ], [ 114.1382219, 22.2877327 ], [ 114.138233, 22.2876978 ], [ 114.1382234, 22.2876952 ], [ 114.1382299, 22.2876749 ], [ 114.1382456, 22.2876792 ], [ 114.1382586, 22.2876382 ], [ 114.1382478, 22.2876353 ], [ 114.1382396, 22.2876611 ], [ 114.1381969, 22.2876495 ], [ 114.1382095, 22.2876098 ], [ 114.1382026, 22.287608 ], [ 114.1382128, 22.2875755 ], [ 114.1382202, 22.2875775 ], [ 114.1382314, 22.2875422 ] ] ] } },
{ "type": "Feature", "properties": { "id": "322839561", "name": "nan", "shop": "nan", "highway": "nan", "railway": "nan", "leisure": "nan", "landuse": "nan", "building": "apartments" }, "geometry": { "type": "Polygon", "coordinates": [ [ [ 114.1387541, 22.2868682 ], [ 114.1386705, 22.2868468 ], [ 114.1386468, 22.286926 ], [ 114.1387294, 22.2869471 ], [ 114.1387282, 22.286951 ], [ 114.1387591, 22.2869589 ], [ 114.1387632, 22.2869451 ], [ 114.1387899, 22.2869518 ], [ 114.1387857, 22.2869661 ], [ 114.1388381, 22.2869795 ], [ 114.1388642, 22.2868921 ], [ 114.1388116, 22.2868786 ], [ 114.1388078, 22.2868911 ], [ 114.1387821, 22.2868846 ], [ 114.138786, 22.2868716 ], [ 114.1387554, 22.2868638 ], [ 114.1387541, 22.2868682 ] ] ] } },
{ "type": "Feature", "properties": { "id": "322839563", "name": "nan", "shop": "nan", "highway": "nan", "railway": "nan", "leisure": "nan", "landuse": "nan", "building": "apartments" }, "geometry": { "type": "Polygon", "coordinates": [ [ [ 114.1387268, 22.2869558 ], [ 114.1386432, 22.2869345 ], [ 114.1386195, 22.2870137 ], [ 114.138702, 22.2870348 ], [ 114.1387008, 22.2870387 ], [ 114.1387317, 22.2870466 ], [ 114.138736, 22.2870328 ], [ 114.1387625, 22.2870395 ], [ 114.1387583, 22.2870537 ], [ 114.1388108, 22.2870672 ], [ 114.1388369, 22.2869797 ], [ 114.1387843, 22.2869663 ], [ 114.1387805, 22.2869788 ], [ 114.1387548, 22.2869723 ], [ 114.1387586, 22.2869593 ], [ 114.1387281, 22.2869515 ], [ 114.1387268, 22.2869558 ] ] ] } },
{ "type": "Feature", "properties": { "id": "322839564", "name": "nan", "shop": "nan", "highway": "nan", "railway": "nan", "leisure": "nan", "landuse": "nan", "building": "apartments" }, "geometry": { "type": "Polygon", "coordinates": [ [ [ 114.1387808, 22.2867802 ], [ 114.1386973, 22.2867587 ], [ 114.1386736, 22.286838 ], [ 114.138756, 22.2868591 ], [ 114.1387549, 22.286863 ], [ 114.1387859, 22.2868709 ], [ 114.13879, 22.286857 ], [ 114.1388166, 22.2868638 ], [ 114.1388124, 22.2868781 ], [ 114.1388648, 22.2868916 ], [ 114.138891, 22.2868041 ], [ 114.1388383, 22.2867905 ], [ 114.1388346, 22.2868032 ], [ 114.1388088, 22.2867966 ], [ 114.1388127, 22.2867837 ], [ 114.1387822, 22.2867758 ], [ 114.1387808, 22.2867802 ] ] ] } },
{ "type": "Feature", "properties": { "id": "322839568", "name": "nan", "shop": "nan", "highway": "nan", "railway": "nan", "leisure": "nan", "landuse": "nan", "building": "apartments" }, "geometry": { "type": "Polygon", "coordinates": [ [ [ 114.1387001, 22.2870438 ], [ 114.1386164, 22.2870224 ], [ 114.1385928, 22.2871017 ], [ 114.1386753, 22.2871229 ], [ 114.1386742, 22.2871267 ], [ 114.138705, 22.2871346 ], [ 114.1387092, 22.2871207 ], [ 114.1387359, 22.2871276 ], [ 114.1387316, 22.2871418 ], [ 114.1387841, 22.2871552 ], [ 114.1388102, 22.2870677 ], [ 114.1387575, 22.2870542 ], [ 114.1387538, 22.2870669 ], [ 114.1387281, 22.2870602 ], [ 114.1387319, 22.2870473 ], [ 114.1387013, 22.2870395 ], [ 114.1387001, 22.2870438 ] ] ] } },
{ "type": "Feature", "properties": { "id": "322839592", "name": "華大盛品酒店 Best Western Plus Hotel Hong Kong", "shop": "nan", "highway": "nan", "railway": "nan", "leisure": "nan", "landuse": "commercial", "building": "hotel" }, "geometry": { "type": "Polygon", "coordinates": [ [ [ 114.1390131, 22.2870853 ], [ 114.1389993, 22.2871278 ], [ 114.1389247, 22.2873591 ], [ 114.1390538, 22.2873948 ], [ 114.1391267, 22.287415 ], [ 114.1391992, 22.287435 ], [ 114.1392275, 22.2873473 ], [ 114.1392461, 22.2872898 ], [ 114.1392532, 22.2872679 ], [ 114.1392876, 22.2871612 ], [ 114.1392113, 22.2871401 ], [ 114.1390131, 22.2870853 ] ] ] } },
{ "type": "Feature", "properties": { "id": "322839597", "name": "西營盤郵政局大廈 Sai Ying Poon Post Office Building", "shop": "nan", "highway": "nan", "railway": "nan", "leisure": "nan", "landuse": "nan", "building": "yes" }, "geometry": { "type": "Polygon", "coordinates": [ [ [ 114.1399544, 22.2861899 ], [ 114.1399177, 22.2861894 ], [ 114.139863, 22.2861887 ], [ 114.1398323, 22.2861883 ], [ 114.1398306, 22.2861644 ], [ 114.1398264, 22.2860827 ], [ 114.1398093, 22.2857872 ], [ 114.1398681, 22.2857851 ], [ 114.1399058, 22.2857846 ], [ 114.1399406, 22.285783 ], [ 114.1399414, 22.2858002 ], [ 114.1399532, 22.2861624 ], [ 114.1399544, 22.2861899 ] ] ] } },
{ "type": "Feature", "properties": { "id": "322839598", "name": "聖巴拿巴會之家 Saint Barnabas Society and Home", "shop": "nan", "highway": "nan", "railway": "nan", "leisure": "nan", "landuse": "nan", "building": "church" }, "geometry": { "type": "Polygon", "coordinates": [ [ [ 114.1352539, 22.2878796 ], [ 114.1355089, 22.287943 ], [ 114.1355432, 22.287825 ], [ 114.1352882, 22.2877616 ], [ 114.1352539, 22.2878796 ] ] ] } },
{ "type": "Feature", "properties": { "id": "322839610", "name": "第一座 Tower 1", "shop": "nan", "highway": "nan", "railway": "nan", "leisure": "nan", "landuse": "nan", "building": "apartments" }, "geometry": { "type": "Polygon", "coordinates": [ [ [ 114.1394123, 22.2846936 ], [ 114.1394112, 22.2846741 ], [ 114.1394615, 22.2846721 ], [ 114.1394631, 22.2846916 ], [ 114.1394771, 22.2846907 ], [ 114.1395391, 22.2846608 ], [ 114.1395451, 22.2846695 ], [ 114.1395869, 22.284647 ], [ 114.1396159, 22.2847005 ], [ 114.1394973, 22.2847673 ], [ 114.1395017, 22.2848438 ], [ 114.1394651, 22.2848456 ], [ 114.1394657, 22.2848561 ], [ 114.1394277, 22.284858 ], [ 114.1394272, 22.2848491 ], [ 114.139387, 22.2848511 ], [ 114.1393822, 22.2847663 ], [ 114.1392715, 22.2847183 ], [ 114.1392864, 22.2846862 ], [ 114.1393003, 22.2846563 ], [ 114.1393447, 22.2846777 ], [ 114.1393495, 22.2846703 ], [ 114.1393989, 22.2846943 ], [ 114.1394123, 22.2846936 ] ] ] } },
{ "type": "Feature", "properties": { "id": "322839613", "name": "第一座 Tower 1", "shop": "nan", "highway": "nan", "railway": "nan", "leisure": "nan", "landuse": "nan", "building": "apartments" }, "geometry": { "type": "Polygon", "coordinates": [ [ [ 114.1378915, 22.2857299 ], [ 114.1378936, 22.285754 ], [ 114.1378872, 22.2857545 ], [ 114.1378907, 22.2857957 ], [ 114.1378326, 22.2857999 ], [ 114.1378283, 22.2857492 ], [ 114.1378071, 22.2857508 ], [ 114.1378113, 22.2858002 ], [ 114.137753, 22.2858045 ], [ 114.1377507, 22.2857785 ], [ 114.1377236, 22.2857805 ], [ 114.1377252, 22.2857987 ], [ 114.1376741, 22.2858025 ], [ 114.1376697, 22.2857513 ], [ 114.1376913, 22.2857498 ], [ 114.1376896, 22.2857287 ], [ 114.1376559, 22.2857312 ], [ 114.1376521, 22.2856869 ], [ 114.1376915, 22.2856841 ], [ 114.1376897, 22.2856624 ], [ 114.1376494, 22.2856654 ], [ 114.137645, 22.2856141 ], [ 114.1376913, 22.2856107 ], [ 114.1376905, 22.2856017 ], [ 114.1377146, 22.2855999 ], [ 114.1377175, 22.2856339 ], [ 114.137741, 22.2856322 ], [ 114.1377381, 22.285598 ], [ 114.1377892, 22.2855943 ], [ 114.1377903, 22.2856071 ], [ 114.1378139, 22.2856054 ], [ 114.1378177, 22.2856494 ], [ 114.1378735, 22.2856453 ], [ 114.1378747, 22.2856587 ], [ 114.1378837, 22.285658 ], [ 114.1378882, 22.2857107 ], [ 114.137858, 22.2857129 ], [ 114.1378596, 22.2857322 ], [ 114.1378915, 22.2857299 ] ] ] } },
{ "type": "Feature", "properties": { "id": "322839620", "name": "第二座 Tower 2", "shop": "nan", "highway": "nan", "railway": "nan", "leisure": "nan", "landuse": "nan", "building": "apartments" }, "geometry": { "type": "Polygon", "coordinates": [ [ [ 114.1396554, 22.284753 ], [ 114.1397064, 22.2847505 ], [ 114.1397068, 22.2847563 ], [ 114.1397424, 22.2847545 ], [ 114.1397421, 22.2847484 ], [ 114.1398269, 22.2847442 ], [ 114.1398273, 22.2847501 ], [ 114.1398629, 22.2847483 ], [ 114.1398626, 22.2847425 ], [ 114.1399091, 22.2847402 ], [ 114.1399054, 22.2846772 ], [ 114.1398731, 22.2846788 ], [ 114.1398711, 22.2846441 ], [ 114.1398447, 22.2846454 ], [ 114.1398443, 22.2846375 ], [ 114.1397182, 22.2846438 ], [ 114.1397187, 22.284652 ], [ 114.1396906, 22.2846534 ], [ 114.1396929, 22.2846931 ], [ 114.139652, 22.2846952 ], [ 114.1396554, 22.284753 ] ] ] } },
{ "type": "Feature", "properties": { "id": "322839624", "name": "第二座 Tower 2", "shop": "nan", "highway": "nan", "railway": "nan", "leisure": "nan", "landuse": "nan", "building": "apartments" }, "geometry": { "type": "Polygon", "coordinates": [ [ [ 114.1379531, 22.2857997 ], [ 114.1379558, 22.2858238 ], [ 114.1379625, 22.2858231 ], [ 114.137967, 22.2858637 ], [ 114.138025, 22.2858582 ], [ 114.1380194, 22.2858077 ], [ 114.1380405, 22.2858057 ], [ 114.138046, 22.2858552 ], [ 114.1381042, 22.2858497 ], [ 114.1381014, 22.2858238 ], [ 114.1381284, 22.2858212 ], [ 114.1381304, 22.2858396 ], [ 114.1381815, 22.2858347 ], [ 114.1381758, 22.2857838 ], [ 114.1381544, 22.2857858 ], [ 114.1381521, 22.2857648 ], [ 114.1381858, 22.2857616 ], [ 114.1381809, 22.2857175 ], [ 114.1381416, 22.2857212 ], [ 114.1381392, 22.2856996 ], [ 114.1381796, 22.2856958 ], [ 114.1381739, 22.2856446 ], [ 114.1381278, 22.2856489 ], [ 114.1381268, 22.2856399 ], [ 114.1381027, 22.2856422 ], [ 114.1381065, 22.285676 ], [ 114.1380831, 22.2856782 ], [ 114.1380793, 22.285644 ], [ 114.1380283, 22.2856489 ], [ 114.1380297, 22.2856616 ], [ 114.138006, 22.2856638 ], [ 114.1380108, 22.2857076 ], [ 114.137955, 22.2857129 ], [ 114.1379566, 22.2857264 ], [ 114.1379453, 22.2857275 ], [ 114.1379511, 22.2857801 ], [ 114.1379833, 22.2857771 ], [ 114.1379855, 22.2857966 ], [ 114.1379531, 22.2857997 ] ] ] } },
{ "type": "Feature", "properties": { "id": "322839665", "name": "nan", "shop": "nan", "highway": "nan", "railway": "nan", "leisure": "nan", "landuse": "nan", "building": "yes" }, "geometry": { "type": "Polygon", "coordinates": [ [ [ 114.1399127, 22.2871319 ], [ 114.1399286, 22.2870816 ], [ 114.1398655, 22.2870645 ], [ 114.1397076, 22.2870217 ], [ 114.1396695, 22.2870114 ], [ 114.1396536, 22.2870618 ], [ 114.1396916, 22.2870721 ], [ 114.1397408, 22.2870854 ], [ 114.1397981, 22.2871009 ], [ 114.1398495, 22.2871148 ], [ 114.1399127, 22.2871319 ] ] ] } },
{ "type": "Feature", "properties": { "id": "322839667", "name": "nan", "shop": "nan", "highway": "nan", "railway": "nan", "leisure": "nan", "landuse": "nan", "building": "apartments" }, "geometry": { "type": "Polygon", "coordinates": [ [ [ 114.1385404, 22.2867767 ], [ 114.1385828, 22.28664 ], [ 114.1385326, 22.2866267 ], [ 114.138526, 22.286648 ], [ 114.1385055, 22.2866426 ], [ 114.1384994, 22.2866622 ], [ 114.1384921, 22.2866602 ], [ 114.1384628, 22.2867562 ], [ 114.1385404, 22.2867767 ] ] ] } },
{ "type": "Feature", "properties": { "id": "322839668", "name": "nan", "shop": "nan", "highway": "nan", "railway": "nan", "leisure": "nan", "landuse": "nan", "building": "yes" }, "geometry": { "type": "Polygon", "coordinates": [ [ [ 114.1390164, 22.285531 ], [ 114.1390295, 22.2855391 ], [ 114.1390847, 22.285458 ], [ 114.1390728, 22.2854505 ], [ 114.1390972, 22.2853727 ], [ 114.1389219, 22.2854087 ], [ 114.1389256, 22.2855889 ], [ 114.138905, 22.2856039 ], [ 114.1389038, 22.2856391 ], [ 114.1389493, 22.2856336 ], [ 114.1390164, 22.285531 ] ] ] } },
{ "type": "Feature", "properties": { "id": "322839669", "name": "nan", "shop": "nan", "highway": "nan", "railway": "nan", "leisure": "nan", "landuse": "nan", "building": "apartments" }, "geometry": { "type": "Polygon", "coordinates": [ [ [ 114.1399394, 22.2867922 ], [ 114.1399462, 22.2867504 ], [ 114.1399693, 22.2867537 ], [ 114.1399741, 22.2867201 ], [ 114.1400132, 22.286725 ], [ 114.1400083, 22.2867592 ], [ 114.1400254, 22.2867613 ], [ 114.1400184, 22.2868103 ], [ 114.139978, 22.2868044 ], [ 114.139979, 22.2867976 ], [ 114.1399394, 22.2867922 ] ] ] } },
{ "type": "Feature", "properties": { "id": "322839670", "name": "nan", "shop": "nan", "highway": "nan", "railway": "nan", "leisure": "nan", "landuse": "nan", "building": "apartments" }, "geometry": { "type": "Polygon", "coordinates": [ [ [ 114.138918, 22.2865219 ], [ 114.1389701, 22.2865359 ], [ 114.1389842, 22.2864877 ], [ 114.1389602, 22.2864819 ], [ 114.1389698, 22.2864455 ], [ 114.1389939, 22.2864529 ], [ 114.1390068, 22.2864071 ], [ 114.1389356, 22.2863888 ], [ 114.1389277, 22.2864201 ], [ 114.1389089, 22.286416 ], [ 114.138918, 22.2865219 ] ] ] } },
{ "type": "Feature", "properties": { "id": "322839671", "name": "nan", "shop": "nan", "highway": "nan", "railway": "nan", "leisure": "nan", "landuse": "nan", "building": "apartments" }, "geometry": { "type": "Polygon", "coordinates": [ [ [ 114.1401691, 22.2862685 ], [ 114.1402176, 22.2862671 ], [ 114.1402194, 22.2863189 ], [ 114.1402214, 22.2863738 ], [ 114.1401906, 22.2863891 ], [ 114.1401315, 22.2862872 ], [ 114.1401691, 22.2862685 ] ] ] } },
{ "type": "Feature", "properties": { "id": "322839673", "name": "nan", "shop": "nan", "highway": "nan", "railway": "nan", "leisure": "nan", "landuse": "nan", "building": "apartments" }, "geometry": { "type": "Polygon", "coordinates": [ [ [ 114.1392024, 22.2869511 ], [ 114.1391862, 22.2870016 ], [ 114.13908, 22.2869723 ], [ 114.1390931, 22.2869318 ], [ 114.1391188, 22.2869389 ], [ 114.139125, 22.2869198 ], [ 114.1391002, 22.2869129 ], [ 114.1391143, 22.2868691 ], [ 114.1392609, 22.2869093 ], [ 114.1392438, 22.2869625 ], [ 114.1392024, 22.2869511 ] ] ] } },
{ "type": "Feature", "properties": { "id": "322839675", "name": "nan", "shop": "nan", "highway": "nan", "railway": "nan", "leisure": "nan", "landuse": "nan", "building": "apartments" }, "geometry": { "type": "Polygon", "coordinates": [ [ [ 114.1389251, 22.2850402 ], [ 114.1388606, 22.2850662 ], [ 114.1388621, 22.2851405 ], [ 114.1388773, 22.2851403 ], [ 114.1388777, 22.2851644 ], [ 114.1388907, 22.2851642 ], [ 114.1388925, 22.2852724 ], [ 114.1388784, 22.2852726 ], [ 114.1388797, 22.2853511 ], [ 114.1389292, 22.2853504 ], [ 114.1389251, 22.2850402 ] ] ] } },
{ "type": "Feature", "properties": { "id": "322839676", "name": "nan", "shop": "nan", "highway": "nan", "railway": "nan", "leisure": "nan", "landuse": "nan", "building": "apartments" }, "geometry": { "type": "Polygon", "coordinates": [ [ [ 114.1388491, 22.2862284 ], [ 114.1388945, 22.2862284 ], [ 114.1388934, 22.2861983 ], [ 114.1389173, 22.2861977 ], [ 114.1389182, 22.2861346 ], [ 114.13886, 22.2861405 ], [ 114.1388605, 22.2861552 ], [ 114.1388304, 22.2861548 ], [ 114.13883, 22.2861803 ], [ 114.1388499, 22.2861806 ], [ 114.1388491, 22.2862284 ] ] ] } },
{ "type": "Feature", "properties": { "id": "322839677", "name": "nan", "shop": "nan", "highway": "nan", "railway": "nan", "leisure": "nan", "landuse": "nan", "building": "apartments" }, "geometry": { "type": "Polygon", "coordinates": [ [ [ 114.1398748, 22.286645 ], [ 114.139862, 22.2867317 ], [ 114.1397168, 22.2866913 ], [ 114.1397323, 22.2866406 ], [ 114.1397404, 22.286616 ], [ 114.1396618, 22.2865947 ], [ 114.1396855, 22.2865188 ], [ 114.1397316, 22.2865311 ], [ 114.1397409, 22.2865016 ], [ 114.1399468, 22.2865568 ], [ 114.1399155, 22.2866556 ], [ 114.1398748, 22.286645 ] ] ] } },
{ "type": "Feature", "properties": { "id": "322839678", "name": "nan", "shop": "nan", "highway": "nan", "railway": "nan", "leisure": "nan", "landuse": "nan", "building": "apartments" }, "geometry": { "type": "Polygon", "coordinates": [ [ [ 114.1403985, 22.2868698 ], [ 114.1404083, 22.2868862 ], [ 114.1404016, 22.2869253 ], [ 114.1402866, 22.2868962 ], [ 114.1402966, 22.2868292 ], [ 114.1403114, 22.2868323 ], [ 114.140318, 22.2867884 ], [ 114.140344, 22.2867943 ], [ 114.1403399, 22.2868235 ], [ 114.1403675, 22.2868295 ], [ 114.140363, 22.2868609 ], [ 114.1403985, 22.2868698 ] ] ] } },
{ "type": "Feature", "properties": { "id": "322839679", "name": "nan", "shop": "nan", "highway": "nan", "railway": "nan", "leisure": "nan", "landuse": "nan", "building": "apartments" }, "geometry": { "type": "Polygon", "coordinates": [ [ [ 114.1404332, 22.2863629 ], [ 114.1404314, 22.2863124 ], [ 114.1404296, 22.2862606 ], [ 114.1406925, 22.2862526 ], [ 114.1406962, 22.2863549 ], [ 114.1404332, 22.2863629 ] ] ] } },
{ "type": "Feature", "properties": { "id": "322839680", "name": "nan", "shop": "nan", "highway": "nan", "railway": "nan", "leisure": "nan", "landuse": "nan", "building": "yes" }, "geometry": { "type": "Polygon", "coordinates": [ [ [ 114.137821, 22.2876275 ], [ 114.1383382, 22.2877676 ], [ 114.1383611, 22.2876969 ], [ 114.1383961, 22.2877066 ], [ 114.1384559, 22.2875216 ], [ 114.1379028, 22.2873718 ], [ 114.1379296, 22.2872879 ], [ 114.137811, 22.2872817 ], [ 114.1375564, 22.2872072 ], [ 114.1374246, 22.2876094 ], [ 114.1377946, 22.28771 ], [ 114.137821, 22.2876275 ] ] ] } },
{ "type": "Feature", "properties": { "id": "322839681", "name": "nan", "shop": "nan", "highway": "nan", "railway": "nan", "leisure": "nan", "landuse": "nan", "building": "apartments" }, "geometry": { "type": "Polygon", "coordinates": [ [ [ 114.1407014, 22.2865227 ], [ 114.1406989, 22.2864412 ], [ 114.1406749, 22.2864418 ], [ 114.140674, 22.2864125 ], [ 114.1406377, 22.2864135 ], [ 114.1406386, 22.2864435 ], [ 114.1406114, 22.2864443 ], [ 114.1406128, 22.2864874 ], [ 114.1406139, 22.286525 ], [ 114.1407014, 22.2865227 ] ] ] } },
{ "type": "Feature", "properties": { "id": "322839682", "name": "nan", "shop": "nan", "highway": "nan", "railway": "nan", "leisure": "nan", "landuse": "nan", "building": "apartments" }, "geometry": { "type": "Polygon", "coordinates": [ [ [ 114.140594, 22.2861685 ], [ 114.1405919, 22.286071 ], [ 114.1406032, 22.2860708 ], [ 114.1406027, 22.2860467 ], [ 114.1406684, 22.2860456 ], [ 114.1406689, 22.2860695 ], [ 114.1406782, 22.2860693 ], [ 114.1406878, 22.2860692 ], [ 114.1406896, 22.2861556 ], [ 114.1406318, 22.2861566 ], [ 114.140632, 22.2861678 ], [ 114.140594, 22.2861685 ] ] ] } },
{ "type": "Feature", "properties": { "id": "322839683", "name": "nan", "shop": "nan", "highway": "nan", "railway": "nan", "leisure": "nan", "landuse": "nan", "building": "apartments" }, "geometry": { "type": "Polygon", "coordinates": [ [ [ 114.140349, 22.2863777 ], [ 114.1403472, 22.2863261 ], [ 114.1403661, 22.2863256 ], [ 114.1403657, 22.2863144 ], [ 114.1403254, 22.2863156 ], [ 114.1403236, 22.2862638 ], [ 114.1404296, 22.2862606 ], [ 114.1404314, 22.2863124 ], [ 114.1403911, 22.2863136 ], [ 114.1403915, 22.2863248 ], [ 114.1404104, 22.2863242 ], [ 114.1404123, 22.2863757 ], [ 114.140349, 22.2863777 ] ] ] } },
{ "type": "Feature", "properties": { "id": "322839684", "name": "nan", "shop": "nan", "highway": "nan", "railway": "nan", "leisure": "nan", "landuse": "nan", "building": "apartments" }, "geometry": { "type": "Polygon", "coordinates": [ [ [ 114.1396282, 22.2875796 ], [ 114.1396493, 22.2875133 ], [ 114.1396724, 22.2875196 ], [ 114.1396762, 22.2875074 ], [ 114.1396572, 22.2875023 ], [ 114.139665, 22.2874775 ], [ 114.1397341, 22.2874963 ], [ 114.1397263, 22.2875208 ], [ 114.1397075, 22.2875157 ], [ 114.1397037, 22.2875278 ], [ 114.1397269, 22.2875341 ], [ 114.1397058, 22.2876007 ], [ 114.1396282, 22.2875796 ] ] ] } },
{ "type": "Feature", "properties": { "id": "322839685", "name": "nan", "shop": "nan", "highway": "nan", "railway": "nan", "leisure": "nan", "landuse": "nan", "building": "apartments" }, "geometry": { "type": "Polygon", "coordinates": [ [ [ 114.1401894, 22.2868609 ], [ 114.1401149, 22.2868396 ], [ 114.1401216, 22.286793 ], [ 114.1401396, 22.2867951 ], [ 114.1401412, 22.2867834 ], [ 114.1401287, 22.2867819 ], [ 114.1401321, 22.2867573 ], [ 114.140199, 22.2867651 ], [ 114.1401955, 22.2867908 ], [ 114.1401822, 22.2867892 ], [ 114.1401806, 22.286801 ], [ 114.1401972, 22.2868029 ], [ 114.1401894, 22.2868609 ] ] ] } },
{ "type": "Feature", "properties": { "id": "322839686", "name": "nan", "shop": "nan", "highway": "nan", "railway": "nan", "leisure": "nan", "landuse": "nan", "building": "apartments" }, "geometry": { "type": "Polygon", "coordinates": [ [ [ 114.1389384, 22.2862623 ], [ 114.1389101, 22.286262 ], [ 114.1389096, 22.2863024 ], [ 114.1389378, 22.2863026 ], [ 114.1389374, 22.2863357 ], [ 114.1389811, 22.2863362 ], [ 114.1389816, 22.2862953 ], [ 114.1389991, 22.2862955 ], [ 114.1389994, 22.2862706 ], [ 114.1389819, 22.2862704 ], [ 114.1389824, 22.286227 ], [ 114.1389388, 22.2862266 ], [ 114.1389384, 22.2862623 ] ] ] } },
{ "type": "Feature", "properties": { "id": "322839687", "name": "nan", "shop": "nan", "highway": "nan", "railway": "nan", "leisure": "nan", "landuse": "nan", "building": "apartments" }, "geometry": { "type": "Polygon", "coordinates": [ [ [ 114.1387489, 22.2854711 ], [ 114.1387865, 22.2854704 ], [ 114.1387864, 22.285464 ], [ 114.1388094, 22.2854636 ], [ 114.1388101, 22.2854978 ], [ 114.1388358, 22.2854973 ], [ 114.1388369, 22.2855505 ], [ 114.1388117, 22.2855509 ], [ 114.1388123, 22.285583 ], [ 114.1387894, 22.2855834 ], [ 114.1387892, 22.2855744 ], [ 114.1387511, 22.2855751 ], [ 114.1387489, 22.2854711 ] ] ] } },
{ "type": "Feature", "properties": { "id": "322839688", "name": "nan", "shop": "nan", "highway": "nan", "railway": "nan", "leisure": "nan", "landuse": "nan", "building": "apartments" }, "geometry": { "type": "Polygon", "coordinates": [ [ [ 114.1386009, 22.285206 ], [ 114.1386016, 22.2852709 ], [ 114.1385896, 22.285271 ], [ 114.1385899, 22.285298 ], [ 114.138577, 22.2852982 ], [ 114.1385776, 22.2853545 ], [ 114.1385334, 22.2853555 ], [ 114.1385331, 22.2853295 ], [ 114.1385236, 22.2853296 ], [ 114.1385234, 22.2853099 ], [ 114.1385039, 22.28531 ], [ 114.1385034, 22.2852705 ], [ 114.1386009, 22.285206 ] ] ] } },
{ "type": "Feature", "properties": { "id": "322839689", "name": "nan", "shop": "nan", "highway": "nan", "railway": "nan", "leisure": "nan", "landuse": "nan", "building": "apartments" }, "geometry": { "type": "Polygon", "coordinates": [ [ [ 114.1405196, 22.2865275 ], [ 114.1405184, 22.2864892 ], [ 114.1405372, 22.2864887 ], [ 114.1405362, 22.2864582 ], [ 114.140546, 22.286458 ], [ 114.1405452, 22.2864318 ], [ 114.1405827, 22.2864308 ], [ 114.1405835, 22.2864576 ], [ 114.1405929, 22.2864574 ], [ 114.1405939, 22.2864879 ], [ 114.1406128, 22.2864874 ], [ 114.1406139, 22.286525 ], [ 114.1405196, 22.2865275 ] ] ] } },
{ "type": "Feature", "properties": { "id": "322839690", "name": "nan", "shop": "nan", "highway": "nan", "railway": "nan", "leisure": "nan", "landuse": "nan", "building": "apartments" }, "geometry": { "type": "Polygon", "coordinates": [ [ [ 114.1392558, 22.2873549 ], [ 114.1392275, 22.2873473 ], [ 114.1392461, 22.2872898 ], [ 114.1394123, 22.2873346 ], [ 114.1393933, 22.2873923 ], [ 114.1393667, 22.2873851 ], [ 114.1393508, 22.2874357 ], [ 114.1393022, 22.2874226 ], [ 114.139312, 22.2873913 ], [ 114.1392983, 22.2873876 ], [ 114.1392884, 22.2874189 ], [ 114.1392398, 22.2874058 ], [ 114.1392558, 22.2873549 ] ] ] } },
{ "type": "Feature", "properties": { "id": "322839691", "name": "nan", "shop": "nan", "highway": "nan", "railway": "nan", "leisure": "nan", "landuse": "nan", "building": "apartments" }, "geometry": { "type": "Polygon", "coordinates": [ [ [ 114.1388114, 22.2866301 ], [ 114.1387283, 22.2866089 ], [ 114.1387167, 22.2866476 ], [ 114.1387234, 22.2866493 ], [ 114.1387067, 22.2867051 ], [ 114.1387333, 22.2867119 ], [ 114.1387448, 22.2866734 ], [ 114.1387625, 22.286678 ], [ 114.138751, 22.2867164 ], [ 114.1387742, 22.2867223 ], [ 114.1387909, 22.2866667 ], [ 114.1387998, 22.286669 ], [ 114.1388114, 22.2866301 ] ] ] } },
{ "type": "Feature", "properties": { "id": "322839692", "name": "nan", "shop": "nan", "highway": "nan", "railway": "nan", "leisure": "nan", "landuse": "nan", "building": "apartments" }, "geometry": { "type": "Polygon", "coordinates": [ [ [ 114.1394265, 22.2869053 ], [ 114.139439, 22.286865 ], [ 114.1394037, 22.2868557 ], [ 114.1394079, 22.2868421 ], [ 114.1393976, 22.2868394 ], [ 114.1394094, 22.2868015 ], [ 114.1393627, 22.2867891 ], [ 114.1393509, 22.2868272 ], [ 114.1393405, 22.2868245 ], [ 114.1393363, 22.286838 ], [ 114.139301, 22.2868286 ], [ 114.1392885, 22.2868687 ], [ 114.1394265, 22.2869053 ] ] ] } },
{ "type": "Feature", "properties": { "id": "322839694", "name": "nan", "shop": "nan", "highway": "nan", "railway": "nan", "leisure": "nan", "landuse": "nan", "building": "apartments" }, "geometry": { "type": "Polygon", "coordinates": [ [ [ 114.1373878, 22.2869195 ], [ 114.1374403, 22.2869345 ], [ 114.1374586, 22.2868797 ], [ 114.137506, 22.2868932 ], [ 114.1375243, 22.286838 ], [ 114.1374769, 22.2868244 ], [ 114.1374927, 22.286777 ], [ 114.1374396, 22.2867619 ], [ 114.1374248, 22.2868063 ], [ 114.1374162, 22.2868038 ], [ 114.1373949, 22.2868679 ], [ 114.1374041, 22.2868705 ], [ 114.1373878, 22.2869195 ] ] ] } },
{ "type": "Feature", "properties": { "id": "322839695", "name": "nan", "shop": "nan", "highway": "nan", "railway": "nan", "leisure": "nan", "landuse": "nan", "building": "yes" }, "geometry": { "type": "Polygon", "coordinates": [ [ [ 114.1399058, 22.2857846 ], [ 114.1398681, 22.2857851 ], [ 114.1398093, 22.2857872 ], [ 114.1398264, 22.2860827 ], [ 114.1398306, 22.2861644 ], [ 114.1398323, 22.2861883 ], [ 114.139863, 22.2861887 ], [ 114.1399177, 22.2861894 ], [ 114.1399544, 22.2861899 ], [ 114.1399532, 22.2861624 ], [ 114.1399414, 22.2858002 ], [ 114.1399406, 22.285783 ], [ 114.1399058, 22.2857846 ] ] ] } },
{ "type": "Feature", "properties": { "id": "322839696", "name": "nan", "shop": "nan", "highway": "nan", "railway": "nan", "leisure": "nan", "landuse": "nan", "building": "apartments" }, "geometry": { "type": "Polygon", "coordinates": [ [ [ 114.1386004, 22.286656 ], [ 114.1385824, 22.2866512 ], [ 114.1385705, 22.2866895 ], [ 114.138589, 22.2866945 ], [ 114.1385833, 22.2867127 ], [ 114.1386232, 22.2867232 ], [ 114.1386288, 22.2867051 ], [ 114.1386442, 22.2867092 ], [ 114.1386561, 22.2866708 ], [ 114.1386402, 22.2866666 ], [ 114.1386461, 22.2866478 ], [ 114.1386062, 22.2866372 ], [ 114.1386004, 22.286656 ] ] ] } },
{ "type": "Feature", "properties": { "id": "322839697", "name": "nan", "shop": "nan", "highway": "nan", "railway": "nan", "leisure": "nan", "landuse": "nan", "building": "apartments" }, "geometry": { "type": "Polygon", "coordinates": [ [ [ 114.138527, 22.287602 ], [ 114.1385716, 22.2874669 ], [ 114.1384906, 22.2874434 ], [ 114.1384452, 22.2875799 ], [ 114.1384613, 22.2875845 ], [ 114.1384688, 22.287562 ], [ 114.1384782, 22.2875647 ], [ 114.1384927, 22.2875212 ], [ 114.1385231, 22.2875299 ], [ 114.1385088, 22.287573 ], [ 114.1385222, 22.2875769 ], [ 114.138515, 22.2875985 ], [ 114.138527, 22.287602 ] ] ] } },
{ "type": "Feature", "properties": { "id": "322839698", "name": "nan", "shop": "nan", "highway": "nan", "railway": "nan", "leisure": "nan", "landuse": "nan", "building": "apartments" }, "geometry": { "type": "Polygon", "coordinates": [ [ [ 114.1402355, 22.286023 ], [ 114.1402348, 22.2859942 ], [ 114.1402054, 22.2859949 ], [ 114.1402042, 22.2859507 ], [ 114.1402637, 22.2859493 ], [ 114.1402633, 22.2859352 ], [ 114.140203, 22.2859366 ], [ 114.1402019, 22.285895 ], [ 114.1402327, 22.2858943 ], [ 114.1402321, 22.2858727 ], [ 114.1403026, 22.285871 ], [ 114.1403067, 22.2860214 ], [ 114.1402355, 22.286023 ] ] ] } },
{ "type": "Feature", "properties": { "id": "322839700", "name": "nan", "shop": "nan", "highway": "nan", "railway": "nan", "leisure": "nan", "landuse": "nan", "building": "apartments" }, "geometry": { "type": "Polygon", "coordinates": [ [ [ 114.1395439, 22.2865384 ], [ 114.1395567, 22.2864955 ], [ 114.1395159, 22.2864852 ], [ 114.1395033, 22.2865275 ], [ 114.139474, 22.2865197 ], [ 114.1394601, 22.2865642 ], [ 114.1394901, 22.2865722 ], [ 114.1394778, 22.2866133 ], [ 114.1395186, 22.2866236 ], [ 114.1395307, 22.286583 ], [ 114.1395459, 22.2865871 ], [ 114.1395599, 22.2865427 ], [ 114.1395439, 22.2865384 ] ] ] } },
{ "type": "Feature", "properties": { "id": "322839701", "name": "nan", "shop": "nan", "highway": "nan", "railway": "nan", "leisure": "nan", "landuse": "nan", "building": "apartments" }, "geometry": { "type": "Polygon", "coordinates": [ [ [ 114.1402859, 22.2853596 ], [ 114.1402848, 22.2853172 ], [ 114.1402676, 22.2853176 ], [ 114.1402664, 22.2852686 ], [ 114.1403001, 22.2852679 ], [ 114.1403004, 22.2852802 ], [ 114.1403111, 22.28528 ], [ 114.1403108, 22.2852677 ], [ 114.1403471, 22.2852669 ], [ 114.1403483, 22.2853156 ], [ 114.14033, 22.285316 ], [ 114.1403311, 22.2853587 ], [ 114.1402859, 22.2853596 ] ] ] } },
{ "type": "Feature", "properties": { "id": "322839702", "name": "nan", "shop": "nan", "highway": "nan", "railway": "nan", "leisure": "nan", "landuse": "nan", "building": "apartments" }, "geometry": { "type": "Polygon", "coordinates": [ [ [ 114.1403063, 22.286379 ], [ 114.1403045, 22.2863274 ], [ 114.1402855, 22.286328 ], [ 114.1402851, 22.2863169 ], [ 114.1403254, 22.2863156 ], [ 114.1403236, 22.2862638 ], [ 114.1402176, 22.2862671 ], [ 114.1402194, 22.2863189 ], [ 114.1402598, 22.2863176 ], [ 114.1402602, 22.2863288 ], [ 114.1402412, 22.2863294 ], [ 114.140243, 22.2863809 ], [ 114.1403063, 22.286379 ] ] ] } },
{ "type": "Feature", "properties": { "id": "322839703", "name": "nan", "shop": "nan", "highway": "nan", "railway": "nan", "leisure": "nan", "landuse": "nan", "building": "apartments" }, "geometry": { "type": "Polygon", "coordinates": [ [ [ 114.1404249, 22.2865301 ], [ 114.1404236, 22.2864909 ], [ 114.1404427, 22.2864904 ], [ 114.1404417, 22.28646 ], [ 114.1404515, 22.2864598 ], [ 114.1404507, 22.2864336 ], [ 114.1404882, 22.2864326 ], [ 114.140489, 22.2864594 ], [ 114.1404984, 22.2864592 ], [ 114.1404994, 22.2864897 ], [ 114.1405184, 22.2864892 ], [ 114.1405196, 22.2865275 ], [ 114.1404249, 22.2865301 ] ] ] } },
{ "type": "Feature", "properties": { "id": "322839704", "name": "nan", "shop": "nan", "highway": "nan", "railway": "nan", "leisure": "nan", "landuse": "nan", "building": "apartments" }, "geometry": { "type": "Polygon", "coordinates": [ [ [ 114.1388031, 22.2857259 ], [ 114.1387697, 22.2857278 ], [ 114.138767, 22.2856868 ], [ 114.1387979, 22.285685 ], [ 114.1387971, 22.2856729 ], [ 114.1388383, 22.2856706 ], [ 114.1388392, 22.2856838 ], [ 114.1388746, 22.2856818 ], [ 114.1388773, 22.2857212 ], [ 114.1388423, 22.2857232 ], [ 114.1388443, 22.2857522 ], [ 114.138805, 22.2857544 ], [ 114.1388031, 22.2857259 ] ] ] } },
{ "type": "Feature", "properties": { "id": "322839705", "name": "nan", "shop": "nan", "highway": "nan", "railway": "nan", "leisure": "nan", "landuse": "nan", "building": "yes" }, "geometry": { "type": "Polygon", "coordinates": [ [ [ 114.1400287, 22.2865081 ], [ 114.1400608, 22.2864913 ], [ 114.1400663, 22.2865003 ], [ 114.1400781, 22.2864941 ], [ 114.1400702, 22.2864813 ], [ 114.1401332, 22.2864483 ], [ 114.140174, 22.2865149 ], [ 114.1401115, 22.2865477 ], [ 114.1401038, 22.2865352 ], [ 114.140092, 22.2865414 ], [ 114.1400977, 22.2865507 ], [ 114.1400652, 22.2865677 ], [ 114.1400287, 22.2865081 ] ] ] } },
{ "type": "Feature", "properties": { "id": "322839706", "name": "nan", "shop": "nan", "highway": "nan", "railway": "nan", "leisure": "nan", "landuse": "nan", "building": "apartments" }, "geometry": { "type": "Polygon", "coordinates": [ [ [ 114.1398148, 22.2869501 ], [ 114.1398604, 22.2869619 ], [ 114.1398651, 22.2869463 ], [ 114.139889, 22.2869525 ], [ 114.1398846, 22.286967 ], [ 114.1399342, 22.2869798 ], [ 114.1399233, 22.287016 ], [ 114.1398802, 22.2870049 ], [ 114.1398746, 22.2870236 ], [ 114.1398369, 22.2870139 ], [ 114.1398426, 22.286995 ], [ 114.1398042, 22.2869851 ], [ 114.1398148, 22.2869501 ] ] ] } },
{ "type": "Feature", "properties": { "id": "322839708", "name": "nan", "shop": "nan", "highway": "nan", "railway": "nan", "leisure": "nan", "landuse": "nan", "building": "apartments" }, "geometry": { "type": "Polygon", "coordinates": [ [ [ 114.1396913, 22.2858856 ], [ 114.1396709, 22.2858872 ], [ 114.1396743, 22.2859245 ], [ 114.1396945, 22.2859229 ], [ 114.139696, 22.2859391 ], [ 114.13977, 22.2859334 ], [ 114.1397685, 22.285917 ], [ 114.1397894, 22.2859154 ], [ 114.1397861, 22.2858781 ], [ 114.1397653, 22.2858797 ], [ 114.1397611, 22.2858334 ], [ 114.1396871, 22.2858391 ], [ 114.1396913, 22.2858856 ] ] ] } },
{ "type": "Feature", "properties": { "id": "322839709", "name": "nan", "shop": "nan", "highway": "nan", "railway": "nan", "leisure": "nan", "landuse": "nan", "building": "apartments" }, "geometry": { "type": "Polygon", "coordinates": [ [ [ 114.1394275, 22.2866615 ], [ 114.1393514, 22.2866394 ], [ 114.1393664, 22.2865953 ], [ 114.1393789, 22.2865989 ], [ 114.1393821, 22.2865894 ], [ 114.1393921, 22.2865923 ], [ 114.1393956, 22.2865818 ], [ 114.1394258, 22.2865905 ], [ 114.1394223, 22.286601 ], [ 114.1394314, 22.2866036 ], [ 114.1394281, 22.2866136 ], [ 114.1394424, 22.2866176 ], [ 114.1394275, 22.2866615 ] ] ] } },
{ "type": "Feature", "properties": { "id": "322839710", "name": "nan", "shop": "nan", "highway": "nan", "railway": "nan", "leisure": "nan", "landuse": "nan", "building": "apartments" }, "geometry": { "type": "Polygon", "coordinates": [ [ [ 114.138917, 22.2865216 ], [ 114.1389115, 22.2864621 ], [ 114.1388944, 22.2864632 ], [ 114.1388867, 22.28638 ], [ 114.1389035, 22.2863793 ], [ 114.1389012, 22.2863447 ], [ 114.1388334, 22.2863488 ], [ 114.1388367, 22.286382 ], [ 114.1388542, 22.286381 ], [ 114.1388614, 22.2864656 ], [ 114.1388447, 22.2864669 ], [ 114.138848, 22.2865032 ], [ 114.138917, 22.2865216 ] ] ] } },
{ "type": "Feature", "properties": { "id": "322839711", "name": "nan", "shop": "nan", "highway": "nan", "railway": "nan", "leisure": "nan", "landuse": "nan", "building": "apartments" }, "geometry": { "type": "Polygon", "coordinates": [ [ [ 114.1397262, 22.2856446 ], [ 114.1397218, 22.2855948 ], [ 114.1397756, 22.2855907 ], [ 114.1397746, 22.2855766 ], [ 114.1398254, 22.2855728 ], [ 114.1398264, 22.2855864 ], [ 114.1398826, 22.2855822 ], [ 114.139887, 22.2856319 ], [ 114.1398302, 22.2856362 ], [ 114.1398322, 22.2856588 ], [ 114.1397814, 22.2856627 ], [ 114.1397794, 22.2856405 ], [ 114.1397262, 22.2856446 ] ] ] } },
{ "type": "Feature", "properties": { "id": "322839712", "name": "nan", "shop": "nan", "highway": "nan", "railway": "nan", "leisure": "nan", "landuse": "nan", "building": "apartments" }, "geometry": { "type": "Polygon", "coordinates": [ [ [ 114.1386016, 22.2876223 ], [ 114.1386129, 22.2876255 ], [ 114.1386201, 22.287604 ], [ 114.1386348, 22.2876082 ], [ 114.1386493, 22.2875646 ], [ 114.1386782, 22.2875728 ], [ 114.1386637, 22.2876163 ], [ 114.1386753, 22.2876196 ], [ 114.1386683, 22.2876406 ], [ 114.1386825, 22.2876446 ], [ 114.1387267, 22.2875114 ], [ 114.1386461, 22.2874884 ], [ 114.1386016, 22.2876223 ] ] ] } },
{ "type": "Feature", "properties": { "id": "322839713", "name": "nan", "shop": "nan", "highway": "nan", "railway": "nan", "leisure": "nan", "landuse": "nan", "building": "apartments" }, "geometry": { "type": "Polygon", "coordinates": [ [ [ 114.1371969, 22.2867061 ], [ 114.1373515, 22.2867514 ], [ 114.1373321, 22.2868081 ], [ 114.1373086, 22.2868012 ], [ 114.1372927, 22.2868478 ], [ 114.1372455, 22.286834 ], [ 114.1372594, 22.2867933 ], [ 114.1372448, 22.286789 ], [ 114.1372309, 22.2868296 ], [ 114.1371822, 22.2868154 ], [ 114.1371982, 22.2867687 ], [ 114.1371775, 22.2867626 ], [ 114.1371969, 22.2867061 ] ] ] } },
{ "type": "Feature", "properties": { "id": "322839714", "name": "nan", "shop": "nan", "highway": "nan", "railway": "nan", "leisure": "nan", "landuse": "nan", "building": "apartments" }, "geometry": { "type": "Polygon", "coordinates": [ [ [ 114.1405133, 22.2860838 ], [ 114.1405128, 22.2860635 ], [ 114.1404193, 22.2860652 ], [ 114.1404198, 22.2860855 ], [ 114.1404011, 22.2860858 ], [ 114.140402, 22.28613 ], [ 114.1403849, 22.2861303 ], [ 114.1403857, 22.2861722 ], [ 114.1405545, 22.2861692 ], [ 114.1405536, 22.2861258 ], [ 114.1405334, 22.2861262 ], [ 114.1405325, 22.2860834 ], [ 114.1405133, 22.2860838 ] ] ] } },
{ "type": "Feature", "properties": { "id": "322839715", "name": "nan", "shop": "nan", "highway": "nan", "railway": "nan", "leisure": "nan", "landuse": "nan", "building": "apartments" }, "geometry": { "type": "Polygon", "coordinates": [ [ [ 114.1386016, 22.2876223 ], [ 114.1386461, 22.2874884 ], [ 114.1385716, 22.2874669 ], [ 114.138527, 22.287602 ], [ 114.1385393, 22.2876054 ], [ 114.1385466, 22.2875835 ], [ 114.138559, 22.2875871 ], [ 114.1385735, 22.2875437 ], [ 114.1385876, 22.2875477 ], [ 114.1386009, 22.2875515 ], [ 114.1385865, 22.2875947 ], [ 114.1385969, 22.2875977 ], [ 114.1385899, 22.2876189 ], [ 114.1386016, 22.2876223 ] ] ] } },
{ "type": "Feature", "properties": { "id": "322839716", "name": "nan", "shop": "nan", "highway": "nan", "railway": "nan", "leisure": "nan", "landuse": "nan", "building": "apartments" }, "geometry": { "type": "Polygon", "coordinates": [ [ [ 114.1396618, 22.2865947 ], [ 114.1396265, 22.286586 ], [ 114.1396601, 22.2864781 ], [ 114.1397409, 22.2865016 ], [ 114.1399468, 22.2865568 ], [ 114.1399155, 22.2866556 ], [ 114.1398748, 22.286645 ], [ 114.139862, 22.2867317 ], [ 114.1398572, 22.2867594 ], [ 114.1397082, 22.2867187 ], [ 114.1397168, 22.2866913 ], [ 114.1397323, 22.2866406 ], [ 114.1397404, 22.286616 ], [ 114.1396618, 22.2865947 ] ] ] } },
{ "type": "Feature", "properties": { "id": "322839717", "name": "nan", "shop": "nan", "highway": "nan", "railway": "nan", "leisure": "nan", "landuse": "nan", "building": "yes" }, "geometry": { "type": "Polygon", "coordinates": [ [ [ 114.1399657, 22.2862737 ], [ 114.1399342, 22.2862739 ], [ 114.1398938, 22.2863513 ], [ 114.1399262, 22.286367 ], [ 114.1399426, 22.2863365 ], [ 114.1399688, 22.2863416 ], [ 114.139978, 22.2863547 ], [ 114.1400452, 22.2863205 ], [ 114.1400225, 22.2862799 ], [ 114.1400148, 22.2862734 ], [ 114.1399858, 22.2862736 ], [ 114.1399858, 22.2862831 ], [ 114.1399658, 22.2862831 ], [ 114.1399657, 22.2862737 ] ] ] } },
{ "type": "Feature", "properties": { "id": "322839718", "name": "nan", "shop": "nan", "highway": "nan", "railway": "nan", "leisure": "nan", "landuse": "nan", "building": "apartments" }, "geometry": { "type": "Polygon", "coordinates": [ [ [ 114.1390857, 22.2850129 ], [ 114.1390858, 22.2850295 ], [ 114.1390939, 22.2850295 ], [ 114.1390938, 22.2850133 ], [ 114.1391255, 22.2850132 ], [ 114.1391255, 22.2850219 ], [ 114.1391507, 22.2850218 ], [ 114.1391509, 22.2850782 ], [ 114.1390334, 22.2850785 ], [ 114.1390333, 22.2850282 ], [ 114.1390332, 22.2850216 ], [ 114.139054, 22.2850216 ], [ 114.139054, 22.285013 ], [ 114.1390857, 22.2850129 ] ] ] } },
{ "type": "Feature", "properties": { "id": "322839719", "name": "nan", "shop": "nan", "highway": "nan", "railway": "nan", "leisure": "nan", "landuse": "nan", "building": "apartments" }, "geometry": { "type": "Polygon", "coordinates": [ [ [ 114.1393708, 22.285747 ], [ 114.1393417, 22.2857491 ], [ 114.13934, 22.2857301 ], [ 114.1393113, 22.2857323 ], [ 114.1393049, 22.2856572 ], [ 114.1393312, 22.2856553 ], [ 114.1393297, 22.2856373 ], [ 114.1394492, 22.2856283 ], [ 114.1394506, 22.2856449 ], [ 114.1394797, 22.2856427 ], [ 114.1394862, 22.2857187 ], [ 114.1394571, 22.2857209 ], [ 114.1394588, 22.2857406 ], [ 114.1394272, 22.2857429 ], [ 114.1393708, 22.285747 ] ] ] } },
{ "type": "Feature", "properties": { "id": "322839721", "name": "nan", "shop": "nan", "highway": "nan", "railway": "nan", "leisure": "nan", "landuse": "nan", "building": "apartments" }, "geometry": { "type": "Polygon", "coordinates": [ [ [ 114.140144, 22.2858993 ], [ 114.1401284, 22.2858996 ], [ 114.1401296, 22.2859434 ], [ 114.1401454, 22.2859431 ], [ 114.1401473, 22.2860125 ], [ 114.1400882, 22.2860139 ], [ 114.1400869, 22.2859675 ], [ 114.1400275, 22.2859689 ], [ 114.1400174, 22.2859691 ], [ 114.1400146, 22.2858646 ], [ 114.1400254, 22.2858644 ], [ 114.1400838, 22.285863 ], [ 114.1400828, 22.2858243 ], [ 114.1401419, 22.2858229 ], [ 114.140144, 22.2858993 ] ] ] } },
{ "type": "Feature", "properties": { "id": "322839722", "name": "nan", "shop": "nan", "highway": "nan", "railway": "nan", "leisure": "nan", "landuse": "nan", "building": "apartments" }, "geometry": { "type": "Polygon", "coordinates": [ [ [ 114.140327, 22.286533 ], [ 114.1402746, 22.2865342 ], [ 114.1402738, 22.2865054 ], [ 114.1402582, 22.2865058 ], [ 114.1402577, 22.2864877 ], [ 114.1402513, 22.2864879 ], [ 114.140251, 22.2864769 ], [ 114.1402413, 22.2864771 ], [ 114.1402405, 22.2864474 ], [ 114.1402268, 22.2864477 ], [ 114.1402261, 22.2864211 ], [ 114.1403046, 22.2864192 ], [ 114.140306, 22.2864711 ], [ 114.1403253, 22.2864706 ], [ 114.140327, 22.286533 ] ] ] } },
{ "type": "Feature", "properties": { "id": "322839723", "name": "nan", "shop": "nan", "highway": "nan", "railway": "nan", "leisure": "nan", "landuse": "nan", "building": "yes" }, "geometry": { "type": "Polygon", "coordinates": [ [ [ 114.1399259, 22.2862863 ], [ 114.1399069, 22.2862775 ], [ 114.1399032, 22.2862843 ], [ 114.139886, 22.2862763 ], [ 114.1398819, 22.2862838 ], [ 114.1398641, 22.2862756 ], [ 114.1398603, 22.2862827 ], [ 114.1398426, 22.2862745 ], [ 114.1398205, 22.2863152 ], [ 114.1398346, 22.2863217 ], [ 114.1398045, 22.2863773 ], [ 114.1398404, 22.2863939 ], [ 114.1398733, 22.286333 ], [ 114.1398952, 22.2863431 ], [ 114.1399259, 22.2862863 ] ] ] } },
{ "type": "Feature", "properties": { "id": "322839724", "name": "nan", "shop": "nan", "highway": "nan", "railway": "nan", "leisure": "nan", "landuse": "nan", "building": "apartments" }, "geometry": { "type": "Polygon", "coordinates": [ [ [ 114.1384932, 22.2857658 ], [ 114.1385277, 22.2857652 ], [ 114.1385281, 22.2857882 ], [ 114.1385775, 22.2857873 ], [ 114.138576, 22.2857152 ], [ 114.1385386, 22.2857158 ], [ 114.1385383, 22.2856975 ], [ 114.1385768, 22.2856968 ], [ 114.1385752, 22.2856174 ], [ 114.1385181, 22.2856184 ], [ 114.1385185, 22.2856382 ], [ 114.1384745, 22.285639 ], [ 114.1384757, 22.2856981 ], [ 114.1384919, 22.2856979 ], [ 114.1384932, 22.2857658 ] ] ] } },
{ "type": "Feature", "properties": { "id": "322839726", "name": "nan", "shop": "nan", "highway": "nan", "railway": "nan", "leisure": "nan", "landuse": "nan", "building": "apartments" }, "geometry": { "type": "Polygon", "coordinates": [ [ [ 114.1375764, 22.2870125 ], [ 114.1379187, 22.2871048 ], [ 114.1379491, 22.2870085 ], [ 114.1379153, 22.286999 ], [ 114.1379237, 22.2869733 ], [ 114.1378523, 22.2869531 ], [ 114.1378434, 22.28698 ], [ 114.1378297, 22.2869762 ], [ 114.1378442, 22.286932 ], [ 114.137711, 22.2868945 ], [ 114.1376962, 22.2869395 ], [ 114.1376512, 22.2869268 ], [ 114.1376595, 22.2869015 ], [ 114.1376154, 22.2868893 ], [ 114.1375764, 22.2870125 ] ] ] } },
{ "type": "Feature", "properties": { "id": "322839727", "name": "nan", "shop": "nan", "highway": "nan", "railway": "nan", "leisure": "nan", "landuse": "nan", "building": "school" }, "geometry": { "type": "Polygon", "coordinates": [ [ [ 114.1383608, 22.2850002 ], [ 114.1384265, 22.2851071 ], [ 114.1384581, 22.2851576 ], [ 114.1383787, 22.2852061 ], [ 114.1383196, 22.2852282 ], [ 114.1382693, 22.2852339 ], [ 114.1381333, 22.2852249 ], [ 114.1380447, 22.2852197 ], [ 114.1380443, 22.2852076 ], [ 114.1380425, 22.2850851 ], [ 114.1381154, 22.2850846 ], [ 114.1381165, 22.2851162 ], [ 114.1382468, 22.2851123 ], [ 114.1383567, 22.2850477 ], [ 114.1383393, 22.2850177 ], [ 114.1383608, 22.2850002 ] ] ] } },
{ "type": "Feature", "properties": { "id": "322839728", "name": "nan", "shop": "nan", "highway": "nan", "railway": "nan", "leisure": "nan", "landuse": "nan", "building": "apartments" }, "geometry": { "type": "Polygon", "coordinates": [ [ [ 114.1377369, 22.28633 ], [ 114.1377142, 22.2864055 ], [ 114.137668, 22.2863935 ], [ 114.1376564, 22.2864321 ], [ 114.1376672, 22.2864349 ], [ 114.1376587, 22.2864629 ], [ 114.1375445, 22.2864334 ], [ 114.1375557, 22.2863964 ], [ 114.1375771, 22.286402 ], [ 114.1375861, 22.286372 ], [ 114.1375566, 22.2863643 ], [ 114.1375846, 22.2862714 ], [ 114.1376362, 22.2862956 ], [ 114.1376626, 22.2863056 ], [ 114.1377026, 22.2863203 ], [ 114.1377369, 22.28633 ] ] ] } },
{ "type": "Feature", "properties": { "id": "322839729", "name": "nan", "shop": "nan", "highway": "nan", "railway": "nan", "leisure": "nan", "landuse": "nan", "building": "apartments" }, "geometry": { "type": "Polygon", "coordinates": [ [ [ 114.1393708, 22.285747 ], [ 114.1393697, 22.2857347 ], [ 114.1393573, 22.2857356 ], [ 114.1393559, 22.2857192 ], [ 114.1393396, 22.2857204 ], [ 114.1393371, 22.2856904 ], [ 114.1393528, 22.2856893 ], [ 114.1393523, 22.2856826 ], [ 114.1394349, 22.2856766 ], [ 114.1394355, 22.2856833 ], [ 114.1394511, 22.2856821 ], [ 114.1394537, 22.2857121 ], [ 114.1394372, 22.2857133 ], [ 114.1394386, 22.2857297 ], [ 114.1394261, 22.2857306 ], [ 114.1394272, 22.2857429 ], [ 114.1393708, 22.285747 ] ] ] } },
{ "type": "Feature", "properties": { "id": "322839730", "name": "nan", "shop": "nan", "highway": "nan", "railway": "nan", "leisure": "nan", "landuse": "nan", "building": "apartments" }, "geometry": { "type": "Polygon", "coordinates": [ [ [ 114.1393058, 22.2859543 ], [ 114.1393149, 22.2859535 ], [ 114.1393185, 22.285986 ], [ 114.1392943, 22.2859883 ], [ 114.1392969, 22.2860115 ], [ 114.1392758, 22.2860135 ], [ 114.1392733, 22.2859905 ], [ 114.1392492, 22.2859928 ], [ 114.1392455, 22.2859602 ], [ 114.1392554, 22.2859593 ], [ 114.1392509, 22.2859187 ], [ 114.1392334, 22.2859191 ], [ 114.139224, 22.2858281 ], [ 114.1393101, 22.2858205 ], [ 114.1393196, 22.2859118 ], [ 114.1393013, 22.2859139 ], [ 114.1393058, 22.2859543 ] ] ] } },
{ "type": "Feature", "properties": { "id": "322839731", "name": "nan", "shop": "nan", "highway": "nan", "railway": "nan", "leisure": "nan", "landuse": "nan", "building": "apartments" }, "geometry": { "type": "Polygon", "coordinates": [ [ [ 114.1390749, 22.2857702 ], [ 114.139024, 22.2857738 ], [ 114.1390206, 22.2857324 ], [ 114.1390465, 22.2857306 ], [ 114.1390452, 22.2857143 ], [ 114.1390588, 22.2857133 ], [ 114.1390557, 22.285675 ], [ 114.1390976, 22.2856722 ], [ 114.1391008, 22.2857117 ], [ 114.1391136, 22.2857109 ], [ 114.1391148, 22.2857259 ], [ 114.1391376, 22.2857243 ], [ 114.1391409, 22.2857655 ], [ 114.1390936, 22.2857688 ], [ 114.1390926, 22.2857567 ], [ 114.1390739, 22.285758 ], [ 114.1390749, 22.2857702 ] ] ] } },
{ "type": "Feature", "properties": { "id": "322839732", "name": "nan", "shop": "nan", "highway": "nan", "railway": "nan", "leisure": "nan", "landuse": "nan", "building": "apartments" }, "geometry": { "type": "Polygon", "coordinates": [ [ [ 114.1392003, 22.2865201 ], [ 114.1392574, 22.2865364 ], [ 114.1392509, 22.2865558 ], [ 114.1392689, 22.286561 ], [ 114.1392754, 22.2865415 ], [ 114.1393637, 22.2865669 ], [ 114.1393551, 22.2865925 ], [ 114.1393637, 22.286595 ], [ 114.1393513, 22.2866321 ], [ 114.1392969, 22.2866165 ], [ 114.1393026, 22.2865996 ], [ 114.1392485, 22.2865841 ], [ 114.1392427, 22.2866014 ], [ 114.1391979, 22.2865886 ], [ 114.1392078, 22.2865606 ], [ 114.1391881, 22.2865548 ], [ 114.1392003, 22.2865201 ] ] ] } },
{ "type": "Feature", "properties": { "id": "322839733", "name": "nan", "shop": "nan", "highway": "nan", "railway": "nan", "leisure": "nan", "landuse": "nan", "building": "apartments" }, "geometry": { "type": "Polygon", "coordinates": [ [ [ 114.1391448, 22.2855354 ], [ 114.1391696, 22.2855335 ], [ 114.1391691, 22.2855283 ], [ 114.1392001, 22.2855259 ], [ 114.1392034, 22.2855627 ], [ 114.1391901, 22.2855637 ], [ 114.1391925, 22.2855902 ], [ 114.1392499, 22.2855858 ], [ 114.1392328, 22.2853969 ], [ 114.1391755, 22.2854014 ], [ 114.1391774, 22.2854225 ], [ 114.1391894, 22.2854216 ], [ 114.1391931, 22.2854629 ], [ 114.1391633, 22.2854652 ], [ 114.1391629, 22.2854606 ], [ 114.1391382, 22.2854625 ], [ 114.1391448, 22.2855354 ] ] ] } },
{ "type": "Feature", "properties": { "id": "322839735", "name": "nan", "shop": "nan", "highway": "nan", "railway": "nan", "leisure": "nan", "landuse": "nan", "building": "apartments" }, "geometry": { "type": "Polygon", "coordinates": [ [ [ 114.137903, 22.2865222 ], [ 114.1379251, 22.2865284 ], [ 114.1379456, 22.2864651 ], [ 114.137972, 22.2864724 ], [ 114.1379639, 22.2864973 ], [ 114.1379798, 22.2865016 ], [ 114.1379658, 22.286545 ], [ 114.1379838, 22.28655 ], [ 114.1379656, 22.2866063 ], [ 114.1379483, 22.2866015 ], [ 114.1379344, 22.2866445 ], [ 114.1379184, 22.2866401 ], [ 114.1379104, 22.2866649 ], [ 114.1378841, 22.2866576 ], [ 114.1379045, 22.2865944 ], [ 114.1378817, 22.2865881 ], [ 114.137903, 22.2865222 ] ] ] } },
{ "type": "Feature", "properties": { "id": "322839737", "name": "nan", "shop": "nan", "highway": "nan", "railway": "nan", "leisure": "nan", "landuse": "nan", "building": "apartments" }, "geometry": { "type": "Polygon", "coordinates": [ [ [ 114.1374777, 22.2869903 ], [ 114.1375044, 22.2869109 ], [ 114.1375181, 22.2869148 ], [ 114.1375446, 22.2868361 ], [ 114.1375351, 22.2868334 ], [ 114.1375528, 22.2867808 ], [ 114.1376229, 22.286801 ], [ 114.1376044, 22.286856 ], [ 114.1375857, 22.2868506 ], [ 114.1375724, 22.2868901 ], [ 114.1375904, 22.2868953 ], [ 114.1375836, 22.2869153 ], [ 114.1375665, 22.2869104 ], [ 114.1375608, 22.2869275 ], [ 114.1375814, 22.2869334 ], [ 114.1375548, 22.2870125 ], [ 114.1374777, 22.2869903 ] ] ] } },
{ "type": "Feature", "properties": { "id": "322839738", "name": "nan", "shop": "nan", "highway": "nan", "railway": "nan", "leisure": "nan", "landuse": "nan", "building": "apartments" }, "geometry": { "type": "Polygon", "coordinates": [ [ [ 114.1394244, 22.2861923 ], [ 114.1394198, 22.2861445 ], [ 114.1394329, 22.2861434 ], [ 114.1394375, 22.2861911 ], [ 114.1394815, 22.2861874 ], [ 114.1394751, 22.2861209 ], [ 114.1395105, 22.286118 ], [ 114.1395086, 22.2860984 ], [ 114.1395198, 22.2860975 ], [ 114.1395176, 22.2860747 ], [ 114.1393235, 22.2860908 ], [ 114.1393257, 22.2861131 ], [ 114.1393385, 22.286112 ], [ 114.1393403, 22.2861301 ], [ 114.1393739, 22.2861274 ], [ 114.1393806, 22.2861959 ], [ 114.1394244, 22.2861923 ] ] ] } },
{ "type": "Feature", "properties": { "id": "322839739", "name": "nan", "shop": "nan", "highway": "nan", "railway": "nan", "leisure": "nan", "landuse": "nan", "building": "yes" }, "geometry": { "type": "Polygon", "coordinates": [ [ [ 114.1398687, 22.2858026 ], [ 114.1398181, 22.2858026 ], [ 114.1398231, 22.2858775 ], [ 114.1398713, 22.2858751 ], [ 114.1398787, 22.2860803 ], [ 114.1398264, 22.2860827 ], [ 114.1398306, 22.2861644 ], [ 114.1398618, 22.2861637 ], [ 114.139863, 22.2861887 ], [ 114.1399177, 22.2861894 ], [ 114.1399169, 22.2861634 ], [ 114.1399532, 22.2861624 ], [ 114.1399414, 22.2858002 ], [ 114.1399063, 22.2858012 ], [ 114.1399058, 22.2857846 ], [ 114.1398681, 22.2857851 ], [ 114.1398687, 22.2858026 ] ] ] } },
{ "type": "Feature", "properties": { "id": "322839740", "name": "nan", "shop": "nan", "highway": "nan", "railway": "nan", "leisure": "nan", "landuse": "nan", "building": "apartments" }, "geometry": { "type": "Polygon", "coordinates": [ [ [ 114.1401564, 22.2861797 ], [ 114.1401544, 22.2861071 ], [ 114.1401039, 22.2861083 ], [ 114.1401035, 22.2860937 ], [ 114.140154, 22.2860925 ], [ 114.140153, 22.2860568 ], [ 114.1401026, 22.286058 ], [ 114.1401021, 22.2860427 ], [ 114.1400201, 22.2860447 ], [ 114.1400241, 22.2860723 ], [ 114.1400309, 22.2860995 ], [ 114.1400404, 22.286126 ], [ 114.1400525, 22.2861515 ], [ 114.1400613, 22.2861631 ], [ 114.1400729, 22.2861722 ], [ 114.1400877, 22.2861785 ], [ 114.1401038, 22.2861809 ], [ 114.1401564, 22.2861797 ] ] ] } },
{ "type": "Feature", "properties": { "id": "322839741", "name": "nan", "shop": "nan", "highway": "nan", "railway": "nan", "leisure": "nan", "landuse": "nan", "building": "apartments" }, "geometry": { "type": "Polygon", "coordinates": [ [ [ 114.1374297, 22.2863342 ], [ 114.1374208, 22.2863611 ], [ 114.1374815, 22.2863784 ], [ 114.1375052, 22.286307 ], [ 114.1375316, 22.2863145 ], [ 114.1375512, 22.2862537 ], [ 114.1375059, 22.2862412 ], [ 114.1375115, 22.2862237 ], [ 114.1374651, 22.2862109 ], [ 114.1374699, 22.2861959 ], [ 114.137414, 22.2861804 ], [ 114.1373892, 22.2862537 ], [ 114.1374072, 22.2862588 ], [ 114.1374015, 22.2862761 ], [ 114.1373842, 22.2862712 ], [ 114.137369, 22.286317 ], [ 114.1374297, 22.2863342 ] ] ] } },
{ "type": "Feature", "properties": { "id": "322839742", "name": "nan", "shop": "nan", "highway": "nan", "railway": "nan", "leisure": "nan", "landuse": "nan", "building": "apartments" }, "geometry": { "type": "Polygon", "coordinates": [ [ [ 114.1371281, 22.2866691 ], [ 114.1371057, 22.2867354 ], [ 114.1370934, 22.2867319 ], [ 114.1370798, 22.2867721 ], [ 114.1370916, 22.2867756 ], [ 114.1370802, 22.2868093 ], [ 114.1370441, 22.2867991 ], [ 114.1370251, 22.2868556 ], [ 114.1371163, 22.2868813 ], [ 114.1371347, 22.2868247 ], [ 114.1371227, 22.2868212 ], [ 114.137134, 22.286788 ], [ 114.1371448, 22.2867911 ], [ 114.1371583, 22.2867513 ], [ 114.1371474, 22.2867481 ], [ 114.13717, 22.2866813 ], [ 114.1371281, 22.2866691 ] ] ] } },
{ "type": "Feature", "properties": { "id": "322839744", "name": "nan", "shop": "nan", "highway": "nan", "railway": "nan", "leisure": "nan", "landuse": "nan", "building": "apartments" }, "geometry": { "type": "Polygon", "coordinates": [ [ [ 114.1389884, 22.2850213 ], [ 114.1389894, 22.2851207 ], [ 114.1389593, 22.2851214 ], [ 114.1389598, 22.2851679 ], [ 114.1389474, 22.285168 ], [ 114.1389477, 22.2851873 ], [ 114.1389599, 22.2851871 ], [ 114.1389604, 22.2852282 ], [ 114.1389753, 22.285228 ], [ 114.1389756, 22.2852539 ], [ 114.1389912, 22.2852537 ], [ 114.138992, 22.2853207 ], [ 114.1389615, 22.285321 ], [ 114.1389613, 22.2853058 ], [ 114.1389303, 22.2853061 ], [ 114.1389271, 22.2850396 ], [ 114.1389578, 22.2850284 ], [ 114.1389884, 22.2850213 ] ] ] } },
{ "type": "Feature", "properties": { "id": "322839745", "name": "nan", "shop": "nan", "highway": "nan", "railway": "nan", "leisure": "nan", "landuse": "nan", "building": "apartments" }, "geometry": { "type": "Polygon", "coordinates": [ [ [ 114.1398421, 22.2871677 ], [ 114.1397814, 22.2871513 ], [ 114.1397779, 22.2871624 ], [ 114.1397081, 22.2871435 ], [ 114.1397115, 22.2871329 ], [ 114.1396362, 22.2871125 ], [ 114.139606, 22.287208 ], [ 114.139686, 22.2872296 ], [ 114.1396902, 22.2872162 ], [ 114.1397091, 22.2872213 ], [ 114.1397145, 22.287204 ], [ 114.139736, 22.2872098 ], [ 114.1397304, 22.2872275 ], [ 114.1397522, 22.2872334 ], [ 114.139748, 22.2872465 ], [ 114.1398117, 22.2872637 ], [ 114.1398158, 22.287251 ], [ 114.1398421, 22.2871677 ] ] ] } },
{ "type": "Feature", "properties": { "id": "322839746", "name": "nan", "shop": "nan", "highway": "nan", "railway": "nan", "leisure": "nan", "landuse": "nan", "building": "apartments" }, "geometry": { "type": "Polygon", "coordinates": [ [ [ 114.1386288, 22.286428 ], [ 114.1386353, 22.2864084 ], [ 114.1386649, 22.2864165 ], [ 114.1386593, 22.2863163 ], [ 114.1385354, 22.2862788 ], [ 114.1384904, 22.2862649 ], [ 114.1384455, 22.2862683 ], [ 114.1384316, 22.2863031 ], [ 114.1384721, 22.2863152 ], [ 114.1384512, 22.2863781 ], [ 114.1385038, 22.2863933 ], [ 114.1385103, 22.286374 ], [ 114.1385155, 22.2863576 ], [ 114.1385914, 22.286379 ], [ 114.138586, 22.2863955 ], [ 114.1385798, 22.2864139 ], [ 114.1386288, 22.286428 ] ] ] } },
{ "type": "Feature", "properties": { "id": "322839747", "name": "nan", "shop": "nan", "highway": "nan", "railway": "nan", "leisure": "nan", "landuse": "nan", "building": "apartments" }, "geometry": { "type": "Polygon", "coordinates": [ [ [ 114.1391729, 22.2879346 ], [ 114.1391279, 22.2879227 ], [ 114.1391143, 22.2879191 ], [ 114.1390702, 22.2879074 ], [ 114.1390641, 22.2879269 ], [ 114.1390182, 22.2879147 ], [ 114.1390059, 22.2879545 ], [ 114.1390521, 22.2879668 ], [ 114.1390358, 22.2880196 ], [ 114.1390806, 22.2880315 ], [ 114.1390966, 22.2879797 ], [ 114.1391105, 22.2879834 ], [ 114.1390946, 22.2880349 ], [ 114.1391397, 22.2880469 ], [ 114.1391556, 22.2879955 ], [ 114.1392029, 22.288008 ], [ 114.1392163, 22.2879647 ], [ 114.1391676, 22.2879518 ], [ 114.1391729, 22.2879346 ] ] ] } },
{ "type": "Feature", "properties": { "id": "322839748", "name": "豐林大廈 Fung Lam Building", "shop": "nan", "highway": "nan", "railway": "nan", "leisure": "nan", "landuse": "nan", "building": "apartments" }, "geometry": { "type": "Polygon", "coordinates": [ [ [ 114.1387945, 22.2853741 ], [ 114.1387577, 22.2853743 ], [ 114.1387563, 22.285292 ], [ 114.1387449, 22.2852922 ], [ 114.1387432, 22.285115 ], [ 114.138791, 22.285096 ], [ 114.1388574, 22.2850669 ], [ 114.138858, 22.2851448 ], [ 114.138837, 22.2851454 ], [ 114.138837, 22.2852218 ], [ 114.1388584, 22.2852215 ], [ 114.1388569, 22.2852906 ], [ 114.1388383, 22.2852904 ], [ 114.1388377, 22.2853148 ], [ 114.1388518, 22.2853152 ], [ 114.1388518, 22.2853441 ], [ 114.1388599, 22.2853442 ], [ 114.1388605, 22.285373 ], [ 114.1387945, 22.2853741 ] ] ] } },
{ "type": "Feature", "properties": { "id": "322839749", "name": "nan", "shop": "nan", "highway": "nan", "railway": "nan", "leisure": "nan", "landuse": "nan", "building": "apartments" }, "geometry": { "type": "Polygon", "coordinates": [ [ [ 114.1403763, 22.2854761 ], [ 114.1403755, 22.2854367 ], [ 114.1402554, 22.2854387 ], [ 114.1402562, 22.2854813 ], [ 114.1402035, 22.2854822 ], [ 114.1402038, 22.2854945 ], [ 114.140205, 22.2855534 ], [ 114.1402054, 22.2855758 ], [ 114.1402582, 22.2855749 ], [ 114.1402588, 22.2856094 ], [ 114.1402593, 22.2856326 ], [ 114.1403802, 22.2856306 ], [ 114.1403798, 22.2856074 ], [ 114.1403791, 22.2855757 ], [ 114.1404331, 22.2855747 ], [ 114.1404327, 22.2855526 ], [ 114.1404315, 22.2854903 ], [ 114.1404312, 22.2854752 ], [ 114.1403763, 22.2854761 ] ] ] } },
{ "type": "Feature", "properties": { "id": "322839750", "name": "nan", "shop": "nan", "highway": "nan", "railway": "nan", "leisure": "nan", "landuse": "nan", "building": "apartments" }, "geometry": { "type": "Polygon", "coordinates": [ [ [ 114.1378181, 22.2864888 ], [ 114.137794, 22.2864822 ], [ 114.1377976, 22.2864709 ], [ 114.1377724, 22.2864639 ], [ 114.1377689, 22.286475 ], [ 114.1377455, 22.2864685 ], [ 114.1377336, 22.2865055 ], [ 114.1376946, 22.2864948 ], [ 114.1376759, 22.2865527 ], [ 114.1377149, 22.2865634 ], [ 114.1376992, 22.2866125 ], [ 114.1377103, 22.2866155 ], [ 114.137703, 22.2866382 ], [ 114.1377274, 22.2866449 ], [ 114.13773, 22.286637 ], [ 114.1377478, 22.2866419 ], [ 114.137753, 22.2866258 ], [ 114.1377723, 22.2866311 ], [ 114.1378181, 22.2864888 ] ] ] } },
{ "type": "Feature", "properties": { "id": "322839751", "name": "nan", "shop": "nan", "highway": "nan", "railway": "nan", "leisure": "nan", "landuse": "nan", "building": "yes" }, "geometry": { "type": "Polygon", "coordinates": [ [ [ 114.1386068, 22.2872228 ], [ 114.1385843, 22.2872936 ], [ 114.1386498, 22.2873114 ], [ 114.1386576, 22.2872868 ], [ 114.1386778, 22.2872923 ], [ 114.1386699, 22.2873171 ], [ 114.1387316, 22.2873339 ], [ 114.1387392, 22.2873099 ], [ 114.1387553, 22.2873143 ], [ 114.1387745, 22.2872539 ], [ 114.1387576, 22.2872493 ], [ 114.1387615, 22.2872369 ], [ 114.1387784, 22.2872415 ], [ 114.1387928, 22.2871962 ], [ 114.1387804, 22.2871929 ], [ 114.138669, 22.2871626 ], [ 114.1386631, 22.2871814 ], [ 114.1386462, 22.2871768 ], [ 114.1386297, 22.287229 ], [ 114.1386068, 22.2872228 ] ] ] } },
{ "type": "Feature", "properties": { "id": "322839752", "name": "nan", "shop": "nan", "highway": "nan", "railway": "nan", "leisure": "nan", "landuse": "nan", "building": "apartments" }, "geometry": { "type": "Polygon", "coordinates": [ [ [ 114.1384455, 22.2862683 ], [ 114.1384316, 22.2863031 ], [ 114.1384721, 22.2863152 ], [ 114.1384512, 22.2863781 ], [ 114.1384459, 22.2863941 ], [ 114.1384987, 22.286409 ], [ 114.1385038, 22.2863933 ], [ 114.1385103, 22.286374 ], [ 114.138586, 22.2863955 ], [ 114.1385798, 22.2864139 ], [ 114.1385755, 22.2864284 ], [ 114.1386245, 22.2864417 ], [ 114.1386288, 22.286428 ], [ 114.1386353, 22.2864084 ], [ 114.1386649, 22.2864165 ], [ 114.1386593, 22.2863163 ], [ 114.1385354, 22.2862788 ], [ 114.1384904, 22.2862649 ], [ 114.1384455, 22.2862683 ] ] ] } },
{ "type": "Feature", "properties": { "id": "322839753", "name": "nan", "shop": "nan", "highway": "nan", "railway": "nan", "leisure": "nan", "landuse": "nan", "building": "apartments" }, "geometry": { "type": "Polygon", "coordinates": [ [ [ 114.1394649, 22.2880328 ], [ 114.1394106, 22.2880184 ], [ 114.1394015, 22.2880478 ], [ 114.1393552, 22.2880356 ], [ 114.1393296, 22.2881181 ], [ 114.1393756, 22.2881303 ], [ 114.1393657, 22.2881624 ], [ 114.1394175, 22.2881761 ], [ 114.1394277, 22.2881433 ], [ 114.1394544, 22.2881504 ], [ 114.1394444, 22.2881828 ], [ 114.1394966, 22.2881967 ], [ 114.1395067, 22.2881639 ], [ 114.1395543, 22.2881765 ], [ 114.1395796, 22.2880947 ], [ 114.1395349, 22.2880828 ], [ 114.139544, 22.2880533 ], [ 114.1394901, 22.2880391 ], [ 114.1394809, 22.2880686 ], [ 114.1394559, 22.2880619 ], [ 114.1394649, 22.2880328 ] ] ] } },
{ "type": "Feature", "properties": { "id": "322839755", "name": "nan", "shop": "nan", "highway": "nan", "railway": "nan", "leisure": "nan", "landuse": "nan", "building": "apartments" }, "geometry": { "type": "Polygon", "coordinates": [ [ [ 114.1378729, 22.2865137 ], [ 114.1379, 22.286521 ], [ 114.1379117, 22.2864841 ], [ 114.1378848, 22.2864768 ], [ 114.1378979, 22.2864355 ], [ 114.1378582, 22.2864248 ], [ 114.1378458, 22.2864638 ], [ 114.1378324, 22.2864601 ], [ 114.1378248, 22.2864841 ], [ 114.1378416, 22.2864887 ], [ 114.1378359, 22.2865065 ], [ 114.1378195, 22.2865021 ], [ 114.1377992, 22.2865663 ], [ 114.1378132, 22.2865701 ], [ 114.137808, 22.2865864 ], [ 114.1377945, 22.2865828 ], [ 114.1377844, 22.2866146 ], [ 114.1378144, 22.2866227 ], [ 114.1378181, 22.286611 ], [ 114.1378403, 22.286617 ], [ 114.1378729, 22.2865137 ] ] ] } },
{ "type": "Feature", "properties": { "id": "322839756", "name": "nan", "shop": "nan", "highway": "nan", "railway": "nan", "leisure": "nan", "landuse": "nan", "building": "apartments" }, "geometry": { "type": "Polygon", "coordinates": [ [ [ 114.1369678, 22.2874925 ], [ 114.1371134, 22.2875348 ], [ 114.1371235, 22.2875049 ], [ 114.1371505, 22.2875127 ], [ 114.1371401, 22.2875436 ], [ 114.1372838, 22.2875853 ], [ 114.1373102, 22.2875075 ], [ 114.1372966, 22.2875036 ], [ 114.1373149, 22.2874494 ], [ 114.1373286, 22.2874534 ], [ 114.1373439, 22.2874083 ], [ 114.1372383, 22.2873776 ], [ 114.1372266, 22.2874122 ], [ 114.1371207, 22.2873815 ], [ 114.1371062, 22.2874245 ], [ 114.1370017, 22.2873941 ], [ 114.1369901, 22.2874283 ], [ 114.1370195, 22.2874369 ], [ 114.1370166, 22.2874457 ], [ 114.1369866, 22.287437 ], [ 114.1369678, 22.2874925 ] ] ] } },
{ "type": "Feature", "properties": { "id": "322839757", "name": "nan", "shop": "nan", "highway": "nan", "railway": "nan", "leisure": "nan", "landuse": "nan", "building": "yes" }, "geometry": { "type": "Polygon", "coordinates": [ [ [ 114.1384014, 22.286912 ], [ 114.1384486, 22.2869249 ], [ 114.1384604, 22.286888 ], [ 114.138491, 22.2868964 ], [ 114.1384793, 22.286933 ], [ 114.1385223, 22.2869448 ], [ 114.1385344, 22.2869072 ], [ 114.138583, 22.2869205 ], [ 114.1385973, 22.2868757 ], [ 114.1385488, 22.2868625 ], [ 114.1385566, 22.286838 ], [ 114.1385121, 22.2868259 ], [ 114.1385042, 22.2868508 ], [ 114.1384744, 22.2868427 ], [ 114.1384825, 22.2868171 ], [ 114.1384359, 22.2868044 ], [ 114.1384279, 22.2868296 ], [ 114.1383795, 22.2868164 ], [ 114.1383649, 22.2868622 ], [ 114.1384131, 22.2868754 ], [ 114.1384014, 22.286912 ] ] ] } },
{ "type": "Feature", "properties": { "id": "322839758", "name": "nan", "shop": "nan", "highway": "nan", "railway": "nan", "leisure": "nan", "landuse": "nan", "building": "yes" }, "geometry": { "type": "Polygon", "coordinates": [ [ [ 114.1397191, 22.2862826 ], [ 114.1397394, 22.2862821 ], [ 114.1397429, 22.2862755 ], [ 114.1397606, 22.2862835 ], [ 114.1397647, 22.2862759 ], [ 114.1397834, 22.2862844 ], [ 114.1397881, 22.2862756 ], [ 114.1398093, 22.2862852 ], [ 114.1398138, 22.2862768 ], [ 114.1398338, 22.2862859 ], [ 114.139809, 22.2863327 ], [ 114.1397752, 22.2863174 ], [ 114.1397597, 22.2863467 ], [ 114.1397912, 22.286361 ], [ 114.1397652, 22.2864102 ], [ 114.1396799, 22.2863715 ], [ 114.1397002, 22.2863332 ], [ 114.1396565, 22.2863144 ], [ 114.1396726, 22.2862748 ], [ 114.1396787, 22.2862748 ], [ 114.1396966, 22.2862829 ], [ 114.1397011, 22.2862744 ], [ 114.1397191, 22.2862826 ] ] ] } },
{ "type": "Feature", "properties": { "id": "322839759", "name": "nan", "shop": "nan", "highway": "nan", "railway": "nan", "leisure": "nan", "landuse": "nan", "building": "apartments" }, "geometry": { "type": "Polygon", "coordinates": [ [ [ 114.1392162, 22.2856625 ], [ 114.1391792, 22.2856651 ], [ 114.1391707, 22.2856747 ], [ 114.1391707, 22.2856833 ], [ 114.1391603, 22.285684 ], [ 114.1391615, 22.2856989 ], [ 114.1391494, 22.2856995 ], [ 114.1391511, 22.2857303 ], [ 114.1391674, 22.2857296 ], [ 114.1391797, 22.2857428 ], [ 114.1391911, 22.2857419 ], [ 114.1391922, 22.285761 ], [ 114.1392172, 22.2857592 ], [ 114.1392155, 22.28574 ], [ 114.1392269, 22.2857396 ], [ 114.1392372, 22.285725 ], [ 114.1392535, 22.2857237 ], [ 114.1392507, 22.2856929 ], [ 114.1392386, 22.2856939 ], [ 114.139237, 22.2856789 ], [ 114.1392266, 22.2856796 ], [ 114.1392259, 22.285671 ], [ 114.1392162, 22.2856625 ] ] ] } },
{ "type": "Feature", "properties": { "id": "322839760", "name": "nan", "shop": "nan", "highway": "nan", "railway": "nan", "leisure": "nan", "landuse": "nan", "building": "apartments" }, "geometry": { "type": "Polygon", "coordinates": [ [ [ 114.1394599, 22.2878912 ], [ 114.1394523, 22.2879153 ], [ 114.1393772, 22.2878948 ], [ 114.1394369, 22.2877073 ], [ 114.1397025, 22.2877798 ], [ 114.1396832, 22.2878404 ], [ 114.139663, 22.2878349 ], [ 114.1396516, 22.2878706 ], [ 114.1396687, 22.2878753 ], [ 114.1396559, 22.2879157 ], [ 114.1396384, 22.287911 ], [ 114.1396215, 22.287964 ], [ 114.1395488, 22.2879441 ], [ 114.1395655, 22.2878916 ], [ 114.1395536, 22.2878884 ], [ 114.1395373, 22.2879397 ], [ 114.1394646, 22.2879198 ], [ 114.1394804, 22.2878703 ], [ 114.1394677, 22.2878668 ], [ 114.1394599, 22.2878912 ] ] ] } },
{ "type": "Feature", "properties": { "id": "322839761", "name": "nan", "shop": "nan", "highway": "nan", "railway": "nan", "leisure": "nan", "landuse": "nan", "building": "apartments" }, "geometry": { "type": "Polygon", "coordinates": [ [ [ 114.1403024, 22.2860819 ], [ 114.1403348, 22.2860812 ], [ 114.1403356, 22.2861083 ], [ 114.1403109, 22.2861089 ], [ 114.1403117, 22.2861386 ], [ 114.1403459, 22.2861378 ], [ 114.1403468, 22.286169 ], [ 114.1403063, 22.28617 ], [ 114.1403058, 22.2861548 ], [ 114.1402948, 22.2861551 ], [ 114.1402951, 22.2861666 ], [ 114.1402576, 22.2861675 ], [ 114.1402572, 22.286156 ], [ 114.1402012, 22.2861574 ], [ 114.1402002, 22.2861212 ], [ 114.140216, 22.2861208 ], [ 114.1402157, 22.2861097 ], [ 114.1402475, 22.2861089 ], [ 114.1402468, 22.2860821 ], [ 114.1402497, 22.2860749 ], [ 114.1402545, 22.2860704 ], [ 114.1402941, 22.2860696 ], [ 114.1402995, 22.2860736 ], [ 114.1403024, 22.2860819 ] ] ] } },
{ "type": "Feature", "properties": { "id": "322839762", "name": "nan", "shop": "nan", "highway": "nan", "railway": "nan", "leisure": "nan", "landuse": "nan", "building": "apartments" }, "geometry": { "type": "Polygon", "coordinates": [ [ [ 114.1381257, 22.2871189 ], [ 114.1381505, 22.2871257 ], [ 114.1381414, 22.2871539 ], [ 114.1382259, 22.2871771 ], [ 114.1382364, 22.2871448 ], [ 114.1382577, 22.2871506 ], [ 114.138264, 22.287131 ], [ 114.13828, 22.2871354 ], [ 114.13829, 22.2871044 ], [ 114.1382286, 22.2870875 ], [ 114.1382409, 22.2870493 ], [ 114.1381957, 22.2870369 ], [ 114.1381831, 22.2870758 ], [ 114.138128, 22.2870606 ], [ 114.1381405, 22.2870219 ], [ 114.1380953, 22.2870094 ], [ 114.138083, 22.2870475 ], [ 114.1380216, 22.2870306 ], [ 114.1380116, 22.2870616 ], [ 114.1380276, 22.287066 ], [ 114.1380213, 22.2870857 ], [ 114.1380425, 22.2870915 ], [ 114.1380321, 22.287124 ], [ 114.1381166, 22.2871472 ], [ 114.1381257, 22.2871189 ] ] ] } },
{ "type": "Feature", "properties": { "id": "322839763", "name": "nan", "shop": "nan", "highway": "nan", "railway": "nan", "leisure": "nan", "landuse": "nan", "building": "apartments" }, "geometry": { "type": "Polygon", "coordinates": [ [ [ 114.1386035, 22.2856542 ], [ 114.1386145, 22.2856541 ], [ 114.1386153, 22.2856962 ], [ 114.1386042, 22.2856963 ], [ 114.1385768, 22.2856968 ], [ 114.1385383, 22.2856975 ], [ 114.1385386, 22.2857158 ], [ 114.138576, 22.2857152 ], [ 114.1386046, 22.2857147 ], [ 114.1386159, 22.2857145 ], [ 114.1386167, 22.2857539 ], [ 114.1386058, 22.2857541 ], [ 114.1386068, 22.2858015 ], [ 114.1385232, 22.285803 ], [ 114.1385228, 22.2857838 ], [ 114.1384936, 22.2857843 ], [ 114.1384932, 22.2857658 ], [ 114.1384919, 22.2856979 ], [ 114.1384757, 22.2856981 ], [ 114.1384745, 22.285639 ], [ 114.1385185, 22.2856382 ], [ 114.1385181, 22.2856184 ], [ 114.1385752, 22.2856174 ], [ 114.1386027, 22.285617 ], [ 114.1386035, 22.2856542 ] ] ] } },
{ "type": "Feature", "properties": { "id": "322839764", "name": "nan", "shop": "nan", "highway": "nan", "railway": "nan", "leisure": "nan", "landuse": "nan", "building": "apartments" }, "geometry": { "type": "Polygon", "coordinates": [ [ [ 114.138484, 22.2879171 ], [ 114.1384907, 22.2878963 ], [ 114.1385061, 22.2878488 ], [ 114.1385268, 22.2878545 ], [ 114.1385114, 22.2879021 ], [ 114.1385048, 22.2879225 ], [ 114.1385525, 22.2879357 ], [ 114.1385594, 22.2879143 ], [ 114.1385751, 22.2878659 ], [ 114.1386083, 22.2878751 ], [ 114.1386158, 22.2878772 ], [ 114.1386326, 22.2878255 ], [ 114.1386242, 22.2878231 ], [ 114.1385916, 22.2878141 ], [ 114.1386106, 22.2877558 ], [ 114.1385629, 22.2877425 ], [ 114.1385434, 22.2878027 ], [ 114.1385223, 22.2877969 ], [ 114.138536, 22.2877546 ], [ 114.1385424, 22.2877348 ], [ 114.1384948, 22.2877216 ], [ 114.1384741, 22.2877855 ], [ 114.1384319, 22.2877737 ], [ 114.1384151, 22.2878255 ], [ 114.1384579, 22.2878374 ], [ 114.1384432, 22.2878828 ], [ 114.1384363, 22.2879039 ], [ 114.138484, 22.2879171 ] ] ] } },
{ "type": "Feature", "properties": { "id": "322839765", "name": "nan", "shop": "nan", "highway": "nan", "railway": "nan", "leisure": "nan", "landuse": "nan", "building": "apartments" }, "geometry": { "type": "Polygon", "coordinates": [ [ [ 114.1391729, 22.2879346 ], [ 114.1392215, 22.2879475 ], [ 114.1392339, 22.2879073 ], [ 114.1391856, 22.2878945 ], [ 114.1391944, 22.2878661 ], [ 114.1391491, 22.2878541 ], [ 114.1391279, 22.2879227 ], [ 114.1391143, 22.2879191 ], [ 114.1391356, 22.2878502 ], [ 114.1390915, 22.2878386 ], [ 114.1390827, 22.2878669 ], [ 114.1390365, 22.2878546 ], [ 114.1390239, 22.2878952 ], [ 114.1390702, 22.2879074 ], [ 114.1390641, 22.2879269 ], [ 114.1390182, 22.2879147 ], [ 114.1390059, 22.2879545 ], [ 114.1390521, 22.2879668 ], [ 114.1390358, 22.2880196 ], [ 114.1390806, 22.2880315 ], [ 114.1390966, 22.2879797 ], [ 114.1391105, 22.2879834 ], [ 114.1390946, 22.2880349 ], [ 114.1391397, 22.2880469 ], [ 114.1391556, 22.2879955 ], [ 114.1392029, 22.288008 ], [ 114.1392163, 22.2879647 ], [ 114.1391676, 22.2879518 ], [ 114.1391729, 22.2879346 ] ] ] } },
{ "type": "Feature", "properties": { "id": "322839767", "name": "nan", "shop": "nan", "highway": "nan", "railway": "nan", "leisure": "nan", "landuse": "nan", "building": "yes" }, "geometry": { "type": "Polygon", "coordinates": [ [ [ 114.1386025, 22.2853539 ], [ 114.1386622, 22.2853534 ], [ 114.138662, 22.2853386 ], [ 114.1386609, 22.285236 ], [ 114.1386602, 22.2851667 ], [ 114.1386009, 22.285206 ], [ 114.1386016, 22.2852709 ], [ 114.1386017, 22.2852808 ], [ 114.1386023, 22.2853391 ], [ 114.1386025, 22.2853539 ] ] ] } },
{ "type": "Feature", "properties": { "id": "322839768", "name": "nan", "shop": "nan", "highway": "nan", "railway": "nan", "leisure": "nan", "landuse": "nan", "building": "yes" }, "geometry": { "type": "Polygon", "coordinates": [ [ [ 114.1365237, 22.2873871 ], [ 114.1365807, 22.2872125 ], [ 114.1370058, 22.2873314 ], [ 114.1369488, 22.2875059 ], [ 114.1365237, 22.2873871 ] ] ] } },
{ "type": "Feature", "properties": { "id": "322839769", "name": "nan", "shop": "nan", "highway": "nan", "railway": "nan", "leisure": "nan", "landuse": "nan", "building": "yes" }, "geometry": { "type": "Polygon", "coordinates": [ [ [ 114.1392941, 22.288154 ], [ 114.1393604, 22.2879396 ], [ 114.1396234, 22.2880129 ], [ 114.1395594, 22.2882261 ], [ 114.1392941, 22.288154 ] ] ] } },
{ "type": "Feature", "properties": { "id": "322839770", "name": "nan", "shop": "nan", "highway": "nan", "railway": "nan", "leisure": "nan", "landuse": "nan", "building": "yes" }, "geometry": { "type": "Polygon", "coordinates": [ [ [ 114.1384646, 22.2858176 ], [ 114.1384614, 22.2856141 ], [ 114.1386189, 22.2856149 ], [ 114.1386198, 22.2858018 ], [ 114.1384646, 22.2858176 ] ] ] } },
{ "type": "Feature", "properties": { "id": "322839771", "name": "nan", "shop": "nan", "highway": "nan", "railway": "nan", "leisure": "nan", "landuse": "nan", "building": "yes" }, "geometry": { "type": "Polygon", "coordinates": [ [ [ 114.1392429, 22.2868705 ], [ 114.1392786, 22.2867579 ], [ 114.1394943, 22.2868165 ], [ 114.1394586, 22.286929 ], [ 114.1392429, 22.2868705 ] ] ] } },
{ "type": "Feature", "properties": { "id": "322839772", "name": "nan", "shop": "nan", "highway": "nan", "railway": "nan", "leisure": "nan", "landuse": "nan", "building": "yes" }, "geometry": { "type": "Polygon", "coordinates": [ [ [ 114.1392682, 22.2846639 ], [ 114.1394648, 22.2846547 ], [ 114.1399117, 22.2846338 ], [ 114.1399212, 22.2847687 ], [ 114.1399254, 22.2848277 ], [ 114.1392822, 22.2848607 ], [ 114.1392734, 22.2847367 ], [ 114.1392643, 22.2847008 ], [ 114.1392682, 22.2846639 ] ] ] } },
{ "type": "Feature", "properties": { "id": "322839773", "name": "nan", "shop": "nan", "highway": "nan", "railway": "nan", "leisure": "nan", "landuse": "nan", "building": "apartments" }, "geometry": { "type": "Polygon", "coordinates": [ [ [ 114.1384139, 22.2867025 ], [ 114.1384502, 22.2865852 ], [ 114.1384629, 22.286543 ], [ 114.1385234, 22.286559 ], [ 114.1384921, 22.2866602 ], [ 114.1384741, 22.2867184 ], [ 114.1384139, 22.2867025 ] ] ] } },
{ "type": "Feature", "properties": { "id": "322839775", "name": "nan", "shop": "nan", "highway": "nan", "railway": "nan", "leisure": "nan", "landuse": "nan", "building": "yes" }, "geometry": { "type": "Polygon", "coordinates": [ [ [ 114.1394761, 22.2864373 ], [ 114.1395139, 22.2864377 ], [ 114.139563, 22.2863228 ], [ 114.1395311, 22.28631 ], [ 114.1394761, 22.2864373 ] ] ] } },
{ "type": "Feature", "properties": { "id": "322839776", "name": "nan", "shop": "nan", "highway": "nan", "railway": "nan", "leisure": "nan", "landuse": "nan", "building": "yes" }, "geometry": { "type": "Polygon", "coordinates": [ [ [ 114.1396046, 22.2861938 ], [ 114.1395846, 22.2860484 ], [ 114.1397659, 22.2860295 ], [ 114.1397762, 22.2861921 ], [ 114.1396046, 22.2861938 ] ] ] } },
{ "type": "Feature", "properties": { "id": "322839777", "name": "nan", "shop": "nan", "highway": "nan", "railway": "nan", "leisure": "nan", "landuse": "nan", "building": "yes" }, "geometry": { "type": "Polygon", "coordinates": [ [ [ 114.1401621, 22.2856719 ], [ 114.1401549, 22.2854388 ], [ 114.1404848, 22.2854302 ], [ 114.1404919, 22.2856633 ], [ 114.1401621, 22.2856719 ] ] ] } },
{ "type": "Feature", "properties": { "id": "322839778", "name": "nan", "shop": "nan", "highway": "nan", "railway": "nan", "leisure": "nan", "landuse": "nan", "building": "yes" }, "geometry": { "type": "Polygon", "coordinates": [ [ [ 114.1383382, 22.2877676 ], [ 114.1383107, 22.2878528 ], [ 114.1377946, 22.28771 ], [ 114.137821, 22.2876275 ], [ 114.1383382, 22.2877676 ] ] ] } },
{ "type": "Feature", "properties": { "id": "322839779", "name": "nan", "shop": "nan", "highway": "nan", "railway": "nan", "leisure": "nan", "landuse": "nan", "building": "apartments" }, "geometry": { "type": "Polygon", "coordinates": [ [ [ 114.1383917, 22.2856477 ], [ 114.1384479, 22.2856464 ], [ 114.1384516, 22.2857949 ], [ 114.1383954, 22.2857962 ], [ 114.1383917, 22.2856477 ] ] ] } },
{ "type": "Feature", "properties": { "id": "322839780", "name": "nan", "shop": "nan", "highway": "nan", "railway": "nan", "leisure": "nan", "landuse": "nan", "building": "yes" }, "geometry": { "type": "Polygon", "coordinates": [ [ [ 114.1389442, 22.288057 ], [ 114.1391781, 22.2881201 ], [ 114.1392589, 22.2878597 ], [ 114.1390245, 22.2877969 ], [ 114.1389442, 22.288057 ] ] ] } },
{ "type": "Feature", "properties": { "id": "322839781", "name": "nan", "shop": "nan", "highway": "nan", "railway": "nan", "leisure": "nan", "landuse": "nan", "building": "yes" }, "geometry": { "type": "Polygon", "coordinates": [ [ [ 114.1385673, 22.2871129 ], [ 114.1386337, 22.2871314 ], [ 114.1385873, 22.2872738 ], [ 114.1385209, 22.2872553 ], [ 114.1385673, 22.2871129 ] ] ] } },
{ "type": "Feature", "properties": { "id": "322839782", "name": "nan", "shop": "nan", "highway": "nan", "railway": "nan", "leisure": "nan", "landuse": "nan", "building": "yes" }, "geometry": { "type": "Polygon", "coordinates": [ [ [ 114.1391452, 22.2857653 ], [ 114.1391347, 22.2856493 ], [ 114.1392477, 22.2856406 ], [ 114.1392582, 22.2857566 ], [ 114.1391452, 22.2857653 ] ] ] } },
{ "type": "Feature", "properties": { "id": "322839783", "name": "nan", "shop": "nan", "highway": "nan", "railway": "nan", "leisure": "nan", "landuse": "nan", "building": "apartments" }, "geometry": { "type": "Polygon", "coordinates": [ [ [ 114.140349, 22.2853409 ], [ 114.1403885, 22.2853401 ], [ 114.1403881, 22.2853237 ], [ 114.1403866, 22.285266 ], [ 114.1403471, 22.2852669 ], [ 114.1403483, 22.2853156 ], [ 114.140349, 22.2853409 ] ] ] } },
{ "type": "Feature", "properties": { "id": "322839784", "name": "nan", "shop": "nan", "highway": "nan", "railway": "nan", "leisure": "nan", "landuse": "nan", "building": "yes" }, "geometry": { "type": "Polygon", "coordinates": [ [ [ 114.1371236, 22.2868666 ], [ 114.1371963, 22.286653 ], [ 114.1373745, 22.286705 ], [ 114.1373018, 22.2869185 ], [ 114.1371236, 22.2868666 ] ] ] } },
{ "type": "Feature", "properties": { "id": "322839785", "name": "nan", "shop": "nan", "highway": "nan", "railway": "nan", "leisure": "nan", "landuse": "nan", "building": "yes" }, "geometry": { "type": "Polygon", "coordinates": [ [ [ 114.1395343, 22.2873933 ], [ 114.1398071, 22.2874675 ], [ 114.1398396, 22.2873649 ], [ 114.1395669, 22.2872908 ], [ 114.1395343, 22.2873933 ] ] ] } },
{ "type": "Feature", "properties": { "id": "322839786", "name": "nan", "shop": "nan", "highway": "nan", "railway": "nan", "leisure": "nan", "landuse": "nan", "building": "yes" }, "geometry": { "type": "Polygon", "coordinates": [ [ [ 114.1378108, 22.2852981 ], [ 114.1377369, 22.2853053 ], [ 114.1377595, 22.2855051 ], [ 114.1378333, 22.285498 ], [ 114.1378108, 22.2852981 ] ] ] } },
{ "type": "Feature", "properties": { "id": "322839787", "name": "nan", "shop": "nan", "highway": "nan", "railway": "nan", "leisure": "nan", "landuse": "nan", "building": "yes" }, "geometry": { "type": "Polygon", "coordinates": [ [ [ 114.1379296, 22.2872879 ], [ 114.1379028, 22.2873718 ], [ 114.1384559, 22.2875216 ], [ 114.1384821, 22.2874407 ], [ 114.1379296, 22.2872879 ] ] ] } },
{ "type": "Feature", "properties": { "id": "322839789", "name": "nan", "shop": "nan", "highway": "nan", "railway": "nan", "leisure": "nan", "landuse": "nan", "building": "yes" }, "geometry": { "type": "Polygon", "coordinates": [ [ [ 114.1379187, 22.2871048 ], [ 114.1383034, 22.2872084 ], [ 114.1383511, 22.2870565 ], [ 114.1379663, 22.2869532 ], [ 114.1379187, 22.2871048 ] ] ] } },
{ "type": "Feature", "properties": { "id": "322839791", "name": "nan", "shop": "nan", "highway": "nan", "railway": "nan", "leisure": "nan", "landuse": "nan", "building": "apartments" }, "geometry": { "type": "Polygon", "coordinates": [ [ [ 114.1373042, 22.2869186 ], [ 114.1373498, 22.2869318 ], [ 114.1374223, 22.286717 ], [ 114.1373767, 22.2867039 ], [ 114.1373042, 22.2869186 ] ] ] } },
{ "type": "Feature", "properties": { "id": "322839792", "name": "nan", "shop": "nan", "highway": "nan", "railway": "nan", "leisure": "nan", "landuse": "nan", "building": "yes" }, "geometry": { "type": "Polygon", "coordinates": [ [ [ 114.1400298, 22.2879642 ], [ 114.1399967, 22.2879549 ], [ 114.1400242, 22.287871 ], [ 114.1400573, 22.2878803 ], [ 114.1400298, 22.2879642 ] ] ] } },
{ "type": "Feature", "properties": { "id": "322839794", "name": "nan", "shop": "nan", "highway": "nan", "railway": "nan", "leisure": "nan", "landuse": "nan", "building": "hotel" }, "geometry": { "type": "Polygon", "coordinates": [ [ [ 114.1389411, 22.2880561 ], [ 114.1387086, 22.2879948 ], [ 114.1387875, 22.2877336 ], [ 114.1390207, 22.2877962 ], [ 114.1389411, 22.2880561 ] ] ] } },
{ "type": "Feature", "properties": { "id": "322839795", "name": "nan", "shop": "nan", "highway": "nan", "railway": "nan", "leisure": "nan", "landuse": "nan", "building": "apartments" }, "geometry": { "type": "Polygon", "coordinates": [ [ [ 114.1386994, 22.2862991 ], [ 114.1388264, 22.2862927 ], [ 114.1388389, 22.2864211 ], [ 114.1387092, 22.2864273 ], [ 114.1386994, 22.2862991 ] ] ] } },
{ "type": "Feature", "properties": { "id": "322839798", "name": "nan", "shop": "nan", "highway": "nan", "railway": "nan", "leisure": "nan", "landuse": "nan", "building": "yes" }, "geometry": { "type": "Polygon", "coordinates": [ [ [ 114.13947, 22.2860218 ], [ 114.1394467, 22.2858087 ], [ 114.1396509, 22.2857892 ], [ 114.1396742, 22.2860023 ], [ 114.13947, 22.2860218 ] ] ] } },
{ "type": "Feature", "properties": { "id": "322839800", "name": "nan", "shop": "nan", "highway": "nan", "railway": "nan", "leisure": "nan", "landuse": "nan", "building": "yes" }, "geometry": { "type": "Polygon", "coordinates": [ [ [ 114.1396915, 22.2878672 ], [ 114.1397191, 22.2877846 ], [ 114.1397545, 22.2877947 ], [ 114.1397268, 22.2878773 ], [ 114.1396915, 22.2878672 ] ] ] } },
{ "type": "Feature", "properties": { "id": "322839802", "name": "nan", "shop": "nan", "highway": "nan", "railway": "nan", "leisure": "nan", "landuse": "nan", "building": "yes" }, "geometry": { "type": "Polygon", "coordinates": [ [ [ 114.1385353, 22.2872173 ], [ 114.1385589, 22.2871432 ], [ 114.1386227, 22.2871606 ], [ 114.1385991, 22.2872347 ], [ 114.1385353, 22.2872173 ] ] ] } },
{ "type": "Feature", "properties": { "id": "322839805", "name": "nan", "shop": "nan", "highway": "nan", "railway": "nan", "leisure": "nan", "landuse": "nan", "building": "yes" }, "geometry": { "type": "Polygon", "coordinates": [ [ [ 114.1372794, 22.287601 ], [ 114.1369595, 22.287509 ], [ 114.1370967, 22.2871005 ], [ 114.1374166, 22.2871924 ], [ 114.1372794, 22.287601 ] ] ] } },
{ "type": "Feature", "properties": { "id": "322839807", "name": "nan", "shop": "nan", "highway": "nan", "railway": "nan", "leisure": "nan", "landuse": "nan", "building": "yes" }, "geometry": { "type": "Polygon", "coordinates": [ [ [ 114.1399215, 22.2870554 ], [ 114.139959, 22.286932 ], [ 114.1398146, 22.2868944 ], [ 114.1398101, 22.2869093 ], [ 114.1397771, 22.2870178 ], [ 114.1399215, 22.2870554 ] ] ] } },
{ "type": "Feature", "properties": { "id": "322839809", "name": "nan", "shop": "nan", "highway": "nan", "railway": "nan", "leisure": "nan", "landuse": "nan", "building": "yes" }, "geometry": { "type": "Polygon", "coordinates": [ [ [ 114.1388341, 22.2862392 ], [ 114.1389988, 22.2862128 ], [ 114.13895, 22.2861323 ], [ 114.1388369, 22.2861419 ], [ 114.1388227, 22.2861516 ], [ 114.1388341, 22.2862392 ] ] ] } },
{ "type": "Feature", "properties": { "id": "322839811", "name": "nan", "shop": "nan", "highway": "nan", "railway": "nan", "leisure": "nan", "landuse": "nan", "building": "yes" }, "geometry": { "type": "Polygon", "coordinates": [ [ [ 114.1359841, 22.2869671 ], [ 114.1360355, 22.2868092 ], [ 114.1360617, 22.2868027 ], [ 114.1364193, 22.2869022 ], [ 114.1363638, 22.2870728 ], [ 114.1359841, 22.2869671 ] ] ] } },
{ "type": "Feature", "properties": { "id": "322839812", "name": "nan", "shop": "nan", "highway": "nan", "railway": "nan", "leisure": "nan", "landuse": "nan", "building": "apartments" }, "geometry": { "type": "Polygon", "coordinates": [ [ [ 114.1392382, 22.2864647 ], [ 114.1393744, 22.2865036 ], [ 114.1393627, 22.2865386 ], [ 114.1392083, 22.2864944 ], [ 114.1392201, 22.2864595 ], [ 114.1392382, 22.2864647 ] ] ] } },
{ "type": "Feature", "properties": { "id": "322839813", "name": "nan", "shop": "nan", "highway": "nan", "railway": "nan", "leisure": "nan", "landuse": "nan", "building": "apartments" }, "geometry": { "type": "Polygon", "coordinates": [ [ [ 114.1390702, 22.2879074 ], [ 114.1390827, 22.2878669 ], [ 114.1390915, 22.2878386 ], [ 114.1391356, 22.2878502 ], [ 114.1391143, 22.2879191 ], [ 114.1390702, 22.2879074 ] ] ] } },
{ "type": "Feature", "properties": { "id": "322839814", "name": "nan", "shop": "nan", "highway": "nan", "railway": "nan", "leisure": "nan", "landuse": "nan", "building": "school" }, "geometry": { "type": "Polygon", "coordinates": [ [ [ 114.1382297, 22.2849335 ], [ 114.1382486, 22.2850165 ], [ 114.1380255, 22.2850599 ], [ 114.1380066, 22.2849769 ], [ 114.1381746, 22.2849442 ], [ 114.1382297, 22.2849335 ] ] ] } },
{ "type": "Feature", "properties": { "id": "322839815", "name": "nan", "shop": "nan", "highway": "nan", "railway": "nan", "leisure": "nan", "landuse": "nan", "building": "yes" }, "geometry": { "type": "Polygon", "coordinates": [ [ [ 114.1404871, 22.2878012 ], [ 114.140524, 22.2876741 ], [ 114.1403661, 22.2876349 ], [ 114.1403372, 22.2877346 ], [ 114.1404718, 22.287768 ], [ 114.1404639, 22.2877955 ], [ 114.1404871, 22.2878012 ] ] ] } },
{ "type": "Feature", "properties": { "id": "322839816", "name": "nan", "shop": "nan", "highway": "nan", "railway": "nan", "leisure": "nan", "landuse": "nan", "building": "yes" }, "geometry": { "type": "Polygon", "coordinates": [ [ [ 114.1401872, 22.2858737 ], [ 114.1401863, 22.2858397 ], [ 114.1401849, 22.2857897 ], [ 114.1401838, 22.2857491 ], [ 114.1402289, 22.285748 ], [ 114.1402992, 22.2857464 ], [ 114.1403026, 22.285871 ], [ 114.1402321, 22.2858727 ], [ 114.1401872, 22.2858737 ] ] ] } },
{ "type": "Feature", "properties": { "id": "322839817", "name": "nan", "shop": "nan", "highway": "nan", "railway": "nan", "leisure": "nan", "landuse": "nan", "building": "yes" }, "geometry": { "type": "Polygon", "coordinates": [ [ [ 114.1401965, 22.2861759 ], [ 114.1401946, 22.2860693 ], [ 114.1402776, 22.286068 ], [ 114.1402774, 22.2860589 ], [ 114.1403517, 22.2860578 ], [ 114.1403538, 22.2861735 ], [ 114.1401965, 22.2861759 ] ] ] } },
{ "type": "Feature", "properties": { "id": "322839818", "name": "水街公廁 Water Street Public Toilet", "shop": "nan", "highway": "nan", "railway": "nan", "leisure": "nan", "landuse": "nan", "building": "yes" }, "geometry": { "type": "Polygon", "coordinates": [ [ [ 114.1391824, 22.2852979 ], [ 114.1391923, 22.285186 ], [ 114.1392279, 22.2851887 ], [ 114.1392218, 22.285258 ], [ 114.1392256, 22.2852583 ], [ 114.1392277, 22.2852585 ], [ 114.1392541, 22.2852605 ], [ 114.1392528, 22.2852753 ], [ 114.1392503, 22.2853031 ], [ 114.1391824, 22.2852979 ] ] ] } },
{ "type": "Feature", "properties": { "id": "322839819", "name": "nan", "shop": "nan", "highway": "nan", "railway": "nan", "leisure": "nan", "landuse": "nan", "building": "yes" }, "geometry": { "type": "Polygon", "coordinates": [ [ [ 114.139435, 22.2866469 ], [ 114.1394613, 22.2865663 ], [ 114.1393842, 22.2865448 ], [ 114.1394108, 22.2864693 ], [ 114.139585, 22.286474 ], [ 114.1395233, 22.2866702 ], [ 114.139435, 22.2866469 ] ] ] } },
{ "type": "Feature", "properties": { "id": "322839820", "name": "nan", "shop": "nan", "highway": "nan", "railway": "nan", "leisure": "nan", "landuse": "nan", "building": "apartments" }, "geometry": { "type": "Polygon", "coordinates": [ [ [ 114.1397054, 22.2876063 ], [ 114.1397271, 22.2875421 ], [ 114.139746, 22.2875474 ], [ 114.1397538, 22.2875236 ], [ 114.1397814, 22.2875311 ], [ 114.1397526, 22.2876194 ], [ 114.1397054, 22.2876063 ] ] ] } },
{ "type": "Feature", "properties": { "id": "322839821", "name": "nan", "shop": "nan", "highway": "nan", "railway": "nan", "leisure": "nan", "landuse": "nan", "building": "retail" }, "geometry": { "type": "Polygon", "coordinates": [ [ [ 114.1363533, 22.287105 ], [ 114.1363411, 22.2871425 ], [ 114.1362828, 22.2873221 ], [ 114.1360709, 22.2872631 ], [ 114.1358845, 22.2872112 ], [ 114.1356974, 22.2871591 ], [ 114.1354862, 22.2871003 ], [ 114.135541, 22.2869318 ], [ 114.1357882, 22.2868705 ], [ 114.1360355, 22.2868092 ], [ 114.1359841, 22.2869671 ], [ 114.1359737, 22.2869994 ], [ 114.1361414, 22.2870461 ], [ 114.1363533, 22.287105 ] ] ] } },
{ "type": "Feature", "properties": { "id": "322839822", "name": "nan", "shop": "nan", "highway": "nan", "railway": "nan", "leisure": "nan", "landuse": "nan", "building": "apartments" }, "geometry": { "type": "Polygon", "coordinates": [ [ [ 114.138669, 22.2864552 ], [ 114.138711, 22.2864664 ], [ 114.1386966, 22.2862778 ], [ 114.138673, 22.2862789 ], [ 114.1386749, 22.2863078 ], [ 114.1386598, 22.2863083 ], [ 114.138669, 22.2864552 ] ] ] } },
{ "type": "Feature", "properties": { "id": "322839825", "name": "nan", "shop": "nan", "highway": "nan", "railway": "nan", "leisure": "nan", "landuse": "nan", "building": "apartments" }, "geometry": { "type": "Polygon", "coordinates": [ [ [ 114.1386609, 22.285236 ], [ 114.1386194, 22.2852364 ], [ 114.1386199, 22.2852806 ], [ 114.1386017, 22.2852808 ], [ 114.1386023, 22.2853391 ], [ 114.138662, 22.2853386 ], [ 114.1386609, 22.285236 ] ] ] } },
{ "type": "Feature", "properties": { "id": "322839827", "name": "nan", "shop": "nan", "highway": "nan", "railway": "nan", "leisure": "nan", "landuse": "nan", "building": "apartments" }, "geometry": { "type": "Polygon", "coordinates": [ [ [ 114.1394387, 22.2874057 ], [ 114.1394251, 22.2874012 ], [ 114.1393933, 22.2873923 ], [ 114.1394123, 22.2873346 ], [ 114.139429, 22.287286 ], [ 114.1394631, 22.2872954 ], [ 114.1394587, 22.2873093 ], [ 114.1394688, 22.2873121 ], [ 114.1394387, 22.2874057 ] ] ] } },
{ "type": "Feature", "properties": { "id": "322839829", "name": "nan", "shop": "nan", "highway": "nan", "railway": "nan", "leisure": "nan", "landuse": "nan", "building": "apartments" }, "geometry": { "type": "Polygon", "coordinates": [ [ [ 114.1396411, 22.2870606 ], [ 114.1396266, 22.2871066 ], [ 114.1397665, 22.2871444 ], [ 114.1397727, 22.2871248 ], [ 114.13982, 22.2871375 ], [ 114.1398283, 22.2871111 ], [ 114.1396411, 22.2870606 ] ] ] } },
{ "type": "Feature", "properties": { "id": "322839830", "name": "nan", "shop": "nan", "highway": "nan", "railway": "nan", "leisure": "nan", "landuse": "nan", "building": "apartments" }, "geometry": { "type": "Polygon", "coordinates": [ [ [ 114.1391238, 22.2861078 ], [ 114.1391507, 22.2861064 ], [ 114.1392333, 22.286102 ], [ 114.1392384, 22.2861443 ], [ 114.1392519, 22.2861429 ], [ 114.1392602, 22.2861995 ], [ 114.139184, 22.2862007 ], [ 114.1391238, 22.2861078 ] ] ] } },
{ "type": "Feature", "properties": { "id": "322839832", "name": "nan", "shop": "nan", "highway": "nan", "railway": "nan", "leisure": "nan", "landuse": "nan", "building": "yes" }, "geometry": { "type": "Polygon", "coordinates": [ [ [ 114.13837, 22.286375 ], [ 114.1383574, 22.2862739 ], [ 114.1385348, 22.28626 ], [ 114.1385354, 22.2862788 ], [ 114.1386593, 22.2863163 ], [ 114.1386649, 22.2864165 ], [ 114.138668, 22.2864549 ], [ 114.13837, 22.286375 ] ] ] } },
{ "type": "Feature", "properties": { "id": "322839833", "name": "nan", "shop": "nan", "highway": "nan", "railway": "nan", "leisure": "nan", "landuse": "nan", "building": "apartments" }, "geometry": { "type": "Polygon", "coordinates": [ [ [ 114.1391279, 22.2879227 ], [ 114.1391491, 22.2878541 ], [ 114.1391944, 22.2878661 ], [ 114.1391856, 22.2878945 ], [ 114.1392339, 22.2879073 ], [ 114.1392215, 22.2879475 ], [ 114.1391729, 22.2879346 ], [ 114.1391279, 22.2879227 ] ] ] } },
{ "type": "Feature", "properties": { "id": "322839835", "name": "nan", "shop": "nan", "highway": "nan", "railway": "nan", "leisure": "nan", "landuse": "nan", "building": "apartments" }, "geometry": { "type": "Polygon", "coordinates": [ [ [ 114.1401987, 22.2853497 ], [ 114.1401979, 22.2853179 ], [ 114.1401878, 22.2853181 ], [ 114.1401866, 22.2852703 ], [ 114.1402664, 22.2852686 ], [ 114.1402676, 22.2853176 ], [ 114.1402564, 22.2853178 ], [ 114.1402572, 22.2853485 ], [ 114.1401987, 22.2853497 ] ] ] } },
{ "type": "Feature", "properties": { "id": "322839836", "name": "nan", "shop": "nan", "highway": "nan", "railway": "nan", "leisure": "nan", "landuse": "nan", "building": "yes" }, "geometry": { "type": "Polygon", "coordinates": [ [ [ 114.1402363, 22.2866135 ], [ 114.1402639, 22.286658 ], [ 114.1402516, 22.2866645 ], [ 114.1402629, 22.2866827 ], [ 114.1402258, 22.2867024 ], [ 114.1402151, 22.2866852 ], [ 114.1401861, 22.2867006 ], [ 114.1401578, 22.2866551 ], [ 114.1402363, 22.2866135 ] ] ] } },
{ "type": "Feature", "properties": { "id": "322839837", "name": "nan", "shop": "nan", "highway": "nan", "railway": "nan", "leisure": "nan", "landuse": "nan", "building": "apartments" }, "geometry": { "type": "Polygon", "coordinates": [ [ [ 114.1378264, 22.2854532 ], [ 114.1378152, 22.2853571 ], [ 114.1377461, 22.2853639 ], [ 114.1377518, 22.2854134 ], [ 114.1377781, 22.2854108 ], [ 114.1377805, 22.2854305 ], [ 114.137789, 22.2854297 ], [ 114.1377922, 22.2854567 ], [ 114.1378264, 22.2854532 ] ] ] } },
{ "type": "Feature", "properties": { "id": "322839838", "name": "nan", "shop": "nan", "highway": "nan", "railway": "nan", "leisure": "nan", "landuse": "nan", "building": "yes" }, "geometry": { "type": "Polygon", "coordinates": [ [ [ 114.1394496, 22.2864261 ], [ 114.1392732, 22.2864235 ], [ 114.1392741, 22.2863668 ], [ 114.1393345, 22.2863677 ], [ 114.1393354, 22.2863179 ], [ 114.1393917, 22.2863187 ], [ 114.1393909, 22.2863684 ], [ 114.1394506, 22.2863693 ], [ 114.1394496, 22.2864261 ] ] ] } },
{ "type": "Feature", "properties": { "id": "322839839", "name": "nan", "shop": "nan", "highway": "nan", "railway": "nan", "leisure": "nan", "landuse": "nan", "building": "apartments" }, "geometry": { "type": "Polygon", "coordinates": [ [ [ 114.1395858, 22.286703 ], [ 114.1397003, 22.286734 ], [ 114.1397134, 22.2866927 ], [ 114.1396815, 22.286684 ], [ 114.1396882, 22.2866628 ], [ 114.139629, 22.2866467 ], [ 114.1396218, 22.2866696 ], [ 114.1395984, 22.2866633 ], [ 114.1395858, 22.286703 ] ] ] } },
{ "type": "Feature", "properties": { "id": "322839840", "name": "nan", "shop": "nan", "highway": "nan", "railway": "nan", "leisure": "nan", "landuse": "nan", "building": "apartments" }, "geometry": { "type": "Polygon", "coordinates": [ [ [ 114.1402914, 22.2868519 ], [ 114.1401953, 22.28684 ], [ 114.1402013, 22.2867983 ], [ 114.1402174, 22.2868002 ], [ 114.1402256, 22.2867433 ], [ 114.1402863, 22.2867507 ], [ 114.1402782, 22.2868067 ], [ 114.1402976, 22.2868091 ], [ 114.1402914, 22.2868519 ] ] ] } },
{ "type": "Feature", "properties": { "id": "322839841", "name": "nan", "shop": "nan", "highway": "nan", "railway": "nan", "leisure": "nan", "landuse": "nan", "building": "apartments" }, "geometry": { "type": "Polygon", "coordinates": [ [ [ 114.1394801, 22.2869129 ], [ 114.1395261, 22.2869253 ], [ 114.1395293, 22.2869152 ], [ 114.1395617, 22.2869239 ], [ 114.1395905, 22.2868328 ], [ 114.1394987, 22.286808 ], [ 114.1394835, 22.2868561 ], [ 114.1394969, 22.2868597 ], [ 114.1394801, 22.2869129 ] ] ] } },
{ "type": "Feature", "properties": { "id": "322839842", "name": "nan", "shop": "nan", "highway": "nan", "railway": "nan", "leisure": "nan", "landuse": "nan", "building": "apartments" }, "geometry": { "type": "Polygon", "coordinates": [ [ [ 114.1395782, 22.2874737 ], [ 114.1395917, 22.2874773 ], [ 114.1396003, 22.2874501 ], [ 114.1396499, 22.2874635 ], [ 114.1396408, 22.2874923 ], [ 114.1396534, 22.2874957 ], [ 114.1396255, 22.2875846 ], [ 114.1395498, 22.2875642 ], [ 114.1395782, 22.2874737 ] ] ] } },
{ "type": "Feature", "properties": { "id": "322839843", "name": "nan", "shop": "nan", "highway": "nan", "railway": "nan", "leisure": "nan", "landuse": "nan", "building": "yes" }, "geometry": { "type": "Polygon", "coordinates": [ [ [ 114.138356, 22.2862007 ], [ 114.1383222, 22.2859406 ], [ 114.1388467, 22.2858742 ], [ 114.1388967, 22.2859515 ], [ 114.1389054, 22.2860072 ], [ 114.1389398, 22.2860881 ], [ 114.1386446, 22.2861319 ], [ 114.1386053, 22.286175 ], [ 114.138356, 22.2862007 ] ] ] } },
{ "type": "Feature", "properties": { "id": "322839844", "name": "nan", "shop": "nan", "highway": "nan", "railway": "nan", "leisure": "nan", "landuse": "nan", "building": "apartments" }, "geometry": { "type": "Polygon", "coordinates": [ [ [ 114.1392592, 22.2857561 ], [ 114.1392556, 22.2857155 ], [ 114.1392658, 22.2857147 ], [ 114.1392612, 22.2856631 ], [ 114.1392856, 22.2856613 ], [ 114.139288, 22.2856885 ], [ 114.1393038, 22.2856873 ], [ 114.1393096, 22.2857523 ], [ 114.1392592, 22.2857561 ] ] ] } },
{ "type": "Feature", "properties": { "id": "322839845", "name": "nan", "shop": "nan", "highway": "nan", "railway": "nan", "leisure": "nan", "landuse": "nan", "building": "yes" }, "geometry": { "type": "Polygon", "coordinates": [ [ [ 114.1395554, 22.286389 ], [ 114.1395989, 22.2864064 ], [ 114.1396243, 22.2863513 ], [ 114.1396375, 22.2863571 ], [ 114.1396712, 22.2862761 ], [ 114.1395877, 22.2862755 ], [ 114.139566, 22.2863278 ], [ 114.1395801, 22.2863333 ], [ 114.1395554, 22.286389 ] ] ] } },
{ "type": "Feature", "properties": { "id": "322839846", "name": "nan", "shop": "nan", "highway": "nan", "railway": "nan", "leisure": "nan", "landuse": "nan", "building": "apartments" }, "geometry": { "type": "Polygon", "coordinates": [ [ [ 114.1390914, 22.2851642 ], [ 114.1391506, 22.2851643 ], [ 114.1391507, 22.2850813 ], [ 114.1390915, 22.2850812 ], [ 114.1390914, 22.285098 ], [ 114.13906, 22.285098 ], [ 114.1390599, 22.2851458 ], [ 114.1390915, 22.2851458 ], [ 114.1390914, 22.2851642 ] ] ] } },
{ "type": "Feature", "properties": { "id": "322839847", "name": "nan", "shop": "nan", "highway": "nan", "railway": "nan", "leisure": "nan", "landuse": "nan", "building": "apartments" }, "geometry": { "type": "Polygon", "coordinates": [ [ [ 114.1397974, 22.287462 ], [ 114.1396144, 22.2874127 ], [ 114.1396299, 22.2873634 ], [ 114.1396916, 22.2873801 ], [ 114.1397051, 22.2873372 ], [ 114.1397628, 22.2873528 ], [ 114.139749, 22.2873966 ], [ 114.1398126, 22.2874137 ], [ 114.1397974, 22.287462 ] ] ] } },
{ "type": "Feature", "properties": { "id": "322839848", "name": "nan", "shop": "nan", "highway": "nan", "railway": "nan", "leisure": "nan", "landuse": "nan", "building": "apartments" }, "geometry": { "type": "Polygon", "coordinates": [ [ [ 114.1403866, 22.285266 ], [ 114.1404731, 22.2852642 ], [ 114.1404746, 22.2853216 ], [ 114.1404578, 22.285322 ], [ 114.1404585, 22.2853484 ], [ 114.1404077, 22.2853495 ], [ 114.1404071, 22.2853233 ], [ 114.1403881, 22.2853237 ], [ 114.1403866, 22.285266 ] ] ] } },
{ "type": "Feature", "properties": { "id": "322839849", "name": "nan", "shop": "nan", "highway": "nan", "railway": "nan", "leisure": "nan", "landuse": "nan", "building": "apartments" }, "geometry": { "type": "Polygon", "coordinates": [ [ [ 114.1395817, 22.285682 ], [ 114.1395773, 22.2856388 ], [ 114.1395326, 22.2856426 ], [ 114.1395285, 22.285602 ], [ 114.1396699, 22.2855898 ], [ 114.1396741, 22.2856314 ], [ 114.1396282, 22.2856354 ], [ 114.1396325, 22.2856776 ], [ 114.1395817, 22.285682 ] ] ] } },
{ "type": "Feature", "properties": { "id": "322839850", "name": "nan", "shop": "nan", "highway": "nan", "railway": "nan", "leisure": "nan", "landuse": "nan", "building": "apartments" }, "geometry": { "type": "Polygon", "coordinates": [ [ [ 114.1400584, 22.2853652 ], [ 114.140052, 22.2853528 ], [ 114.1400521, 22.2853223 ], [ 114.1400566, 22.2853122 ], [ 114.1400555, 22.2852703 ], [ 114.1401598, 22.2852681 ], [ 114.1401615, 22.2853634 ], [ 114.1400945, 22.2853645 ], [ 114.1400584, 22.2853652 ] ] ] } },
{ "type": "Feature", "properties": { "id": "322839851", "name": "nan", "shop": "nan", "highway": "nan", "railway": "nan", "leisure": "nan", "landuse": "nan", "building": "yes" }, "geometry": { "type": "Polygon", "coordinates": [ [ [ 114.1403934, 22.2857453 ], [ 114.1403944, 22.2857805 ], [ 114.1403834, 22.2857807 ], [ 114.1403878, 22.2859433 ], [ 114.1403988, 22.285943 ], [ 114.1404004, 22.2860052 ], [ 114.1404946, 22.286003 ], [ 114.1404929, 22.2859409 ], [ 114.1404885, 22.2857783 ], [ 114.1404876, 22.2857432 ], [ 114.1403934, 22.2857453 ] ] ] } },
{ "type": "Feature", "properties": { "id": "322839852", "name": "nan", "shop": "nan", "highway": "nan", "railway": "nan", "leisure": "nan", "landuse": "nan", "building": "yes" }, "geometry": { "type": "Polygon", "coordinates": [ [ [ 114.1394387, 22.2874057 ], [ 114.1394103, 22.2874941 ], [ 114.139366, 22.2874819 ], [ 114.1393933, 22.2873923 ], [ 114.139429, 22.287286 ], [ 114.1394541, 22.2872077 ], [ 114.1394985, 22.2872199 ], [ 114.1394688, 22.2873121 ], [ 114.1394387, 22.2874057 ] ] ] } },
{ "type": "Feature", "properties": { "id": "322839853", "name": "nan", "shop": "nan", "highway": "nan", "railway": "nan", "leisure": "nan", "landuse": "nan", "building": "yes" }, "geometry": { "type": "Polygon", "coordinates": [ [ [ 114.1357783, 22.2877643 ], [ 114.1357296, 22.2878187 ], [ 114.1356544, 22.2878459 ], [ 114.1355543, 22.2877679 ], [ 114.1355474, 22.2877333 ], [ 114.1355583, 22.2877183 ], [ 114.1356196, 22.2877659 ], [ 114.1357233, 22.2876495 ], [ 114.1357821, 22.2876911 ], [ 114.1357783, 22.2877643 ] ] ] } },
{ "type": "Feature", "properties": { "id": "322839854", "name": "nan", "shop": "nan", "highway": "nan", "railway": "nan", "leisure": "nan", "landuse": "nan", "building": "apartments" }, "geometry": { "type": "Polygon", "coordinates": [ [ [ 114.139011, 22.2853573 ], [ 114.1390125, 22.2851875 ], [ 114.1390789, 22.2851881 ], [ 114.1390783, 22.2852411 ], [ 114.1391191, 22.2852415 ], [ 114.1391185, 22.2852975 ], [ 114.139078, 22.2852971 ], [ 114.1390774, 22.2853483 ], [ 114.139011, 22.2853573 ] ] ] } },
{ "type": "Feature", "properties": { "id": "322839855", "name": "nan", "shop": "nan", "highway": "nan", "railway": "nan", "leisure": "nan", "landuse": "nan", "building": "yes" }, "geometry": { "type": "Polygon", "coordinates": [ [ [ 114.1400046, 22.2864319 ], [ 114.1399928, 22.2864126 ], [ 114.1399836, 22.2864173 ], [ 114.1399658, 22.286388 ], [ 114.139976, 22.2863827 ], [ 114.1399646, 22.286364 ], [ 114.140052, 22.2863185 ], [ 114.140093, 22.2863859 ], [ 114.1400046, 22.2864319 ] ] ] } },
{ "type": "Feature", "properties": { "id": "322839856", "name": "nan", "shop": "nan", "highway": "nan", "railway": "nan", "leisure": "nan", "landuse": "nan", "building": "apartments" }, "geometry": { "type": "Polygon", "coordinates": [ [ [ 114.1390295, 22.2855391 ], [ 114.1390847, 22.285458 ], [ 114.1390728, 22.2854505 ], [ 114.138994, 22.2853991 ], [ 114.1389746, 22.2854027 ], [ 114.1389388, 22.2854504 ], [ 114.13894, 22.2854839 ], [ 114.1390164, 22.285531 ], [ 114.1390295, 22.2855391 ] ] ] } },
{ "type": "Feature", "properties": { "id": "322839857", "name": "nan", "shop": "nan", "highway": "nan", "railway": "nan", "leisure": "nan", "landuse": "nan", "building": "apartments" }, "geometry": { "type": "Polygon", "coordinates": [ [ [ 114.140327, 22.286533 ], [ 114.1403253, 22.2864706 ], [ 114.1403251, 22.2864656 ], [ 114.1403471, 22.286465 ], [ 114.1403462, 22.2864335 ], [ 114.140407, 22.2864319 ], [ 114.1404079, 22.2864625 ], [ 114.1404227, 22.2864621 ], [ 114.1404236, 22.2864909 ], [ 114.1404249, 22.2865301 ], [ 114.140327, 22.286533 ] ] ] } },
{ "type": "Feature", "properties": { "id": "322839858", "name": "nan", "shop": "nan", "highway": "nan", "railway": "nan", "leisure": "nan", "landuse": "nan", "building": "apartments" }, "geometry": { "type": "Polygon", "coordinates": [ [ [ 114.1387977, 22.2866759 ], [ 114.1387998, 22.286669 ], [ 114.1388114, 22.2866301 ], [ 114.1388665, 22.2866442 ], [ 114.1388529, 22.2866896 ], [ 114.1388469, 22.2866881 ], [ 114.1388366, 22.2867225 ], [ 114.1387937, 22.2867114 ], [ 114.1388039, 22.2866775 ], [ 114.1387977, 22.2866759 ] ] ] } },
{ "type": "Feature", "properties": { "id": "322839859", "name": "nan", "shop": "nan", "highway": "nan", "railway": "nan", "leisure": "nan", "landuse": "nan", "building": "apartments" }, "geometry": { "type": "Polygon", "coordinates": [ [ [ 114.1400264, 22.2867597 ], [ 114.1400472, 22.286762 ], [ 114.1400503, 22.2867367 ], [ 114.1401074, 22.2867426 ], [ 114.1401043, 22.2867726 ], [ 114.1401218, 22.2867748 ], [ 114.1401135, 22.2868421 ], [ 114.1400181, 22.286819 ], [ 114.1400264, 22.2867597 ] ] ] } },
{ "type": "Feature", "properties": { "id": "322839860", "name": "nan", "shop": "nan", "highway": "nan", "railway": "nan", "leisure": "nan", "landuse": "nan", "building": "apartments" }, "geometry": { "type": "Polygon", "coordinates": [ [ [ 114.1398568, 22.2867719 ], [ 114.1398651, 22.2867255 ], [ 114.1398824, 22.2867296 ], [ 114.1398874, 22.2866948 ], [ 114.139934, 22.2867046 ], [ 114.1399287, 22.2867407 ], [ 114.139946, 22.2867448 ], [ 114.1399386, 22.2867923 ], [ 114.1398568, 22.2867719 ] ] ] } },
{ "type": "Feature", "properties": { "id": "322839861", "name": "nan", "shop": "nan", "highway": "nan", "railway": "nan", "leisure": "nan", "landuse": "nan", "building": "apartments" }, "geometry": { "type": "Polygon", "coordinates": [ [ [ 114.139615, 22.2861024 ], [ 114.1396093, 22.2860561 ], [ 114.1397579, 22.2860404 ], [ 114.1397638, 22.2860877 ], [ 114.1397176, 22.2860924 ], [ 114.1397223, 22.2861303 ], [ 114.1396594, 22.2861369 ], [ 114.1396545, 22.2860982 ], [ 114.139615, 22.2861024 ] ] ] } },
{ "type": "Feature", "properties": { "id": "322839862", "name": "nan", "shop": "nan", "highway": "nan", "railway": "nan", "leisure": "nan", "landuse": "nan", "building": "apartments" }, "geometry": { "type": "Polygon", "coordinates": [ [ [ 114.1406311, 22.2852758 ], [ 114.1406026, 22.2852768 ], [ 114.1406017, 22.2852557 ], [ 114.1405542, 22.2852574 ], [ 114.140555, 22.2852821 ], [ 114.1405054, 22.2852839 ], [ 114.140511, 22.2854153 ], [ 114.1406366, 22.2854109 ], [ 114.1406311, 22.2852758 ] ] ] } },
{ "type": "Feature", "properties": { "id": "322839863", "name": "nan", "shop": "nan", "highway": "nan", "railway": "nan", "leisure": "nan", "landuse": "nan", "building": "apartments" }, "geometry": { "type": "Polygon", "coordinates": [ [ [ 114.1395741, 22.2866204 ], [ 114.1396074, 22.2866302 ], [ 114.139584, 22.2867035 ], [ 114.1395203, 22.2866853 ], [ 114.1395438, 22.2866117 ], [ 114.1395517, 22.2866139 ], [ 114.139557, 22.2865972 ], [ 114.1395795, 22.2866034 ], [ 114.1395741, 22.2866204 ] ] ] } },
{ "type": "Feature", "properties": { "id": "322839865", "name": "nan", "shop": "nan", "highway": "nan", "railway": "nan", "leisure": "nan", "landuse": "nan", "building": "yes" }, "geometry": { "type": "Polygon", "coordinates": [ [ [ 114.1392602, 22.2855917 ], [ 114.1392425, 22.2854327 ], [ 114.1392797, 22.2854289 ], [ 114.139272, 22.285357 ], [ 114.139271, 22.2853477 ], [ 114.1391808, 22.2853573 ], [ 114.139164, 22.2853975 ], [ 114.1390774, 22.2855863 ], [ 114.139064, 22.2856115 ], [ 114.1392602, 22.2855917 ] ] ] } },
{ "type": "Feature", "properties": { "id": "322839866", "name": "nan", "shop": "nan", "highway": "nan", "railway": "nan", "leisure": "nan", "landuse": "nan", "building": "apartments" }, "geometry": { "type": "Polygon", "coordinates": [ [ [ 114.1402321, 22.2858727 ], [ 114.1402312, 22.2858387 ], [ 114.1401863, 22.2858397 ], [ 114.1401849, 22.2857897 ], [ 114.14023, 22.2857887 ], [ 114.1402289, 22.285748 ], [ 114.1402992, 22.2857464 ], [ 114.1403026, 22.285871 ], [ 114.1402321, 22.2858727 ] ] ] } },
{ "type": "Feature", "properties": { "id": "322839868", "name": "nan", "shop": "nan", "highway": "nan", "railway": "nan", "leisure": "nan", "landuse": "nan", "building": "yes" }, "geometry": { "type": "Polygon", "coordinates": [ [ [ 114.1400294, 22.2864873 ], [ 114.1400357, 22.2864975 ], [ 114.1401203, 22.2864526 ], [ 114.1400831, 22.2863926 ], [ 114.1399985, 22.2864375 ], [ 114.1400046, 22.2864473 ], [ 114.1399948, 22.2864525 ], [ 114.1400196, 22.2864925 ], [ 114.1400294, 22.2864873 ] ] ] } },
{ "type": "Feature", "properties": { "id": "322839869", "name": "nan", "shop": "nan", "highway": "nan", "railway": "nan", "leisure": "nan", "landuse": "nan", "building": "yes" }, "geometry": { "type": "Polygon", "coordinates": [ [ [ 114.1400632, 22.286602 ], [ 114.1400955, 22.286655 ], [ 114.140153, 22.286625 ], [ 114.1401671, 22.2866483 ], [ 114.1402348, 22.286613 ], [ 114.1401758, 22.2865161 ], [ 114.1401078, 22.2865516 ], [ 114.1401203, 22.2865722 ], [ 114.1400632, 22.286602 ] ] ] } },
{ "type": "Feature", "properties": { "id": "322839870", "name": "Courtyard Marriot", "shop": "nan", "highway": "nan", "railway": "nan", "leisure": "nan", "landuse": "nan", "building": "hotel" }, "geometry": { "type": "Polygon", "coordinates": [ [ [ 114.138763, 22.2878402 ], [ 114.1388876, 22.2878729 ], [ 114.1388957, 22.2878484 ], [ 114.1389903, 22.2878753 ], [ 114.1389531, 22.2879874 ], [ 114.1389141, 22.2879768 ], [ 114.138905, 22.288002 ], [ 114.1388626, 22.2880323 ], [ 114.1387159, 22.2879914 ], [ 114.138763, 22.2878402 ] ] ] } },
{ "type": "Feature", "properties": { "id": "322839871", "name": "nan", "shop": "nan", "highway": "nan", "railway": "nan", "leisure": "nan", "landuse": "nan", "building": "apartments" }, "geometry": { "type": "Polygon", "coordinates": [ [ [ 114.1397076, 22.2870217 ], [ 114.1397241, 22.287026 ], [ 114.1398655, 22.2870645 ], [ 114.1398495, 22.2871148 ], [ 114.1397981, 22.2871009 ], [ 114.1398019, 22.2870888 ], [ 114.1397446, 22.2870732 ], [ 114.1397408, 22.2870854 ], [ 114.1396916, 22.2870721 ], [ 114.1397076, 22.2870217 ] ] ] } },
{ "type": "Feature", "properties": { "id": "322839872", "name": "nan", "shop": "nan", "highway": "nan", "railway": "nan", "leisure": "nan", "landuse": "nan", "building": "apartments" }, "geometry": { "type": "Polygon", "coordinates": [ [ [ 114.1388383, 22.2867385 ], [ 114.1389171, 22.2867587 ], [ 114.1389453, 22.2866643 ], [ 114.1388665, 22.2866442 ], [ 114.1388529, 22.2866896 ], [ 114.1388383, 22.2867385 ] ] ] } },
{ "type": "Feature", "properties": { "id": "322839873", "name": "nan", "shop": "nan", "highway": "nan", "railway": "nan", "leisure": "nan", "landuse": "nan", "building": "yes" }, "geometry": { "type": "Polygon", "coordinates": [ [ [ 114.1377546, 22.2858513 ], [ 114.1377539, 22.2858418 ], [ 114.1377453, 22.2857229 ], [ 114.137651, 22.2857292 ], [ 114.1376331, 22.2855422 ], [ 114.1378727, 22.2855184 ], [ 114.1378837, 22.2856569 ], [ 114.1381774, 22.2856323 ], [ 114.1381982, 22.2858448 ], [ 114.1378657, 22.2858732 ], [ 114.1377546, 22.2858513 ] ] ] } },
{ "type": "Feature", "properties": { "id": "322839875", "name": "nan", "shop": "nan", "highway": "nan", "railway": "nan", "leisure": "nan", "landuse": "nan", "building": "yes" }, "geometry": { "type": "Polygon", "coordinates": [ [ [ 114.1374411, 22.2849205 ], [ 114.1374434, 22.284903 ], [ 114.1374519, 22.2848849 ], [ 114.1379965, 22.2848619 ], [ 114.1380064, 22.2850736 ], [ 114.1380115, 22.2852155 ], [ 114.1378927, 22.2851922 ], [ 114.137839, 22.2851785 ], [ 114.1377889, 22.2851677 ], [ 114.1377471, 22.2851483 ], [ 114.137667, 22.2851165 ], [ 114.137601, 22.2850851 ], [ 114.13754, 22.2850489 ], [ 114.1375099, 22.2850276 ], [ 114.137477, 22.2849983 ], [ 114.1374618, 22.2849783 ], [ 114.1374505, 22.2849572 ], [ 114.1374442, 22.2849398 ], [ 114.1374417, 22.2849293 ], [ 114.1374411, 22.2849205 ] ] ] } },
{ "type": "Feature", "properties": { "id": "322839876", "name": "nan", "shop": "nan", "highway": "nan", "railway": "nan", "leisure": "nan", "landuse": "nan", "building": "school" }, "geometry": { "type": "Polygon", "coordinates": [ [ [ 114.1382535, 22.2847894 ], [ 114.1382945, 22.2848596 ], [ 114.1383093, 22.2848833 ], [ 114.1383164, 22.2848953 ], [ 114.1384246, 22.2850501 ], [ 114.1384717, 22.2851177 ], [ 114.1385835, 22.2850504 ], [ 114.1384235, 22.2847902 ], [ 114.1383777, 22.2847225 ], [ 114.1383659, 22.2847293 ], [ 114.1383457, 22.2847404 ], [ 114.1383496, 22.2847475 ], [ 114.1382935, 22.2847797 ], [ 114.1382906, 22.2847769 ], [ 114.1382535, 22.2847894 ] ] ] } },
{ "type": "Feature", "properties": { "id": "323742603", "name": "天主教鮑思高慈幼會會區辦事處 Salesians of Don Bosco Provincial Office", "shop": "nan", "highway": "nan", "railway": "nan", "leisure": "nan", "landuse": "nan", "building": "yes" }, "geometry": { "type": "Polygon", "coordinates": [ [ [ 114.1369476, 22.2846434 ], [ 114.136999, 22.2846061 ], [ 114.1369655, 22.2845691 ], [ 114.136975, 22.2845545 ], [ 114.1369839, 22.2845409 ], [ 114.1369963, 22.2845217 ], [ 114.1370849, 22.2846517 ], [ 114.1371051, 22.2846813 ], [ 114.1370996, 22.2846848 ], [ 114.1370751, 22.2847002 ], [ 114.1370386, 22.28467 ], [ 114.1369925, 22.2846755 ], [ 114.1369776, 22.2847016 ], [ 114.1369476, 22.2846434 ] ] ] } },
{ "type": "Feature", "properties": { "id": "323742604", "name": "石塘咀市政大廈 Shek Tong Tsui Municipal Services Building", "shop": "nan", "highway": "nan", "railway": "nan", "leisure": "nan", "landuse": "nan", "building": "civic" }, "geometry": { "type": "Polygon", "coordinates": [ [ [ 114.1358807, 22.2854556 ], [ 114.1359236, 22.2853861 ], [ 114.1359182, 22.2853662 ], [ 114.1359535, 22.2853584 ], [ 114.1359818, 22.2853521 ], [ 114.1360746, 22.2853317 ], [ 114.1361076, 22.285323 ], [ 114.1362152, 22.2853004 ], [ 114.1361974, 22.2852296 ], [ 114.1362479, 22.2852195 ], [ 114.1362547, 22.2852494 ], [ 114.1362586, 22.2852642 ], [ 114.136368, 22.2856864 ], [ 114.1363723, 22.2857029 ], [ 114.1363125, 22.2857143 ], [ 114.1363069, 22.28569 ], [ 114.1362626, 22.2856993 ], [ 114.1361982, 22.2857128 ], [ 114.1361314, 22.2857269 ], [ 114.1360645, 22.2857409 ], [ 114.1359936, 22.2857558 ], [ 114.1359652, 22.2857618 ], [ 114.1359725, 22.2857903 ], [ 114.1359181, 22.2858027 ], [ 114.1358292, 22.2854679 ], [ 114.1358462, 22.2854638 ], [ 114.1358807, 22.2854556 ] ] ] } },
{ "type": "Feature", "properties": { "id": "342121606", "name": "2座 Tower 2", "shop": "nan", "highway": "nan", "railway": "nan", "leisure": "nan", "landuse": "nan", "building": "apartments" }, "geometry": { "type": "Polygon", "coordinates": [ [ [ 114.1426806, 22.2864456 ], [ 114.1426978, 22.2864451 ], [ 114.1426981, 22.2864536 ], [ 114.1427483, 22.286452 ], [ 114.1427482, 22.2864502 ], [ 114.1427742, 22.2864494 ], [ 114.142774, 22.2864426 ], [ 114.1428544, 22.28644 ], [ 114.1428528, 22.2863969 ], [ 114.14283, 22.2863977 ], [ 114.1428294, 22.2863827 ], [ 114.1427744, 22.2863845 ], [ 114.142774, 22.2863733 ], [ 114.1427456, 22.2863742 ], [ 114.1427447, 22.2863502 ], [ 114.1427604, 22.2863497 ], [ 114.1427607, 22.2863557 ], [ 114.1427939, 22.2863546 ], [ 114.1427937, 22.2863477 ], [ 114.1428239, 22.2863468 ], [ 114.1428231, 22.2863249 ], [ 114.1428388, 22.2863244 ], [ 114.1428375, 22.2862873 ], [ 114.1427914, 22.2862888 ], [ 114.1427911, 22.2862805 ], [ 114.142757, 22.2862816 ], [ 114.1427574, 22.2862911 ], [ 114.1427436, 22.2862916 ], [ 114.1427433, 22.2862821 ], [ 114.1426894, 22.2862838 ], [ 114.1426911, 22.2863298 ], [ 114.1426605, 22.2863307 ], [ 114.1426601, 22.2863196 ], [ 114.1426789, 22.286319 ], [ 114.1426776, 22.2862841 ], [ 114.1426013, 22.2862866 ], [ 114.142602, 22.2863067 ], [ 114.1425872, 22.2863071 ], [ 114.1425864, 22.286287 ], [ 114.1425509, 22.2862882 ], [ 114.1425513, 22.2862977 ], [ 114.1424828, 22.2862999 ], [ 114.1424844, 22.2863422 ], [ 114.1425062, 22.2863415 ], [ 114.1425068, 22.2863561 ], [ 114.1425556, 22.2863545 ], [ 114.1425554, 22.2863497 ], [ 114.1425925, 22.2863485 ], [ 114.1425933, 22.2863689 ], [ 114.1426084, 22.2863685 ], [ 114.142609, 22.2863845 ], [ 114.1425939, 22.286385 ], [ 114.1425942, 22.286394 ], [ 114.1425527, 22.2863953 ], [ 114.1425529, 22.2863995 ], [ 114.1425298, 22.2864002 ], [ 114.1425302, 22.2864093 ], [ 114.1424991, 22.2864103 ], [ 114.1425006, 22.2864515 ], [ 114.1425843, 22.2864489 ], [ 114.1425846, 22.2864581 ], [ 114.1426159, 22.2864571 ], [ 114.1426152, 22.2864403 ], [ 114.1426515, 22.2864392 ], [ 114.1426522, 22.286456 ], [ 114.142681, 22.2864551 ], [ 114.1426806, 22.2864456 ] ] ] } },
{ "type": "Feature", "properties": { "id": "342121607", "name": "1座 Tower 1", "shop": "nan", "highway": "nan", "railway": "nan", "leisure": "nan", "landuse": "nan", "building": "apartments" }, "geometry": { "type": "Polygon", "coordinates": [ [ [ 114.1431051, 22.2863489 ], [ 114.1431056, 22.2863628 ], [ 114.1430772, 22.2863637 ], [ 114.1430776, 22.2863749 ], [ 114.1430226, 22.2863766 ], [ 114.1430232, 22.2863916 ], [ 114.1430003, 22.2863923 ], [ 114.1430019, 22.2864353 ], [ 114.1430823, 22.2864328 ], [ 114.1430827, 22.2864423 ], [ 114.1431125, 22.2864413 ], [ 114.1431119, 22.2864246 ], [ 114.1431272, 22.2864241 ], [ 114.1431279, 22.2864434 ], [ 114.1431568, 22.2864425 ], [ 114.1431563, 22.2864306 ], [ 114.1431734, 22.28643 ], [ 114.1431738, 22.2864394 ], [ 114.143224, 22.2864378 ], [ 114.1432234, 22.2864211 ], [ 114.1432405, 22.2864206 ], [ 114.1432412, 22.2864391 ], [ 114.1432724, 22.2864381 ], [ 114.143272, 22.2864271 ], [ 114.1433557, 22.2864244 ], [ 114.1433542, 22.2863833 ], [ 114.1433231, 22.2863843 ], [ 114.1433228, 22.2863752 ], [ 114.1432997, 22.2863759 ], [ 114.1432995, 22.286369 ], [ 114.143248, 22.2863707 ], [ 114.1432477, 22.2863608 ], [ 114.1432214, 22.2863617 ], [ 114.1432202, 22.2863302 ], [ 114.1432337, 22.2863297 ], [ 114.1432341, 22.2863423 ], [ 114.1432697, 22.2863411 ], [ 114.1432693, 22.2863327 ], [ 114.1432996, 22.2863317 ], [ 114.1432991, 22.2863195 ], [ 114.1432988, 22.2863098 ], [ 114.1433145, 22.2863093 ], [ 114.1433131, 22.2862723 ], [ 114.1432671, 22.2862737 ], [ 114.1432668, 22.2862655 ], [ 114.1432327, 22.2862666 ], [ 114.143233, 22.2862761 ], [ 114.1432193, 22.2862765 ], [ 114.1432189, 22.286267 ], [ 114.1431651, 22.2862687 ], [ 114.1431668, 22.2863147 ], [ 114.1431362, 22.2863157 ], [ 114.1431357, 22.2863045 ], [ 114.1431545, 22.2863039 ], [ 114.1431532, 22.2862691 ], [ 114.1430769, 22.2862715 ], [ 114.1430777, 22.2862916 ], [ 114.1430629, 22.2862921 ], [ 114.1430621, 22.286272 ], [ 114.1430266, 22.2862731 ], [ 114.1430269, 22.2862826 ], [ 114.1429585, 22.2862848 ], [ 114.1429601, 22.2863272 ], [ 114.1429819, 22.2863265 ], [ 114.1429825, 22.2863411 ], [ 114.1430312, 22.2863395 ], [ 114.1430311, 22.2863347 ], [ 114.1430463, 22.2863342 ], [ 114.1430469, 22.2863507 ], [ 114.1431051, 22.2863489 ] ] ] } },
{ "type": "Feature", "properties": { "id": "342121608", "name": "華美達海景酒店 Ramada Hong Kong Harbour View", "shop": "nan", "highway": "nan", "railway": "nan", "leisure": "nan", "landuse": "nan", "building": "hotel" }, "geometry": { "type": "Polygon", "coordinates": [ [ [ 114.1436834, 22.2870961 ], [ 114.1433632, 22.2871063 ], [ 114.1433609, 22.2870572 ], [ 114.1433573, 22.286958 ], [ 114.1436779, 22.286948 ], [ 114.1436816, 22.2870471 ], [ 114.1436834, 22.2870961 ] ] ] } },
{ "type": "Feature", "properties": { "id": "343405531", "name": "水務署西營盤食水抽水站 Water Supplies Department Sai Ying Pun Freshwater Pumping Station", "shop": "nan", "highway": "nan", "railway": "nan", "leisure": "nan", "landuse": "nan", "building": "yes" }, "geometry": { "type": "Polygon", "coordinates": [ [ [ 114.138241, 22.2886558 ], [ 114.1380973, 22.2886199 ], [ 114.1381831, 22.2883256 ], [ 114.1383269, 22.2883616 ], [ 114.138241, 22.2886558 ] ] ] } },
{ "type": "Feature", "properties": { "id": "352300928", "name": "nan", "shop": "nan", "highway": "nan", "railway": "nan", "leisure": "nan", "landuse": "nan", "building": "yes" }, "geometry": { "type": "Polygon", "coordinates": [ [ [ 114.1345974, 22.2887174 ], [ 114.1346376, 22.2885811 ], [ 114.1347265, 22.2886035 ], [ 114.1346862, 22.2887399 ], [ 114.1345974, 22.2887174 ] ] ] } },
{ "type": "Feature", "properties": { "id": "352300930", "name": "西區公眾貨物裝卸區行政大樓 Administration Building", "shop": "nan", "highway": "nan", "railway": "nan", "leisure": "nan", "landuse": "nan", "building": "office" }, "geometry": { "type": "Polygon", "coordinates": [ [ [ 114.1345729, 22.2888734 ], [ 114.1345904, 22.2888196 ], [ 114.1346215, 22.2888266 ], [ 114.1346081, 22.2888738 ], [ 114.1346403, 22.2888812 ], [ 114.1346027, 22.2890153 ], [ 114.1345731, 22.2890078 ], [ 114.1345786, 22.2889904 ], [ 114.1345225, 22.2889786 ], [ 114.134554, 22.2888686 ], [ 114.1345729, 22.2888734 ] ] ] } },
{ "type": "Feature", "properties": { "id": "390554535", "name": "明華綜合大樓 Meng Wah Complex", "shop": "nan", "highway": "nan", "railway": "nan", "leisure": "nan", "landuse": "nan", "building": "university" }, "geometry": { "type": "Polygon", "coordinates": [ [ [ 114.1392421, 22.2823893 ], [ 114.1393439, 22.2823858 ], [ 114.139351, 22.2825666 ], [ 114.139251, 22.2825706 ], [ 114.1390353, 22.2825791 ], [ 114.1389663, 22.2825808 ], [ 114.1389598, 22.282399 ], [ 114.1390862, 22.2823947 ], [ 114.1390856, 22.2823662 ], [ 114.1390853, 22.2823529 ], [ 114.1390842, 22.2822981 ], [ 114.138966, 22.2823019 ], [ 114.1389591, 22.2821147 ], [ 114.1393873, 22.2821011 ], [ 114.1393942, 22.2822883 ], [ 114.1392391, 22.2822932 ], [ 114.1392408, 22.2823492 ], [ 114.1392421, 22.2823893 ] ] ] } },
{ "type": "Feature", "properties": { "id": "390554537", "name": "大學道一號 University Lodge", "shop": "nan", "highway": "nan", "railway": "nan", "leisure": "nan", "landuse": "nan", "building": "house" }, "geometry": { "type": "Polygon", "coordinates": [ [ [ 114.1398831, 22.2815853 ], [ 114.1398865, 22.2815245 ], [ 114.1398974, 22.2814943 ], [ 114.1399235, 22.2814611 ], [ 114.1399536, 22.2814386 ], [ 114.1399997, 22.281419 ], [ 114.1400551, 22.2814078 ], [ 114.1400785, 22.281406 ], [ 114.1400936, 22.281396 ], [ 114.1401234, 22.2813039 ], [ 114.1402481, 22.2813352 ], [ 114.1402154, 22.2814353 ], [ 114.140154, 22.2814208 ], [ 114.140146, 22.2814493 ], [ 114.1401637, 22.2814651 ], [ 114.1401724, 22.2814839 ], [ 114.1401728, 22.2815105 ], [ 114.1401614, 22.281534 ], [ 114.1401422, 22.2815504 ], [ 114.1401204, 22.2815552 ], [ 114.1401189, 22.281588 ], [ 114.1398831, 22.2815853 ] ] ] } },
{ "type": "Feature", "properties": { "id": "405797546", "name": "第二街公共浴室 Second Street Public Bathhouse", "shop": "nan", "highway": "nan", "railway": "nan", "leisure": "nan", "landuse": "nan", "building": "yes" }, "geometry": { "type": "Polygon", "coordinates": [ [ [ 114.1408039, 22.2861072 ], [ 114.1408045, 22.2861224 ], [ 114.1408049, 22.2861346 ], [ 114.1408058, 22.2861586 ], [ 114.1411072, 22.2861486 ], [ 114.1411052, 22.2860975 ], [ 114.1408039, 22.2861072 ] ] ] } },
{ "type": "Feature", "properties": { "id": "407885736", "name": "nan", "shop": "nan", "highway": "nan", "railway": "nan", "leisure": "nan", "landuse": "nan", "building": "train_station" }, "geometry": { "type": "Polygon", "coordinates": [ [ [ 114.1359056, 22.284101 ], [ 114.1358747, 22.284438 ], [ 114.1359621, 22.2844449 ], [ 114.1359894, 22.2844606 ], [ 114.136797, 22.2850338 ], [ 114.1369, 22.2851077 ], [ 114.1368646, 22.2855019 ], [ 114.1368501, 22.2856628 ], [ 114.1368203, 22.2856593 ], [ 114.1367893, 22.2856563 ], [ 114.136791, 22.2856368 ], [ 114.1368036, 22.285497 ], [ 114.1368201, 22.2853035 ], [ 114.1368347, 22.2851332 ], [ 114.1359572, 22.2844983 ], [ 114.1358698, 22.2844914 ], [ 114.1358327, 22.284895 ], [ 114.1356459, 22.2853982 ], [ 114.135154, 22.285494 ], [ 114.1351857, 22.2856333 ], [ 114.1351513, 22.28564 ], [ 114.1351169, 22.2856467 ], [ 114.1350852, 22.2855074 ], [ 114.1350725, 22.2854517 ], [ 114.1356063, 22.2853478 ], [ 114.135664, 22.285184 ], [ 114.1357681, 22.2848883 ], [ 114.1358402, 22.2840956 ], [ 114.1348642, 22.2840138 ], [ 114.1348464, 22.2841922 ], [ 114.1345787, 22.284172 ], [ 114.1345637, 22.2844092 ], [ 114.1345052, 22.2844258 ], [ 114.1345214, 22.2841682 ], [ 114.133925, 22.2841272 ], [ 114.1338918, 22.2841451 ], [ 114.1328118, 22.2853788 ], [ 114.1327335, 22.2854889 ], [ 114.1326674, 22.2857196 ], [ 114.1326675, 22.2859005 ], [ 114.1326439, 22.2859012 ], [ 114.1326224, 22.2859019 ], [ 114.1326241, 22.2857216 ], [ 114.1326834, 22.2854942 ], [ 114.1326868, 22.2854812 ], [ 114.1327772, 22.2853529 ], [ 114.1338575, 22.2841194 ], [ 114.1339175, 22.2840844 ], [ 114.1347228, 22.2841407 ], [ 114.1348026, 22.2841473 ], [ 114.1348153, 22.2840098 ], [ 114.1346912, 22.2839993 ], [ 114.134711, 22.2837964 ], [ 114.1359177, 22.2838974 ], [ 114.1359379, 22.2838139 ], [ 114.1367374, 22.2836856 ], [ 114.1367142, 22.2835019 ], [ 114.1367412, 22.2835001 ], [ 114.136765, 22.2834986 ], [ 114.1367921, 22.283731 ], [ 114.1359949, 22.2838595 ], [ 114.1359834, 22.2839029 ], [ 114.1360638, 22.2839097 ], [ 114.1360439, 22.2841125 ], [ 114.1359056, 22.284101 ] ] ] } },
{ "type": "Feature", "properties": { "id": "448041645", "name": "克頓道1號食水配水庫 Hatton Road No. 1 Fresh Water Service Reservoir", "shop": "nan", "highway": "nan", "railway": "nan", "leisure": "nan", "landuse": "nan", "building": "service" }, "geometry": { "type": "Polygon", "coordinates": [ [ [ 114.1397614, 22.2779876 ], [ 114.1400118, 22.2782567 ], [ 114.1401439, 22.2781515 ], [ 114.1398936, 22.2778823 ], [ 114.1397614, 22.2779876 ] ] ] } },
{ "type": "Feature", "properties": { "id": "448041646", "name": "克頓道食水配水庫 Hatton Road Fresh Water Service Reservoir", "shop": "nan", "highway": "nan", "railway": "nan", "leisure": "nan", "landuse": "nan", "building": "service" }, "geometry": { "type": "Polygon", "coordinates": [ [ [ 114.1401319, 22.2786733 ], [ 114.1403289, 22.2786678 ], [ 114.1403182, 22.2783396 ], [ 114.1401211, 22.2783452 ], [ 114.1401319, 22.2786733 ] ] ] } },
{ "type": "Feature", "properties": { "id": "448041647", "name": "克頓道2號食水配水庫 Hatton Road No. 2 Fresh Water Service Reservoir", "shop": "nan", "highway": "nan", "railway": "nan", "leisure": "nan", "landuse": "nan", "building": "service" }, "geometry": { "type": "Polygon", "coordinates": [ [ [ 114.1402323, 22.2788239 ], [ 114.1403614, 22.2787163 ], [ 114.1406088, 22.2789706 ], [ 114.1404797, 22.2790781 ], [ 114.1402323, 22.2788239 ] ] ] } },
{ "type": "Feature", "properties": { "id": "448041648", "name": "山頂二號食水配水庫 Peak No.2 Fresh Water Service Reservoir", "shop": "nan", "highway": "nan", "railway": "nan", "leisure": "nan", "landuse": "nan", "building": "service" }, "geometry": { "type": "Polygon", "coordinates": [ [ [ 114.1448038, 22.2755274 ], [ 114.1449934, 22.275598 ], [ 114.1450658, 22.275447 ], [ 114.1448664, 22.2753774 ], [ 114.1448038, 22.2755274 ] ] ] } },
{ "type": "Feature", "properties": { "id": "448041649", "name": "維多利亞山頂無線電台辦公室 Victoria Peak Radio Station Office", "shop": "nan", "highway": "nan", "railway": "nan", "leisure": "nan", "landuse": "nan", "building": "yes" }, "geometry": { "type": "Polygon", "coordinates": [ [ [ 114.1445481, 22.275739 ], [ 114.1446346, 22.2757744 ], [ 114.1446284, 22.2757861 ], [ 114.1445519, 22.2759312 ], [ 114.1444707, 22.2759005 ], [ 114.1445481, 22.275739 ] ] ] } },
{ "type": "Feature", "properties": { "id": "448041655", "name": "克頓道海水配水庫 Hatton Road Salt Water Service Reservoir", "shop": "nan", "highway": "nan", "railway": "nan", "leisure": "nan", "landuse": "nan", "building": "service" }, "geometry": { "type": "Polygon", "coordinates": [ [ [ 114.137261, 22.2797297 ], [ 114.1375653, 22.2797517 ], [ 114.137667, 22.2796657 ], [ 114.1375684, 22.2795183 ], [ 114.1374687, 22.2795543 ], [ 114.1373066, 22.2795325 ], [ 114.137261, 22.2797297 ] ] ] } },
{ "type": "Feature", "properties": { "id": "448042970", "name": "旭龢道食水配水庫 Kotewall Road Fresh Water Service Reservoir", "shop": "nan", "highway": "nan", "railway": "nan", "leisure": "nan", "landuse": "nan", "building": "service" }, "geometry": { "type": "Polygon", "coordinates": [ [ [ 114.1385016, 22.2811058 ], [ 114.1392052, 22.2812678 ], [ 114.1392507, 22.2810986 ], [ 114.1390109, 22.2810434 ], [ 114.1388956, 22.2809206 ], [ 114.1385715, 22.280846 ], [ 114.1385016, 22.2811058 ] ] ] } },
{ "type": "Feature", "properties": { "id": "448042971", "name": "旭龢道食水抽水站 Kotewall Road Fresh Water Pumping Station", "shop": "nan", "highway": "nan", "railway": "nan", "leisure": "nan", "landuse": "nan", "building": "service" }, "geometry": { "type": "Polygon", "coordinates": [ [ [ 114.1392481, 22.2813238 ], [ 114.1393632, 22.2813669 ], [ 114.1394302, 22.2812135 ], [ 114.1393507, 22.2811838 ], [ 114.139333, 22.2812243 ], [ 114.1392974, 22.281211 ], [ 114.1392481, 22.2813238 ] ] ] } },
{ "type": "Feature", "properties": { "id": "448042972", "name": "香港寶珊地震站 Hong Kong Po Shan Seismograph Station", "shop": "nan", "highway": "nan", "railway": "nan", "leisure": "nan", "landuse": "nan", "building": "industrial" }, "geometry": { "type": "Polygon", "coordinates": [ [ [ 114.1416245, 22.280064 ], [ 114.1416556, 22.2799945 ], [ 114.1417617, 22.2800352 ], [ 114.1417306, 22.2801047 ], [ 114.1416245, 22.280064 ] ] ] } },
{ "type": "Feature", "properties": { "id": "448058507", "name": "nan", "shop": "nan", "highway": "nan", "railway": "nan", "leisure": "nan", "landuse": "nan", "building": "yes" }, "geometry": { "type": "Polygon", "coordinates": [ [ [ 114.1443683, 22.2759054 ], [ 114.1444347, 22.2759161 ], [ 114.1444861, 22.275714 ], [ 114.1444189, 22.2757023 ], [ 114.1443683, 22.2759054 ] ] ] } },
{ "type": "Feature", "properties": { "id": "448058508", "name": "nan", "shop": "nan", "highway": "nan", "railway": "nan", "leisure": "nan", "landuse": "nan", "building": "yes" }, "geometry": { "type": "Polygon", "coordinates": [ [ [ 114.1444963, 22.2759728 ], [ 114.1445485, 22.2759957 ], [ 114.1445699, 22.2759545 ], [ 114.1445192, 22.2759324 ], [ 114.1444963, 22.2759728 ] ] ] } },
{ "type": "Feature", "properties": { "id": "448058510", "name": "nan", "shop": "nan", "highway": "nan", "railway": "nan", "leisure": "nan", "landuse": "nan", "building": "yes" }, "geometry": { "type": "Polygon", "coordinates": [ [ [ 114.1447302, 22.2763944 ], [ 114.1447744, 22.2763958 ], [ 114.144776, 22.2763527 ], [ 114.1447318, 22.2763513 ], [ 114.1447302, 22.2763944 ] ] ] } },
{ "type": "Feature", "properties": { "id": "448058511", "name": "nan", "shop": "nan", "highway": "nan", "railway": "nan", "leisure": "nan", "landuse": "nan", "building": "yes" }, "geometry": { "type": "Polygon", "coordinates": [ [ [ 114.1438478, 22.2758286 ], [ 114.1438519, 22.2757762 ], [ 114.1439348, 22.2757817 ], [ 114.1439307, 22.2758341 ], [ 114.1438478, 22.2758286 ] ] ] } },
{ "type": "Feature", "properties": { "id": "448058516", "name": "nan", "shop": "nan", "highway": "nan", "railway": "nan", "leisure": "nan", "landuse": "nan", "building": "yes" }, "geometry": { "type": "Polygon", "coordinates": [ [ [ 114.1451448, 22.276177 ], [ 114.1451419, 22.2761283 ], [ 114.1451955, 22.2761255 ], [ 114.1451984, 22.2761743 ], [ 114.1451448, 22.276177 ] ] ] } },
{ "type": "Feature", "properties": { "id": "448058517", "name": "山頂二號食水抽水站 Peak No. 2 Fresh Water Pumping Station", "shop": "nan", "highway": "nan", "railway": "nan", "leisure": "nan", "landuse": "nan", "building": "service" }, "geometry": { "type": "Polygon", "coordinates": [ [ [ 114.1447711, 22.275383 ], [ 114.144811, 22.2753968 ], [ 114.1448581, 22.2752992 ], [ 114.1448158, 22.275285 ], [ 114.1447711, 22.275383 ] ] ] } },
{ "type": "Feature", "properties": { "id": "448058518", "name": "nan", "shop": "nan", "highway": "nan", "railway": "nan", "leisure": "nan", "landuse": "nan", "building": "yes" }, "geometry": { "type": "Polygon", "coordinates": [ [ [ 114.1443429, 22.2757067 ], [ 114.1443741, 22.2757074 ], [ 114.144376, 22.2756686 ], [ 114.1443451, 22.2756679 ], [ 114.1443429, 22.2757067 ] ] ] } },
{ "type": "Feature", "properties": { "id": "448058519", "name": "nan", "shop": "nan", "highway": "nan", "railway": "nan", "leisure": "nan", "landuse": "nan", "building": "yes" }, "geometry": { "type": "Polygon", "coordinates": [ [ [ 114.1441828, 22.2755331 ], [ 114.1442017, 22.2755382 ], [ 114.1441948, 22.2755605 ], [ 114.1441758, 22.2755554 ], [ 114.1441828, 22.2755331 ] ] ] } },
{ "type": "Feature", "properties": { "id": "453772338", "name": "西區濾水廠房 Elliot Treatment Works Building", "shop": "nan", "highway": "nan", "railway": "nan", "leisure": "nan", "landuse": "nan", "building": "yes" }, "geometry": { "type": "Polygon", "coordinates": [ [ [ 114.1335823, 22.28304 ], [ 114.133652, 22.2829978 ], [ 114.1336171, 22.2829526 ], [ 114.1336107, 22.2829568 ], [ 114.1335208, 22.2828313 ], [ 114.1334674, 22.2828639 ], [ 114.133557, 22.2829896 ], [ 114.1335501, 22.2829941 ], [ 114.1335823, 22.28304 ] ] ] } },
{ "type": "Feature", "properties": { "id": "458504298", "name": "倫敦閣 London Court", "shop": "nan", "highway": "nan", "railway": "nan", "leisure": "nan", "landuse": "nan", "building": "apartments" }, "geometry": { "type": "Polygon", "coordinates": [ [ [ 114.1446371, 22.2818198 ], [ 114.144817, 22.2819138 ], [ 114.1448447, 22.2818683 ], [ 114.1448587, 22.2818757 ], [ 114.1448789, 22.2818427 ], [ 114.1448378, 22.2818212 ], [ 114.1448976, 22.2817232 ], [ 114.144934, 22.2817422 ], [ 114.1449799, 22.2816669 ], [ 114.1447874, 22.2815664 ], [ 114.1447428, 22.2816395 ], [ 114.1447802, 22.281659 ], [ 114.1447186, 22.2817599 ], [ 114.1446845, 22.2817421 ], [ 114.1446371, 22.2818198 ] ] ] } },
{ "type": "Feature", "properties": { "id": "458504304", "name": "巴黎閣 Paris Court", "shop": "nan", "highway": "nan", "railway": "nan", "leisure": "nan", "landuse": "nan", "building": "apartments" }, "geometry": { "type": "Polygon", "coordinates": [ [ [ 114.144844, 22.2819283 ], [ 114.145011, 22.2820154 ], [ 114.1450392, 22.2819693 ], [ 114.1450528, 22.2819764 ], [ 114.1450711, 22.2819464 ], [ 114.1450302, 22.2819251 ], [ 114.1450918, 22.2818242 ], [ 114.1451241, 22.2818411 ], [ 114.1451699, 22.2817661 ], [ 114.1449799, 22.2816669 ], [ 114.144934, 22.2817422 ], [ 114.1449729, 22.2817625 ], [ 114.1449131, 22.2818606 ], [ 114.1448789, 22.2818427 ], [ 114.1448587, 22.2818757 ], [ 114.1448719, 22.2818825 ], [ 114.144844, 22.2819283 ] ] ] } },
{ "type": "Feature", "properties": { "id": "458504319", "name": "威尼斯閣 Venice Court", "shop": "nan", "highway": "nan", "railway": "nan", "leisure": "nan", "landuse": "nan", "building": "apartments" }, "geometry": { "type": "Polygon", "coordinates": [ [ [ 114.1451215, 22.2820537 ], [ 114.145305, 22.2820979 ], [ 114.1453193, 22.2820469 ], [ 114.1453346, 22.2820506 ], [ 114.145345, 22.2820134 ], [ 114.1452999, 22.2820026 ], [ 114.1453303, 22.2818942 ], [ 114.1453698, 22.2819037 ], [ 114.1453937, 22.2818188 ], [ 114.1451807, 22.2817676 ], [ 114.1451577, 22.2818492 ], [ 114.145199, 22.2818591 ], [ 114.1451674, 22.2819717 ], [ 114.1451293, 22.2819626 ], [ 114.1451174, 22.2820024 ], [ 114.1451341, 22.2820064 ], [ 114.1451215, 22.2820537 ] ] ] } },
{ "type": "Feature", "properties": { "id": "487492684", "name": "nan", "shop": "nan", "highway": "nan", "railway": "nan", "leisure": "nan", "landuse": "nan", "building": "yes" }, "geometry": { "type": "Polygon", "coordinates": [ [ [ 114.1286236, 22.2782769 ], [ 114.1288223, 22.2782369 ], [ 114.1288065, 22.2781699 ], [ 114.1287435, 22.2781826 ], [ 114.1287358, 22.278173 ], [ 114.1287263, 22.2781652 ], [ 114.1287136, 22.2781621 ], [ 114.1287006, 22.2781624 ], [ 114.1286887, 22.2781664 ], [ 114.1286789, 22.2781749 ], [ 114.1286734, 22.2781851 ], [ 114.1286717, 22.2781971 ], [ 114.1286079, 22.2782099 ], [ 114.1286236, 22.2782769 ] ] ] } },
{ "type": "Feature", "properties": { "id": "487492687", "name": "A座 Block A", "shop": "nan", "highway": "nan", "railway": "nan", "leisure": "nan", "landuse": "nan", "building": "residential" }, "geometry": { "type": "Polygon", "coordinates": [ [ [ 114.1292251, 22.2790728 ], [ 114.1291799, 22.2791699 ], [ 114.1293578, 22.2792409 ], [ 114.1294031, 22.2791438 ], [ 114.1292251, 22.2790728 ] ] ] } },
{ "type": "Feature", "properties": { "id": "487492688", "name": "B座 Block B", "shop": "nan", "highway": "nan", "railway": "nan", "leisure": "nan", "landuse": "nan", "building": "residential" }, "geometry": { "type": "Polygon", "coordinates": [ [ [ 114.1292053, 22.2790155 ], [ 114.1293383, 22.2790009 ], [ 114.1293263, 22.2789071 ], [ 114.1291933, 22.2789217 ], [ 114.1292053, 22.2790155 ] ] ] } },
{ "type": "Feature", "properties": { "id": "487492689", "name": "C座 Block C", "shop": "nan", "highway": "nan", "railway": "nan", "leisure": "nan", "landuse": "nan", "building": "residential" }, "geometry": { "type": "Polygon", "coordinates": [ [ [ 114.1292053, 22.2790155 ], [ 114.1291933, 22.2789217 ], [ 114.1290611, 22.2789361 ], [ 114.1290731, 22.27903 ], [ 114.1292053, 22.2790155 ] ] ] } },
{ "type": "Feature", "properties": { "id": "488080442", "name": "華輝大廈 Wah Fai House", "shop": "nan", "highway": "nan", "railway": "nan", "leisure": "nan", "landuse": "nan", "building": "residential" }, "geometry": { "type": "Polygon", "coordinates": [ [ [ 114.1295658, 22.279123 ], [ 114.1296131, 22.2791156 ], [ 114.1296215, 22.279161 ], [ 114.1296764, 22.2791524 ], [ 114.1296491, 22.2790034 ], [ 114.1295943, 22.279012 ], [ 114.1295983, 22.2790338 ], [ 114.1295508, 22.2790413 ], [ 114.1295658, 22.279123 ] ] ] } },
{ "type": "Feature", "properties": { "id": "488080443", "name": "美華大廈 Mei Wah Mansion", "shop": "nan", "highway": "nan", "railway": "nan", "leisure": "nan", "landuse": "nan", "building": "residential" }, "geometry": { "type": "Polygon", "coordinates": [ [ [ 114.1295665, 22.2788737 ], [ 114.1295195, 22.2788811 ], [ 114.1295377, 22.2789803 ], [ 114.1295871, 22.2789726 ], [ 114.1295943, 22.279012 ], [ 114.1296491, 22.2790034 ], [ 114.1296295, 22.2788965 ], [ 114.129665, 22.2788909 ], [ 114.1296544, 22.278833 ], [ 114.1295617, 22.2788476 ], [ 114.1295665, 22.2788737 ] ] ] } },
{ "type": "Feature", "properties": { "id": "492860764", "name": "nan", "shop": "nan", "highway": "nan", "railway": "nan", "leisure": "nan", "landuse": "nan", "building": "apartments" }, "geometry": { "type": "Polygon", "coordinates": [ [ [ 114.1434971, 22.2840709 ], [ 114.1434873, 22.2840318 ], [ 114.1434006, 22.2840503 ], [ 114.1434103, 22.2840895 ], [ 114.143337, 22.2841052 ], [ 114.1433557, 22.2841798 ], [ 114.143589, 22.2841298 ], [ 114.1435704, 22.2840552 ], [ 114.1434971, 22.2840709 ] ] ] } },
{ "type": "Feature", "properties": { "id": "492860765", "name": "nan", "shop": "nan", "highway": "nan", "railway": "nan", "leisure": "nan", "landuse": "nan", "building": "apartments" }, "geometry": { "type": "Polygon", "coordinates": [ [ [ 114.1432466, 22.2842352 ], [ 114.1432392, 22.2842055 ], [ 114.1432486, 22.2842035 ], [ 114.1432431, 22.2841812 ], [ 114.1432565, 22.2841783 ], [ 114.1432528, 22.2841634 ], [ 114.1432768, 22.2841583 ], [ 114.1432621, 22.2840991 ], [ 114.1432331, 22.2841053 ], [ 114.1432298, 22.2840921 ], [ 114.1432076, 22.2840968 ], [ 114.1432149, 22.2841263 ], [ 114.1431785, 22.2841341 ], [ 114.1431712, 22.2841045 ], [ 114.1431489, 22.2841092 ], [ 114.1431522, 22.2841224 ], [ 114.1431232, 22.2841285 ], [ 114.1431378, 22.2841877 ], [ 114.1431617, 22.2841826 ], [ 114.1431654, 22.2841976 ], [ 114.1431788, 22.2841948 ], [ 114.1431844, 22.2842171 ], [ 114.1431938, 22.2842151 ], [ 114.1432011, 22.2842448 ], [ 114.1432466, 22.2842352 ] ] ] } },
{ "type": "Feature", "properties": { "id": "492860766", "name": "Kingsland Court", "shop": "nan", "highway": "nan", "railway": "nan", "leisure": "nan", "landuse": "nan", "building": "apartments" }, "geometry": { "type": "Polygon", "coordinates": [ [ [ 114.1430286, 22.2841497 ], [ 114.1429876, 22.2841572 ], [ 114.1430029, 22.2842287 ], [ 114.1431417, 22.2842033 ], [ 114.1431378, 22.2841877 ], [ 114.1431232, 22.2841285 ], [ 114.1431215, 22.2841215 ], [ 114.1430938, 22.2841265 ], [ 114.1430853, 22.2840863 ], [ 114.1430474, 22.2840932 ], [ 114.1430447, 22.2840803 ], [ 114.143015, 22.2840857 ], [ 114.1430286, 22.2841497 ] ] ] } },
{ "type": "Feature", "properties": { "id": "492868584", "name": "nan", "shop": "nan", "highway": "nan", "railway": "nan", "leisure": "nan", "landuse": "nan", "building": "residential" }, "geometry": { "type": "Polygon", "coordinates": [ [ [ 114.1409583, 22.2849798 ], [ 114.1412229, 22.284972 ], [ 114.1412225, 22.2849638 ], [ 114.1412181, 22.2848653 ], [ 114.1411854, 22.284859 ], [ 114.1411625, 22.28485 ], [ 114.1411192, 22.2848271 ], [ 114.1410876, 22.2848027 ], [ 114.1410161, 22.2848999 ], [ 114.1409699, 22.2849661 ], [ 114.1409583, 22.2849798 ] ] ] } },
{ "type": "Feature", "properties": { "id": "492877717", "name": "啟成大廈 Kensington Mansion", "shop": "nan", "highway": "nan", "railway": "nan", "leisure": "nan", "landuse": "nan", "building": "residential" }, "geometry": { "type": "Polygon", "coordinates": [ [ [ 114.140857, 22.2872122 ], [ 114.1408549, 22.287155 ], [ 114.1408534, 22.2871142 ], [ 114.1408513, 22.2870564 ], [ 114.1408721, 22.2870368 ], [ 114.1409412, 22.2870346 ], [ 114.1409436, 22.2871013 ], [ 114.1409476, 22.2872093 ], [ 114.140857, 22.2872122 ] ] ] } },
{ "type": "Feature", "properties": { "id": "493086336", "name": "俊庭居 Imperial Terrace", "shop": "nan", "highway": "nan", "railway": "nan", "leisure": "nan", "landuse": "nan", "building": "retail" }, "geometry": { "type": "Polygon", "coordinates": [ [ [ 114.1408275, 22.2868927 ], [ 114.1408262, 22.2868372 ], [ 114.1408252, 22.2867939 ], [ 114.140824, 22.2867459 ], [ 114.1410271, 22.2867418 ], [ 114.1410283, 22.2867898 ], [ 114.1410293, 22.286833 ], [ 114.1410306, 22.2868886 ], [ 114.1409867, 22.2868894 ], [ 114.1409296, 22.2868906 ], [ 114.1408725, 22.2868918 ], [ 114.1408275, 22.2868927 ] ] ] } },
{ "type": "Feature", "properties": { "id": "493120689", "name": "nan", "shop": "nan", "highway": "nan", "railway": "nan", "leisure": "nan", "landuse": "nan", "building": "residential" }, "geometry": { "type": "Polygon", "coordinates": [ [ [ 114.1430087, 22.2871059 ], [ 114.1431491, 22.2871015 ], [ 114.1431501, 22.2871265 ], [ 114.1432909, 22.287122 ], [ 114.1432849, 22.2869604 ], [ 114.1430037, 22.2869693 ], [ 114.1430087, 22.2871059 ] ] ] } },
{ "type": "Feature", "properties": { "id": "493120690", "name": "安達中心 Andes Plaza", "shop": "nan", "highway": "nan", "railway": "nan", "leisure": "nan", "landuse": "nan", "building": "apartments" }, "geometry": { "type": "Polygon", "coordinates": [ [ [ 114.1417811, 22.2870442 ], [ 114.1417798, 22.2870081 ], [ 114.1417403, 22.2870093 ], [ 114.1417426, 22.2870716 ], [ 114.1416966, 22.2870731 ], [ 114.1416983, 22.287119 ], [ 114.1418915, 22.2871129 ], [ 114.1418898, 22.287067 ], [ 114.1418438, 22.2870684 ], [ 114.1418415, 22.2870062 ], [ 114.141802, 22.2870074 ], [ 114.1418034, 22.2870435 ], [ 114.1417811, 22.2870442 ] ] ] } },
{ "type": "Feature", "properties": { "id": "493122202", "name": "nan", "shop": "nan", "highway": "nan", "railway": "nan", "leisure": "nan", "landuse": "nan", "building": "apartments" }, "geometry": { "type": "Polygon", "coordinates": [ [ [ 114.1429673, 22.2867778 ], [ 114.142989, 22.2867771 ], [ 114.1429861, 22.2866989 ], [ 114.1430441, 22.2866971 ], [ 114.1430481, 22.2868067 ], [ 114.1429685, 22.2868093 ], [ 114.1429681, 22.2867994 ], [ 114.1429673, 22.2867778 ] ] ] } },
{ "type": "Feature", "properties": { "id": "493123812", "name": "得利大廈 Tak Lee Building", "shop": "nan", "highway": "nan", "railway": "nan", "leisure": "nan", "landuse": "nan", "building": "retail" }, "geometry": { "type": "Polygon", "coordinates": [ [ [ 114.1427654, 22.286706 ], [ 114.1425331, 22.2867134 ], [ 114.1425379, 22.286841 ], [ 114.1426216, 22.2868384 ], [ 114.1427454, 22.2868065 ], [ 114.1427691, 22.2868057 ], [ 114.1427679, 22.2867737 ], [ 114.1427654, 22.286706 ] ] ] } },
{ "type": "Feature", "properties": { "id": "493123813", "name": "豐景閣 Fung King Court", "shop": "nan", "highway": "nan", "railway": "nan", "leisure": "nan", "landuse": "nan", "building": "apartments" }, "geometry": { "type": "Polygon", "coordinates": [ [ [ 114.1424784, 22.2868201 ], [ 114.1424502, 22.286821 ], [ 114.1424509, 22.2868413 ], [ 114.1423918, 22.2868431 ], [ 114.1423911, 22.2868229 ], [ 114.1423628, 22.2868238 ], [ 114.1423606, 22.2867632 ], [ 114.1423888, 22.2867623 ], [ 114.142388, 22.2867421 ], [ 114.1424472, 22.2867402 ], [ 114.1424479, 22.2867605 ], [ 114.1424761, 22.2867596 ], [ 114.1424784, 22.2868201 ] ] ] } },
{ "type": "Feature", "properties": { "id": "493138548", "name": "nan", "shop": "nan", "highway": "nan", "railway": "nan", "leisure": "nan", "landuse": "nan", "building": "apartments" }, "geometry": { "type": "Polygon", "coordinates": [ [ [ 114.1415339, 22.2868781 ], [ 114.1415324, 22.286813 ], [ 114.1415196, 22.2868133 ], [ 114.1415187, 22.286772 ], [ 114.1414595, 22.2867732 ], [ 114.1414605, 22.2868144 ], [ 114.1414477, 22.2868147 ], [ 114.1414492, 22.2868798 ], [ 114.1415339, 22.2868781 ] ] ] } },
{ "type": "Feature", "properties": { "id": "494452464", "name": "nan", "shop": "nan", "highway": "nan", "railway": "nan", "leisure": "nan", "landuse": "nan", "building": "apartments" }, "geometry": { "type": "Polygon", "coordinates": [ [ [ 114.140872, 22.2876162 ], [ 114.140875, 22.287698 ], [ 114.1409474, 22.2876957 ], [ 114.1409468, 22.2876812 ], [ 114.1409912, 22.2876798 ], [ 114.1409893, 22.287627 ], [ 114.1409449, 22.2876284 ], [ 114.1409444, 22.2876139 ], [ 114.140872, 22.2876162 ] ] ] } },
{ "type": "Feature", "properties": { "id": "494452465", "name": "nan", "shop": "nan", "highway": "nan", "railway": "nan", "leisure": "nan", "landuse": "nan", "building": "apartments" }, "geometry": { "type": "Polygon", "coordinates": [ [ [ 114.1408705, 22.2875753 ], [ 114.1409693, 22.2875722 ], [ 114.1409662, 22.2874904 ], [ 114.1408674, 22.2874935 ], [ 114.1408705, 22.2875753 ] ] ] } },
{ "type": "Feature", "properties": { "id": "495233253", "name": "中国石化 Sinopec", "shop": "nan", "highway": "nan", "railway": "nan", "leisure": "nan", "landuse": "nan", "building": "roof" }, "geometry": { "type": "Polygon", "coordinates": [ [ [ 114.1386677, 22.2887133 ], [ 114.1386846, 22.2886589 ], [ 114.1390268, 22.2888752 ], [ 114.1390085, 22.2888999 ], [ 114.1389941, 22.2889195 ], [ 114.1386819, 22.2887223 ], [ 114.1386677, 22.2887133 ] ] ] } },
{ "type": "Feature", "properties": { "id": "506471863", "name": "nan", "shop": "nan", "highway": "nan", "railway": "nan", "leisure": "nan", "landuse": "nan", "building": "yes" }, "geometry": { "type": "Polygon", "coordinates": [ [ [ 114.1391925, 22.2902233 ], [ 114.1392152, 22.2901427 ], [ 114.1394082, 22.2901892 ], [ 114.1393855, 22.2902699 ], [ 114.1391925, 22.2902233 ] ] ] } },
{ "type": "Feature", "properties": { "id": "532479301", "name": "nan", "shop": "nan", "highway": "nan", "railway": "nan", "leisure": "nan", "landuse": "nan", "building": "university" }, "geometry": { "type": "Polygon", "coordinates": [ [ [ 114.1338287, 22.2831878 ], [ 114.1336906, 22.2832355 ], [ 114.1336589, 22.2832586 ], [ 114.1336477, 22.2832881 ], [ 114.1336523, 22.2833143 ], [ 114.1336816, 22.2833748 ], [ 114.1337084, 22.2833906 ], [ 114.1337331, 22.283395 ], [ 114.133766, 22.2833893 ], [ 114.1338921, 22.2833437 ], [ 114.1339117, 22.2833363 ], [ 114.1339007, 22.2833026 ], [ 114.1339074, 22.2832841 ], [ 114.1339056, 22.2832614 ], [ 114.1338954, 22.2832403 ], [ 114.1338806, 22.2832269 ], [ 114.1338569, 22.2832145 ], [ 114.1338428, 22.283183 ], [ 114.1338287, 22.2831878 ] ] ] } },
{ "type": "Feature", "properties": { "id": "534044190", "name": "Central Podium", "shop": "nan", "highway": "nan", "railway": "nan", "leisure": "nan", "landuse": "nan", "building": "university" }, "geometry": { "type": "Polygon", "coordinates": [ [ [ 114.1337537, 22.2834458 ], [ 114.1337614, 22.2834655 ], [ 114.1338425, 22.2836739 ], [ 114.1339393, 22.2836458 ], [ 114.1339584, 22.2837053 ], [ 114.1342607, 22.2836199 ], [ 114.1342615, 22.2836197 ], [ 114.1343744, 22.2835878 ], [ 114.1344119, 22.2835772 ], [ 114.1344126, 22.2835932 ], [ 114.1344933, 22.2835865 ], [ 114.1344915, 22.283568 ], [ 114.1347446, 22.2835579 ], [ 114.13481, 22.2835553 ], [ 114.1348367, 22.2835642 ], [ 114.1348629, 22.2835868 ], [ 114.1348815, 22.2836121 ], [ 114.1348933, 22.2836502 ], [ 114.1349007, 22.2837052 ], [ 114.134935, 22.2837037 ], [ 114.134935, 22.2836458 ], [ 114.1349938, 22.2836353 ], [ 114.135045, 22.2836212 ], [ 114.1350772, 22.2836072 ], [ 114.1350867, 22.2835896 ], [ 114.1350886, 22.2835668 ], [ 114.135062, 22.2834756 ], [ 114.1349992, 22.2833277 ], [ 114.1348775, 22.2833321 ], [ 114.134883, 22.2835069 ], [ 114.1346847, 22.2835099 ], [ 114.1346792, 22.2833392 ], [ 114.1345278, 22.2833446 ], [ 114.1345311, 22.283522 ], [ 114.1343263, 22.283528 ], [ 114.1343218, 22.283352 ], [ 114.1342035, 22.2833563 ], [ 114.1341963, 22.2832973 ], [ 114.1341913, 22.2832175 ], [ 114.1341914, 22.2831737 ], [ 114.1342053, 22.2831417 ], [ 114.1342318, 22.2831194 ], [ 114.1342622, 22.2831065 ], [ 114.1342096, 22.2831113 ], [ 114.1341831, 22.2831137 ], [ 114.134082, 22.2831227 ], [ 114.1340407, 22.2831265 ], [ 114.1340636, 22.2831485 ], [ 114.134087, 22.2831854 ], [ 114.1340994, 22.2832092 ], [ 114.1341119, 22.2832462 ], [ 114.1341185, 22.2832747 ], [ 114.1341231, 22.2833119 ], [ 114.1341236, 22.2833161 ], [ 114.1341256, 22.2833481 ], [ 114.1341236, 22.2833659 ], [ 114.1341685, 22.2833597 ], [ 114.1341773, 22.2835422 ], [ 114.1340195, 22.2835994 ], [ 114.1339423, 22.2834035 ], [ 114.1339935, 22.2833913 ], [ 114.1339799, 22.2833741 ], [ 114.1339702, 22.2833617 ], [ 114.1339501, 22.283331 ], [ 114.1339359, 22.2833011 ], [ 114.1339207, 22.283258 ], [ 114.1339171, 22.2832281 ], [ 114.1339142, 22.283191 ], [ 114.1338569, 22.2832145 ], [ 114.1338806, 22.2832269 ], [ 114.1338954, 22.2832403 ], [ 114.1339056, 22.2832614 ], [ 114.1339074, 22.2832841 ], [ 114.1339007, 22.2833026 ], [ 114.1339117, 22.2833363 ], [ 114.1338921, 22.2833437 ], [ 114.133912, 22.2833957 ], [ 114.1337537, 22.2834458 ] ] ] } },
{ "type": "Feature", "properties": { "id": "534044191", "name": "nan", "shop": "nan", "highway": "nan", "railway": "nan", "leisure": "nan", "landuse": "nan", "building": "university" }, "geometry": { "type": "Polygon", "coordinates": [ [ [ 114.1339891, 22.2830993 ], [ 114.1340145, 22.2831092 ], [ 114.1340407, 22.2831265 ], [ 114.1340636, 22.2831485 ], [ 114.134087, 22.2831854 ], [ 114.1340994, 22.2832092 ], [ 114.1341119, 22.2832462 ], [ 114.1341185, 22.2832747 ], [ 114.1341231, 22.2833119 ], [ 114.1341236, 22.2833161 ], [ 114.1341256, 22.2833481 ], [ 114.1341236, 22.2833659 ], [ 114.1341154, 22.2833791 ], [ 114.1340981, 22.2833913 ], [ 114.1340443, 22.2834101 ], [ 114.134027, 22.2834101 ], [ 114.1340077, 22.2834035 ], [ 114.1339935, 22.2833913 ], [ 114.1339799, 22.2833741 ], [ 114.1339702, 22.2833617 ], [ 114.1339501, 22.283331 ], [ 114.1339359, 22.2833011 ], [ 114.1339207, 22.283258 ], [ 114.1339171, 22.2832281 ], [ 114.1339142, 22.283191 ], [ 114.1339172, 22.283159 ], [ 114.1339233, 22.2831336 ], [ 114.1339403, 22.2831122 ], [ 114.1339639, 22.283101 ], [ 114.1339891, 22.2830993 ] ] ] } },
{ "type": "Feature", "properties": { "id": "534044203", "name": "nan", "shop": "nan", "highway": "nan", "railway": "nan", "leisure": "nan", "landuse": "nan", "building": "roof" }, "geometry": { "type": "Polygon", "coordinates": [ [ [ 114.1343372, 22.2831972 ], [ 114.1343895, 22.283181 ], [ 114.1344565, 22.2831649 ], [ 114.1345585, 22.2831574 ], [ 114.1346658, 22.2831574 ], [ 114.134828, 22.2831761 ], [ 114.134883, 22.2831903 ], [ 114.1348991, 22.2832071 ], [ 114.1349004, 22.2832294 ], [ 114.1348895, 22.283241 ], [ 114.1348694, 22.2832526 ], [ 114.1348543, 22.2832613 ], [ 114.1348089, 22.2832748 ], [ 114.1347203, 22.2832944 ], [ 114.1346424, 22.2833079 ], [ 114.1345558, 22.2833151 ], [ 114.1344906, 22.2833169 ], [ 114.1344179, 22.2833101 ], [ 114.1343703, 22.2833014 ], [ 114.1343345, 22.2832902 ], [ 114.1343282, 22.2832826 ], [ 114.134313, 22.2832642 ], [ 114.134313, 22.2832431 ], [ 114.1343157, 22.2832232 ], [ 114.1343372, 22.2831972 ] ] ] } },
{ "type": "Feature", "properties": { "id": "534044204", "name": "香港大學逸夫教學樓 The University of Hong Kong Run Run Shaw Tower", "shop": "nan", "highway": "nan", "railway": "nan", "leisure": "nan", "landuse": "nan", "building": "university" }, "geometry": { "type": "Polygon", "coordinates": [ [ [ 114.1347499, 22.2836378 ], [ 114.1347481, 22.2836171 ], [ 114.1347472, 22.2836015 ], [ 114.1347446, 22.2835579 ], [ 114.1344915, 22.283568 ], [ 114.1344933, 22.2835865 ], [ 114.1344126, 22.2835932 ], [ 114.1344119, 22.2835772 ], [ 114.1343744, 22.2835878 ], [ 114.1343822, 22.2836327 ], [ 114.1343488, 22.2836417 ], [ 114.1343019, 22.2836653 ], [ 114.1342847, 22.2836816 ], [ 114.1342482, 22.2837162 ], [ 114.1342402, 22.2837447 ], [ 114.1342456, 22.2837658 ], [ 114.134267, 22.2837795 ], [ 114.1343086, 22.2837807 ], [ 114.1343346, 22.2837804 ], [ 114.1347149, 22.2837733 ], [ 114.1347592, 22.2837652 ], [ 114.1347874, 22.2837398 ], [ 114.1348008, 22.2837125 ], [ 114.1347968, 22.283674 ], [ 114.1347793, 22.2836492 ], [ 114.1347499, 22.2836378 ] ] ] } },
{ "type": "Feature", "properties": { "id": "540115810", "name": "威華商業中心 Wai Wah Commercial Centre", "shop": "nan", "highway": "nan", "railway": "nan", "leisure": "nan", "landuse": "nan", "building": "commercial" }, "geometry": { "type": "Polygon", "coordinates": [ [ [ 114.1446815, 22.2873496 ], [ 114.1446793, 22.2873169 ], [ 114.1447849, 22.2873107 ], [ 114.1447933, 22.2874345 ], [ 114.1446877, 22.2874406 ], [ 114.144686, 22.2874162 ], [ 114.1445371, 22.2874249 ], [ 114.1445303, 22.2873256 ], [ 114.1445971, 22.2873217 ], [ 114.1446141, 22.2873207 ], [ 114.1446164, 22.2873534 ], [ 114.1446815, 22.2873496 ] ] ] } },
{ "type": "Feature", "properties": { "id": "540117110", "name": "第2座 Tower 2", "shop": "nan", "highway": "nan", "railway": "nan", "leisure": "nan", "landuse": "nan", "building": "apartments" }, "geometry": { "type": "Polygon", "coordinates": [ [ [ 114.1452064, 22.2846597 ], [ 114.145215, 22.2846734 ], [ 114.1452542, 22.2846522 ], [ 114.1452444, 22.2846366 ], [ 114.1452526, 22.2846085 ], [ 114.1451691, 22.28459 ], [ 114.1451746, 22.2845688 ], [ 114.1452422, 22.2845851 ], [ 114.1452499, 22.2845569 ], [ 114.1452667, 22.2845478 ], [ 114.1452473, 22.2845172 ], [ 114.1452325, 22.2845252 ], [ 114.1452147, 22.284497 ], [ 114.1452295, 22.284489 ], [ 114.1452089, 22.2844564 ], [ 114.1451948, 22.2844641 ], [ 114.145156, 22.2844547 ], [ 114.14514, 22.2845113 ], [ 114.145125, 22.2845074 ], [ 114.145141, 22.2844508 ], [ 114.1451066, 22.2844425 ], [ 114.1450984, 22.2844294 ], [ 114.1450632, 22.2844484 ], [ 114.1450719, 22.2844621 ], [ 114.1450414, 22.2844786 ], [ 114.1450327, 22.2844649 ], [ 114.1449996, 22.2844829 ], [ 114.1450094, 22.2844982 ], [ 114.1450014, 22.2845268 ], [ 114.1450624, 22.2845416 ], [ 114.1450563, 22.284565 ], [ 114.1449775, 22.2845475 ], [ 114.1449708, 22.2845707 ], [ 114.1449468, 22.2845837 ], [ 114.1449719, 22.2846233 ], [ 114.1449867, 22.2846153 ], [ 114.1449947, 22.2846265 ], [ 114.1450125, 22.2846522 ], [ 114.1450028, 22.2846592 ], [ 114.1450233, 22.2846918 ], [ 114.1450375, 22.2846841 ], [ 114.1450718, 22.2846925 ], [ 114.1450879, 22.2846359 ], [ 114.145103, 22.2846393 ], [ 114.145087, 22.2846959 ], [ 114.1451258, 22.2847053 ], [ 114.145134, 22.2847184 ], [ 114.1451692, 22.2846993 ], [ 114.1451605, 22.2846857 ], [ 114.1452064, 22.2846597 ] ] ] } },
{ "type": "Feature", "properties": { "id": "540117111", "name": "第1座 Tower 1", "shop": "nan", "highway": "nan", "railway": "nan", "leisure": "nan", "landuse": "nan", "building": "apartments" }, "geometry": { "type": "Polygon", "coordinates": [ [ [ 114.1448349, 22.284671 ], [ 114.1448436, 22.2846847 ], [ 114.1448828, 22.2846635 ], [ 114.1448729, 22.2846479 ], [ 114.1448811, 22.2846198 ], [ 114.1447977, 22.2846013 ], [ 114.1448032, 22.28458 ], [ 114.1448707, 22.2845964 ], [ 114.1448784, 22.2845682 ], [ 114.1448952, 22.2845591 ], [ 114.1448758, 22.2845284 ], [ 114.1448611, 22.2845364 ], [ 114.1448433, 22.2845082 ], [ 114.144858, 22.2845002 ], [ 114.1448375, 22.2844677 ], [ 114.1448233, 22.2844753 ], [ 114.1447845, 22.2844659 ], [ 114.1447685, 22.2845225 ], [ 114.1447535, 22.2845187 ], [ 114.1447696, 22.2844621 ], [ 114.1447352, 22.2844537 ], [ 114.1447269, 22.2844407 ], [ 114.1446917, 22.2844597 ], [ 114.1447004, 22.2844734 ], [ 114.1446699, 22.2844899 ], [ 114.1446613, 22.2844762 ], [ 114.1446282, 22.2844941 ], [ 114.1446379, 22.2845095 ], [ 114.14463, 22.2845381 ], [ 114.1446909, 22.2845528 ], [ 114.1446849, 22.2845762 ], [ 114.144606, 22.2845587 ], [ 114.1445993, 22.284582 ], [ 114.1445753, 22.2845949 ], [ 114.1446004, 22.2846346 ], [ 114.1446152, 22.2846266 ], [ 114.1446232, 22.2846377 ], [ 114.1446411, 22.2846634 ], [ 114.1446313, 22.2846705 ], [ 114.1446519, 22.284703 ], [ 114.144666, 22.2846954 ], [ 114.1447004, 22.2847037 ], [ 114.1447164, 22.2846471 ], [ 114.1447315, 22.2846505 ], [ 114.1447155, 22.2847072 ], [ 114.1447543, 22.2847166 ], [ 114.1447626, 22.2847296 ], [ 114.1447977, 22.2847106 ], [ 114.1447891, 22.2846969 ], [ 114.1448349, 22.284671 ] ] ] } },
{ "type": "Feature", "properties": { "id": "540117119", "name": "nan", "shop": "nan", "highway": "nan", "railway": "nan", "leisure": "nan", "landuse": "nan", "building": "yes" }, "geometry": { "type": "Polygon", "coordinates": [ [ [ 114.1390332, 22.287639 ], [ 114.1390272, 22.2876585 ], [ 114.1390434, 22.2876628 ], [ 114.1390472, 22.2876505 ], [ 114.1392289, 22.2876991 ], [ 114.1392328, 22.2876866 ], [ 114.1392823, 22.2876999 ], [ 114.1392642, 22.2877577 ], [ 114.1392395, 22.2877511 ], [ 114.1392321, 22.287775 ], [ 114.1392177, 22.2877712 ], [ 114.1392111, 22.2877922 ], [ 114.1391777, 22.2877833 ], [ 114.139168, 22.2878145 ], [ 114.1391383, 22.2878066 ], [ 114.1391474, 22.2877777 ], [ 114.1391315, 22.2877734 ], [ 114.1391303, 22.2877771 ], [ 114.1391193, 22.2877827 ], [ 114.1390821, 22.2877727 ], [ 114.1390719, 22.2877583 ], [ 114.1390663, 22.2877568 ], [ 114.1390624, 22.2877691 ], [ 114.1390513, 22.2877661 ], [ 114.1390498, 22.2877708 ], [ 114.1390398, 22.2877681 ], [ 114.1390369, 22.2877775 ], [ 114.1390045, 22.2877688 ], [ 114.1390245, 22.2877047 ], [ 114.1389807, 22.287693 ], [ 114.1390003, 22.2876302 ], [ 114.1390332, 22.287639 ] ] ] } },
{ "type": "Feature", "properties": { "id": "540117121", "name": "nan", "shop": "nan", "highway": "nan", "railway": "nan", "leisure": "nan", "landuse": "nan", "building": "apartments" }, "geometry": { "type": "Polygon", "coordinates": [ [ [ 114.1440463, 22.2866052 ], [ 114.1439906, 22.2866069 ], [ 114.1439889, 22.2865584 ], [ 114.1439437, 22.2865598 ], [ 114.1439454, 22.2866085 ], [ 114.1439288, 22.286609 ], [ 114.1439283, 22.2865943 ], [ 114.1438808, 22.2865957 ], [ 114.1438823, 22.2866373 ], [ 114.1439402, 22.2866356 ], [ 114.1439415, 22.2866744 ], [ 114.1438837, 22.2866762 ], [ 114.1438849, 22.2867091 ], [ 114.1438852, 22.2867178 ], [ 114.1439326, 22.2867163 ], [ 114.1439321, 22.2867016 ], [ 114.1439487, 22.2867011 ], [ 114.1439504, 22.2867498 ], [ 114.1439956, 22.2867484 ], [ 114.1439939, 22.2867 ], [ 114.1440496, 22.2866983 ], [ 114.1440463, 22.2866052 ] ] ] } },
{ "type": "Feature", "properties": { "id": "540117122", "name": "錦翠園", "shop": "nan", "highway": "nan", "railway": "nan", "leisure": "nan", "landuse": "nan", "building": "apartments" }, "geometry": { "type": "Polygon", "coordinates": [ [ [ 114.1443075, 22.2840969 ], [ 114.1443266, 22.2841718 ], [ 114.144384, 22.2841592 ], [ 114.1443313, 22.2839528 ], [ 114.1442758, 22.283965 ], [ 114.1442686, 22.2839368 ], [ 114.1441451, 22.2839638 ], [ 114.1441636, 22.2840361 ], [ 114.1442034, 22.2840274 ], [ 114.1442168, 22.2840797 ], [ 114.1441769, 22.2840884 ], [ 114.1441859, 22.2841235 ], [ 114.1443075, 22.2840969 ] ] ] } },
{ "type": "Feature", "properties": { "id": "540117123", "name": "nan", "shop": "nan", "highway": "nan", "railway": "nan", "leisure": "nan", "landuse": "nan", "building": "apartments" }, "geometry": { "type": "Polygon", "coordinates": [ [ [ 114.142877, 22.2842696 ], [ 114.1429041, 22.2843074 ], [ 114.142929, 22.2842922 ], [ 114.1429126, 22.2842694 ], [ 114.142928, 22.28426 ], [ 114.1429145, 22.2842411 ], [ 114.1429244, 22.284235 ], [ 114.1429056, 22.2842087 ], [ 114.1429819, 22.284162 ], [ 114.1429664, 22.2841402 ], [ 114.1429567, 22.2841462 ], [ 114.1429448, 22.2841295 ], [ 114.1429198, 22.2841447 ], [ 114.142918, 22.2841422 ], [ 114.1428841, 22.2841629 ], [ 114.1428975, 22.2841817 ], [ 114.1428883, 22.2841873 ], [ 114.1428767, 22.2841711 ], [ 114.1428642, 22.2841788 ], [ 114.1428479, 22.2841561 ], [ 114.1428418, 22.2841599 ], [ 114.1428257, 22.2841373 ], [ 114.1427991, 22.2841535 ], [ 114.1428359, 22.284205 ], [ 114.1428104, 22.2842206 ], [ 114.1427736, 22.2841692 ], [ 114.142747, 22.2841854 ], [ 114.1427632, 22.284208 ], [ 114.1427571, 22.2842118 ], [ 114.1427733, 22.2842345 ], [ 114.1427608, 22.2842422 ], [ 114.1427723, 22.2842583 ], [ 114.1427631, 22.284264 ], [ 114.1427497, 22.2842452 ], [ 114.1427158, 22.284266 ], [ 114.1427176, 22.2842686 ], [ 114.1426927, 22.2842838 ], [ 114.1427046, 22.2843005 ], [ 114.142695, 22.2843064 ], [ 114.1427105, 22.2843282 ], [ 114.1427868, 22.2842815 ], [ 114.1428056, 22.2843077 ], [ 114.1428156, 22.2843016 ], [ 114.1428291, 22.2843206 ], [ 114.1428444, 22.2843112 ], [ 114.1428608, 22.284334 ], [ 114.1428856, 22.2843188 ], [ 114.1428586, 22.2842809 ], [ 114.142877, 22.2842696 ] ] ] } },
{ "type": "Feature", "properties": { "id": "540177745", "name": "nan", "shop": "nan", "highway": "nan", "railway": "nan", "leisure": "nan", "landuse": "nan", "building": "yes" }, "geometry": { "type": "Polygon", "coordinates": [ [ [ 114.1446646, 22.2821767 ], [ 114.1447778, 22.2822015 ], [ 114.1447726, 22.2822256 ], [ 114.144812, 22.2822339 ], [ 114.1448209, 22.2822109 ], [ 114.1449455, 22.2822382 ], [ 114.1449244, 22.2823205 ], [ 114.1448302, 22.2823001 ], [ 114.1448201, 22.2823543 ], [ 114.1449111, 22.2823729 ], [ 114.1448883, 22.2824617 ], [ 114.1447676, 22.2824352 ], [ 114.1447731, 22.2824144 ], [ 114.1447269, 22.2824061 ], [ 114.1447208, 22.282425 ], [ 114.1446074, 22.2824002 ], [ 114.1446276, 22.2823192 ], [ 114.1447183, 22.2823362 ], [ 114.1447313, 22.2822846 ], [ 114.1446412, 22.2822683 ], [ 114.1446646, 22.2821767 ] ] ] } },
{ "type": "Feature", "properties": { "id": "540177748", "name": "nan", "shop": "nan", "highway": "nan", "railway": "nan", "leisure": "nan", "landuse": "nan", "building": "yes" }, "geometry": { "type": "Polygon", "coordinates": [ [ [ 114.1432443, 22.2812642 ], [ 114.1433232, 22.281228 ], [ 114.1433633, 22.2813026 ], [ 114.1434203, 22.2812764 ], [ 114.143474, 22.2813765 ], [ 114.1430749, 22.2815598 ], [ 114.1430311, 22.2814781 ], [ 114.1430863, 22.2814528 ], [ 114.143041, 22.2813684 ], [ 114.143117, 22.2813335 ], [ 114.1431567, 22.2814075 ], [ 114.1432887, 22.2813469 ], [ 114.1432443, 22.2812642 ] ] ] } },
{ "type": "Feature", "properties": { "id": "540177751", "name": "福苑第1座 Scenic Garden Block 1", "shop": "nan", "highway": "nan", "railway": "nan", "leisure": "nan", "landuse": "nan", "building": "yes" }, "geometry": { "type": "Polygon", "coordinates": [ [ [ 114.1431645, 22.2819831 ], [ 114.1431656, 22.2820405 ], [ 114.1430897, 22.2820417 ], [ 114.143091, 22.2821111 ], [ 114.1431548, 22.2821101 ], [ 114.143155, 22.2821183 ], [ 114.1432688, 22.2821165 ], [ 114.1432686, 22.2821083 ], [ 114.143327, 22.2821074 ], [ 114.1433258, 22.282038 ], [ 114.1432598, 22.282039 ], [ 114.1432587, 22.2819816 ], [ 114.1431645, 22.2819831 ] ] ] } },
{ "type": "Feature", "properties": { "id": "540177754", "name": "福苑第2座 Scenic Garden Block 2", "shop": "nan", "highway": "nan", "railway": "nan", "leisure": "nan", "landuse": "nan", "building": "yes" }, "geometry": { "type": "Polygon", "coordinates": [ [ [ 114.1429305, 22.2820611 ], [ 114.1429316, 22.2821186 ], [ 114.1428557, 22.2821198 ], [ 114.142857, 22.2821891 ], [ 114.1429209, 22.2821881 ], [ 114.142921, 22.2821963 ], [ 114.1430348, 22.2821945 ], [ 114.1430346, 22.2821863 ], [ 114.143093, 22.2821854 ], [ 114.1430918, 22.282116 ], [ 114.1430258, 22.2821171 ], [ 114.1430247, 22.2820596 ], [ 114.1429305, 22.2820611 ] ] ] } },
{ "type": "Feature", "properties": { "id": "540177756", "name": "nan", "shop": "nan", "highway": "nan", "railway": "nan", "leisure": "nan", "landuse": "nan", "building": "apartments" }, "geometry": { "type": "Polygon", "coordinates": [ [ [ 114.1436106, 22.2821233 ], [ 114.1437237, 22.282146 ], [ 114.1437442, 22.2820588 ], [ 114.1438642, 22.2820828 ], [ 114.1438421, 22.2821771 ], [ 114.1439377, 22.2821962 ], [ 114.1439135, 22.2822994 ], [ 114.1435848, 22.2822334 ], [ 114.1436106, 22.2821233 ] ] ] } },
{ "type": "Feature", "properties": { "id": "540177759", "name": "nan", "shop": "nan", "highway": "nan", "railway": "nan", "leisure": "nan", "landuse": "nan", "building": "apartments" }, "geometry": { "type": "Polygon", "coordinates": [ [ [ 114.1410249, 22.2823892 ], [ 114.1411264, 22.2824656 ], [ 114.1412169, 22.282407 ], [ 114.1412637, 22.2824676 ], [ 114.1411757, 22.2825274 ], [ 114.1412266, 22.2826491 ], [ 114.1411467, 22.2826771 ], [ 114.1410998, 22.2825605 ], [ 114.1410739, 22.2825239 ], [ 114.1409723, 22.2824497 ], [ 114.1410249, 22.2823892 ] ] ] } },
{ "type": "Feature", "properties": { "id": "540177762", "name": "nan", "shop": "nan", "highway": "nan", "railway": "nan", "leisure": "nan", "landuse": "nan", "building": "apartments" }, "geometry": { "type": "Polygon", "coordinates": [ [ [ 114.1410132, 22.2829849 ], [ 114.1410555, 22.2829774 ], [ 114.1410988, 22.2829698 ], [ 114.1411087, 22.283018 ], [ 114.1411681, 22.2830075 ], [ 114.1411568, 22.2829525 ], [ 114.1412514, 22.2829358 ], [ 114.1413013, 22.2831777 ], [ 114.1412148, 22.283193 ], [ 114.1412019, 22.2831304 ], [ 114.141133, 22.2831426 ], [ 114.1411465, 22.2832082 ], [ 114.1410623, 22.2832231 ], [ 114.1410132, 22.2829849 ] ] ] } },
{ "type": "Feature", "properties": { "id": "540177765", "name": "nan", "shop": "nan", "highway": "nan", "railway": "nan", "leisure": "nan", "landuse": "nan", "building": "apartments" }, "geometry": { "type": "Polygon", "coordinates": [ [ [ 114.1415822, 22.2836685 ], [ 114.1415242, 22.2836567 ], [ 114.1415201, 22.2836741 ], [ 114.1415086, 22.2836717 ], [ 114.1415006, 22.2837053 ], [ 114.141558, 22.2837169 ], [ 114.1415527, 22.2837393 ], [ 114.1414762, 22.2837238 ], [ 114.1414678, 22.2837592 ], [ 114.1414985, 22.2837655 ], [ 114.1414915, 22.283795 ], [ 114.141548, 22.2838064 ], [ 114.1415712, 22.2838376 ], [ 114.1415576, 22.283895 ], [ 114.1415798, 22.2838995 ], [ 114.1415734, 22.2839265 ], [ 114.1416054, 22.2839329 ], [ 114.1416225, 22.2838608 ], [ 114.1416441, 22.2838651 ], [ 114.141627, 22.2839373 ], [ 114.1416544, 22.2839429 ], [ 114.1416608, 22.2839159 ], [ 114.1416784, 22.2839195 ], [ 114.1416911, 22.2838656 ], [ 114.141732, 22.2838436 ], [ 114.141784, 22.2838542 ], [ 114.1417904, 22.2838271 ], [ 114.1418194, 22.283833 ], [ 114.1418257, 22.2838062 ], [ 114.1417466, 22.2837902 ], [ 114.141752, 22.2837673 ], [ 114.1417955, 22.2837761 ], [ 114.14181, 22.2837146 ], [ 114.1417589, 22.2837043 ], [ 114.1417372, 22.2836708 ], [ 114.1417493, 22.2836196 ], [ 114.1416983, 22.2836093 ], [ 114.1416843, 22.2836685 ], [ 114.1416639, 22.2836644 ], [ 114.1416779, 22.2836051 ], [ 114.1416285, 22.2835951 ], [ 114.141616, 22.2836482 ], [ 114.1415822, 22.2836685 ] ] ] } },
{ "type": "Feature", "properties": { "id": "540177768", "name": "nan", "shop": "nan", "highway": "nan", "railway": "nan", "leisure": "nan", "landuse": "nan", "building": "yes" }, "geometry": { "type": "Polygon", "coordinates": [ [ [ 114.1426421, 22.2830572 ], [ 114.1427292, 22.2830344 ], [ 114.1427435, 22.2830812 ], [ 114.1428208, 22.2830609 ], [ 114.1428399, 22.2831234 ], [ 114.1426225, 22.2831783 ], [ 114.1426044, 22.2831165 ], [ 114.1426563, 22.2831036 ], [ 114.1426421, 22.2830572 ] ] ] } },
{ "type": "Feature", "properties": { "id": "540177771", "name": "nan", "shop": "nan", "highway": "nan", "railway": "nan", "leisure": "nan", "landuse": "nan", "building": "yes" }, "geometry": { "type": "Polygon", "coordinates": [ [ [ 114.1424119, 22.283096 ], [ 114.1424989, 22.2830732 ], [ 114.1425133, 22.28312 ], [ 114.1425905, 22.2830997 ], [ 114.1426097, 22.2831622 ], [ 114.1423799, 22.2832225 ], [ 114.1423606, 22.2831596 ], [ 114.1424261, 22.2831424 ], [ 114.1424119, 22.283096 ] ] ] } },
{ "type": "Feature", "properties": { "id": "540177773", "name": "nan", "shop": "nan", "highway": "nan", "railway": "nan", "leisure": "nan", "landuse": "nan", "building": "yes" }, "geometry": { "type": "Polygon", "coordinates": [ [ [ 114.1421154, 22.2834642 ], [ 114.1421573, 22.2834511 ], [ 114.1422033, 22.2834328 ], [ 114.1422348, 22.2834176 ], [ 114.1423459, 22.2833389 ], [ 114.1423248, 22.2832803 ], [ 114.1422773, 22.283295 ], [ 114.14227, 22.2832745 ], [ 114.142183, 22.2833014 ], [ 114.1422032, 22.2833574 ], [ 114.1421992, 22.2833649 ], [ 114.1421927, 22.2833721 ], [ 114.1421278, 22.2833921 ], [ 114.1421181, 22.2833933 ], [ 114.1421149, 22.2833899 ], [ 114.1421144, 22.2833131 ], [ 114.1420377, 22.2833135 ], [ 114.1420383, 22.2834077 ], [ 114.1419876, 22.2834079 ], [ 114.1419778, 22.2834675 ], [ 114.1420873, 22.2834697 ], [ 114.1421154, 22.2834642 ] ] ] } },
{ "type": "Feature", "properties": { "id": "540177776", "name": "碧翠園A座 Greenland Garden Block A", "shop": "nan", "highway": "nan", "railway": "nan", "leisure": "nan", "landuse": "nan", "building": "apartments" }, "geometry": { "type": "Polygon", "coordinates": [ [ [ 114.1421376, 22.2831774 ], [ 114.1422256, 22.2831934 ], [ 114.1422415, 22.2831189 ], [ 114.1421589, 22.2831038 ], [ 114.1421647, 22.2830766 ], [ 114.1421828, 22.2830799 ], [ 114.1421969, 22.2830139 ], [ 114.1421235, 22.2830005 ], [ 114.1421036, 22.2830937 ], [ 114.1420101, 22.2830767 ], [ 114.1419943, 22.2831512 ], [ 114.1420673, 22.2831645 ], [ 114.1420491, 22.28325 ], [ 114.1421194, 22.2832628 ], [ 114.1421376, 22.2831774 ] ] ] } },
{ "type": "Feature", "properties": { "id": "540177778", "name": "nan", "shop": "nan", "highway": "nan", "railway": "nan", "leisure": "nan", "landuse": "nan", "building": "apartments" }, "geometry": { "type": "Polygon", "coordinates": [ [ [ 114.1417883, 22.2827365 ], [ 114.1418764, 22.2827441 ], [ 114.1418697, 22.2828092 ], [ 114.1419502, 22.2828162 ], [ 114.141944, 22.2828767 ], [ 114.1417084, 22.2828562 ], [ 114.141715, 22.2827908 ], [ 114.1417822, 22.2827966 ], [ 114.1417883, 22.2827365 ] ] ] } },
{ "type": "Feature", "properties": { "id": "540177779", "name": "巴威大廈 Babington House", "shop": "nan", "highway": "nan", "railway": "nan", "leisure": "nan", "landuse": "nan", "building": "apartments" }, "geometry": { "type": "Polygon", "coordinates": [ [ [ 114.141128, 22.2833145 ], [ 114.1411997, 22.2832443 ], [ 114.1412959, 22.2833284 ], [ 114.141342, 22.2832833 ], [ 114.141378, 22.2833148 ], [ 114.1414058, 22.283339 ], [ 114.1413596, 22.2833842 ], [ 114.1414513, 22.2834643 ], [ 114.1413797, 22.2835345 ], [ 114.1413313, 22.2834922 ], [ 114.1413173, 22.2835059 ], [ 114.1412153, 22.2834168 ], [ 114.1411621, 22.2833703 ], [ 114.1411761, 22.2833565 ], [ 114.141128, 22.2833145 ] ] ] } },
{ "type": "Feature", "properties": { "id": "540177780", "name": "nan", "shop": "nan", "highway": "nan", "railway": "nan", "leisure": "nan", "landuse": "nan", "building": "apartments" }, "geometry": { "type": "Polygon", "coordinates": [ [ [ 114.1415511, 22.2821368 ], [ 114.1415529, 22.282106 ], [ 114.1414977, 22.2821032 ], [ 114.141496, 22.2821325 ], [ 114.1413731, 22.282123 ], [ 114.1413662, 22.2821994 ], [ 114.1414916, 22.2822091 ], [ 114.1414904, 22.2822294 ], [ 114.1415455, 22.2822321 ], [ 114.1415466, 22.2822134 ], [ 114.1416626, 22.2822224 ], [ 114.1416695, 22.282146 ], [ 114.1415511, 22.2821368 ] ] ] } },
{ "type": "Feature", "properties": { "id": "540177781", "name": "nan", "shop": "nan", "highway": "nan", "railway": "nan", "leisure": "nan", "landuse": "nan", "building": "yes" }, "geometry": { "type": "Polygon", "coordinates": [ [ [ 114.1417666, 22.2816632 ], [ 114.1419705, 22.2818198 ], [ 114.1419118, 22.2818852 ], [ 114.1418537, 22.2818406 ], [ 114.1418384, 22.2818576 ], [ 114.1417594, 22.281797 ], [ 114.1417759, 22.2817787 ], [ 114.1417091, 22.2817274 ], [ 114.1417666, 22.2816632 ] ] ] } },
{ "type": "Feature", "properties": { "id": "540177782", "name": "nan", "shop": "nan", "highway": "nan", "railway": "nan", "leisure": "nan", "landuse": "nan", "building": "yes" }, "geometry": { "type": "Polygon", "coordinates": [ [ [ 114.1419853, 22.2820973 ], [ 114.1417832, 22.2819388 ], [ 114.1418426, 22.2818739 ], [ 114.1419002, 22.2819191 ], [ 114.1419157, 22.2819022 ], [ 114.141994, 22.2819636 ], [ 114.1419774, 22.2819818 ], [ 114.1420436, 22.2820337 ], [ 114.1419853, 22.2820973 ] ] ] } },
{ "type": "Feature", "properties": { "id": "540177783", "name": "嘉賢大廈 Alpine Court", "shop": "nan", "highway": "nan", "railway": "nan", "leisure": "nan", "landuse": "nan", "building": "apartments" }, "geometry": { "type": "Polygon", "coordinates": [ [ [ 114.1420067, 22.2821921 ], [ 114.1420895, 22.2820487 ], [ 114.1421291, 22.2820683 ], [ 114.1421637, 22.2820084 ], [ 114.1422539, 22.282053 ], [ 114.1422182, 22.2821148 ], [ 114.1423036, 22.282157 ], [ 114.1423395, 22.2820948 ], [ 114.1424297, 22.2821394 ], [ 114.1423934, 22.2822023 ], [ 114.1424379, 22.2822244 ], [ 114.1423567, 22.2823651 ], [ 114.1420067, 22.2821921 ] ] ] } },
{ "type": "Feature", "properties": { "id": "540177785", "name": "清暉大廈 Belmont Court", "shop": "nan", "highway": "nan", "railway": "nan", "leisure": "nan", "landuse": "nan", "building": "apartments" }, "geometry": { "type": "Polygon", "coordinates": [ [ [ 114.142564, 22.2824075 ], [ 114.1425688, 22.2823235 ], [ 114.1425744, 22.2823237 ], [ 114.142576, 22.282295 ], [ 114.1424841, 22.2822905 ], [ 114.1424825, 22.2823192 ], [ 114.1424946, 22.2823198 ], [ 114.1424898, 22.2824039 ], [ 114.1424696, 22.2824029 ], [ 114.1424725, 22.2823512 ], [ 114.1424332, 22.2823493 ], [ 114.1424299, 22.2824065 ], [ 114.1424185, 22.2824059 ], [ 114.1424126, 22.282509 ], [ 114.1426136, 22.2825188 ], [ 114.1426173, 22.2824543 ], [ 114.142641, 22.2824555 ], [ 114.1426374, 22.28252 ], [ 114.1428257, 22.2825292 ], [ 114.1428316, 22.2824261 ], [ 114.1428207, 22.2824256 ], [ 114.142824, 22.2823684 ], [ 114.1427914, 22.2823668 ], [ 114.1427881, 22.2824238 ], [ 114.1427662, 22.2824227 ], [ 114.1427694, 22.2823652 ], [ 114.1427797, 22.2823657 ], [ 114.1427829, 22.2823085 ], [ 114.142693, 22.2823041 ], [ 114.1426897, 22.2823613 ], [ 114.1427, 22.2823618 ], [ 114.1426968, 22.2824193 ], [ 114.1426789, 22.2824184 ], [ 114.1426822, 22.2823615 ], [ 114.1426465, 22.2823597 ], [ 114.1426432, 22.2824169 ], [ 114.1426195, 22.2824158 ], [ 114.1426228, 22.2823586 ], [ 114.1425834, 22.2823566 ], [ 114.1425804, 22.2824083 ], [ 114.142564, 22.2824075 ] ] ] } },
{ "type": "Feature", "properties": { "id": "540177787", "name": "龍騰閣 Dragonview Court", "shop": "nan", "highway": "nan", "railway": "nan", "leisure": "nan", "landuse": "nan", "building": "yes" }, "geometry": { "type": "Polygon", "coordinates": [ [ [ 114.1434311, 22.2819794 ], [ 114.1435397, 22.2820049 ], [ 114.1435206, 22.2820743 ], [ 114.1435769, 22.2820875 ], [ 114.1435622, 22.282141 ], [ 114.1433413, 22.2820891 ], [ 114.1433599, 22.2820212 ], [ 114.1434161, 22.2820344 ], [ 114.1434311, 22.2819794 ] ] ] } },
{ "type": "Feature", "properties": { "id": "540177788", "name": "nan", "shop": "nan", "highway": "nan", "railway": "nan", "leisure": "nan", "landuse": "nan", "building": "yes" }, "geometry": { "type": "Polygon", "coordinates": [ [ [ 114.1425349, 22.2815454 ], [ 114.1428181, 22.2815495 ], [ 114.142817, 22.2816114 ], [ 114.1427666, 22.2816107 ], [ 114.1427339, 22.281642 ], [ 114.1427323, 22.2817261 ], [ 114.1426117, 22.2817241 ], [ 114.1426132, 22.281642 ], [ 114.142585, 22.2816107 ], [ 114.1425338, 22.28161 ], [ 114.1425349, 22.2815454 ] ] ] } },
{ "type": "Feature", "properties": { "id": "540177789", "name": "nan", "shop": "nan", "highway": "nan", "railway": "nan", "leisure": "nan", "landuse": "nan", "building": "apartments" }, "geometry": { "type": "Polygon", "coordinates": [ [ [ 114.1430006, 22.2803611 ], [ 114.1431162, 22.2803658 ], [ 114.1431205, 22.2802766 ], [ 114.1432432, 22.2802815 ], [ 114.1432386, 22.2803779 ], [ 114.1433364, 22.2803818 ], [ 114.1433313, 22.2804873 ], [ 114.1429953, 22.2804737 ], [ 114.1430006, 22.2803611 ] ] ] } },
{ "type": "Feature", "properties": { "id": "540178933", "name": "nan", "shop": "nan", "highway": "nan", "railway": "nan", "leisure": "nan", "landuse": "nan", "building": "yes" }, "geometry": { "type": "Polygon", "coordinates": [ [ [ 114.1443693, 22.2818715 ], [ 114.1444357, 22.2819005 ], [ 114.1444139, 22.2819507 ], [ 114.1444725, 22.2819746 ], [ 114.1444391, 22.2820416 ], [ 114.1442584, 22.2819632 ], [ 114.1442907, 22.2818999 ], [ 114.1443432, 22.2819228 ], [ 114.1443693, 22.2818715 ] ] ] } },
{ "type": "Feature", "properties": { "id": "540178934", "name": "Block B", "shop": "nan", "highway": "nan", "railway": "nan", "leisure": "nan", "landuse": "nan", "building": "apartments" }, "geometry": { "type": "Polygon", "coordinates": [ [ [ 114.1408303, 22.2798951 ], [ 114.1409513, 22.2799187 ], [ 114.1409435, 22.2799527 ], [ 114.1409229, 22.2799487 ], [ 114.140918, 22.2799702 ], [ 114.1410632, 22.2799986 ], [ 114.1410416, 22.2800933 ], [ 114.1407019, 22.280027 ], [ 114.1407235, 22.2799322 ], [ 114.1408394, 22.2799549 ], [ 114.1408443, 22.2799333 ], [ 114.1408225, 22.279929 ], [ 114.1408303, 22.2798951 ] ] ] } },
{ "type": "Feature", "properties": { "id": "540178935", "name": "Block A", "shop": "nan", "highway": "nan", "railway": "nan", "leisure": "nan", "landuse": "nan", "building": "apartments" }, "geometry": { "type": "Polygon", "coordinates": [ [ [ 114.1412427, 22.2799617 ], [ 114.1413499, 22.2799826 ], [ 114.1413417, 22.2800186 ], [ 114.1413257, 22.2800154 ], [ 114.1413182, 22.2800484 ], [ 114.1414522, 22.2800746 ], [ 114.1414306, 22.2801693 ], [ 114.1410903, 22.2801028 ], [ 114.1411119, 22.2800081 ], [ 114.1412435, 22.2800338 ], [ 114.1412511, 22.2800008 ], [ 114.1412345, 22.2799976 ], [ 114.1412427, 22.2799617 ] ] ] } },
{ "type": "Feature", "properties": { "id": "540178936", "name": "nan", "shop": "nan", "highway": "nan", "railway": "nan", "leisure": "nan", "landuse": "nan", "building": "yes" }, "geometry": { "type": "Polygon", "coordinates": [ [ [ 114.1400919, 22.2799302 ], [ 114.1402153, 22.2799237 ], [ 114.1402194, 22.2799915 ], [ 114.1403303, 22.2799856 ], [ 114.1403379, 22.2801092 ], [ 114.1399925, 22.2801274 ], [ 114.1399845, 22.2799983 ], [ 114.1400958, 22.2799924 ], [ 114.1400919, 22.2799302 ] ] ] } },
{ "type": "Feature", "properties": { "id": "540178937", "name": "Block D", "shop": "nan", "highway": "nan", "railway": "nan", "leisure": "nan", "landuse": "nan", "building": "yes" }, "geometry": { "type": "Polygon", "coordinates": [ [ [ 114.1394216, 22.2801967 ], [ 114.1394844, 22.2801291 ], [ 114.1393969, 22.2800639 ], [ 114.1392905, 22.2800341 ], [ 114.1391655, 22.2800662 ], [ 114.1391909, 22.2801492 ], [ 114.1392871, 22.280123 ], [ 114.1393551, 22.2801472 ], [ 114.1394216, 22.2801967 ] ] ] } },
{ "type": "Feature", "properties": { "id": "540178938", "name": "nan", "shop": "nan", "highway": "nan", "railway": "nan", "leisure": "nan", "landuse": "nan", "building": "yes" }, "geometry": { "type": "Polygon", "coordinates": [ [ [ 114.1426363, 22.2812643 ], [ 114.1426475, 22.2812624 ], [ 114.1426498, 22.2812745 ], [ 114.1426188, 22.2812796 ], [ 114.1426279, 22.2813277 ], [ 114.1425997, 22.2813323 ], [ 114.1425906, 22.2812841 ], [ 114.142564, 22.2812885 ], [ 114.1425731, 22.2813366 ], [ 114.142564, 22.2813381 ], [ 114.1425793, 22.2814187 ], [ 114.1427949, 22.2813836 ], [ 114.142797, 22.2813948 ], [ 114.1428406, 22.2813877 ], [ 114.1428278, 22.28132 ], [ 114.1428412, 22.2813178 ], [ 114.1428275, 22.2812456 ], [ 114.1427733, 22.2812545 ], [ 114.1427824, 22.2813026 ], [ 114.1427606, 22.2813062 ], [ 114.1427514, 22.281258 ], [ 114.1427226, 22.2812627 ], [ 114.1427204, 22.2812506 ], [ 114.1427264, 22.2812496 ], [ 114.1426958, 22.2810884 ], [ 114.1426057, 22.281103 ], [ 114.1426363, 22.2812643 ] ] ] } },
{ "type": "Feature", "properties": { "id": "540326057", "name": "頤庭酒店 Eco Tree Hotel", "shop": "nan", "highway": "nan", "railway": "nan", "leisure": "nan", "landuse": "nan", "building": "hotel" }, "geometry": { "type": "Polygon", "coordinates": [ [ [ 114.1442639, 22.2877512 ], [ 114.1442602, 22.2876511 ], [ 114.1442565, 22.2875507 ], [ 114.1441082, 22.2875553 ], [ 114.1441156, 22.2877559 ], [ 114.1442639, 22.2877512 ] ] ] } },
{ "type": "Feature", "properties": { "id": "540326059", "name": "nan", "shop": "nan", "highway": "nan", "railway": "nan", "leisure": "nan", "landuse": "nan", "building": "yes" }, "geometry": { "type": "Polygon", "coordinates": [ [ [ 114.1449052, 22.2880806 ], [ 114.1449983, 22.2880776 ], [ 114.1449959, 22.288014 ], [ 114.1450737, 22.2880111 ], [ 114.1450713, 22.2879578 ], [ 114.1449009, 22.2879642 ], [ 114.1449052, 22.2880806 ] ] ] } },
{ "type": "Feature", "properties": { "id": "540326060", "name": "聯威商業大廈 Luen Wai Commercial Building", "shop": "nan", "highway": "nan", "railway": "nan", "leisure": "nan", "landuse": "nan", "building": "commercial" }, "geometry": { "type": "Polygon", "coordinates": [ [ [ 114.1453275, 22.2879242 ], [ 114.1453329, 22.2879813 ], [ 114.1453426, 22.2880845 ], [ 114.1453468, 22.2881286 ], [ 114.1452019, 22.2881373 ], [ 114.1451981, 22.2880961 ], [ 114.1451883, 22.287993 ], [ 114.1451829, 22.2879359 ], [ 114.1453275, 22.2879242 ] ] ] } },
{ "type": "Feature", "properties": { "id": "540326066", "name": "太極軒 120 Chi Residences 120", "shop": "nan", "highway": "nan", "railway": "nan", "leisure": "nan", "landuse": "nan", "building": "apartments" }, "geometry": { "type": "Polygon", "coordinates": [ [ [ 114.1442956, 22.2882422 ], [ 114.1443017, 22.2884059 ], [ 114.1442121, 22.2884087 ], [ 114.144206, 22.288245 ], [ 114.1442956, 22.2882422 ] ] ] } },
{ "type": "Feature", "properties": { "id": "540330312", "name": "德仁大廈 Tak Yan Building", "shop": "nan", "highway": "nan", "railway": "nan", "leisure": "nan", "landuse": "nan", "building": "apartments" }, "geometry": { "type": "Polygon", "coordinates": [ [ [ 114.1446603, 22.2876326 ], [ 114.1448067, 22.2876305 ], [ 114.1448142, 22.2877404 ], [ 114.1446665, 22.2877426 ], [ 114.1446603, 22.2876326 ] ] ] } },
{ "type": "Feature", "properties": { "id": "540330313", "name": "利華大廈 Lee Wah Mansion", "shop": "nan", "highway": "nan", "railway": "nan", "leisure": "nan", "landuse": "nan", "building": "apartments" }, "geometry": { "type": "Polygon", "coordinates": [ [ [ 114.1448178, 22.2879492 ], [ 114.1446233, 22.2879553 ], [ 114.1446241, 22.2879777 ], [ 114.1446245, 22.28799 ], [ 114.1446373, 22.2879896 ], [ 114.1446385, 22.2880237 ], [ 114.1446602, 22.288023 ], [ 114.1446622, 22.2880754 ], [ 114.1448223, 22.2880703 ], [ 114.1448178, 22.2879492 ] ] ] } },
{ "type": "Feature", "properties": { "id": "540330314", "name": "大興大廈 Tai Hing Building", "shop": "nan", "highway": "nan", "railway": "nan", "leisure": "nan", "landuse": "nan", "building": "apartments" }, "geometry": { "type": "Polygon", "coordinates": [ [ [ 114.1444835, 22.2880427 ], [ 114.1445311, 22.2880412 ], [ 114.1445318, 22.2880585 ], [ 114.144627, 22.2880555 ], [ 114.1446256, 22.2880177 ], [ 114.1446042, 22.2880184 ], [ 114.1446027, 22.2879784 ], [ 114.1446241, 22.2879777 ], [ 114.1446233, 22.2879553 ], [ 114.1443852, 22.2879629 ], [ 114.144386, 22.2879853 ], [ 114.1444074, 22.2879847 ], [ 114.1444089, 22.2880246 ], [ 114.1443875, 22.2880253 ], [ 114.1443889, 22.2880631 ], [ 114.1444841, 22.2880601 ], [ 114.1444835, 22.2880427 ] ] ] } },
{ "type": "Feature", "properties": { "id": "540333083", "name": "雅苑 Beauty Court", "shop": "nan", "highway": "nan", "railway": "nan", "leisure": "nan", "landuse": "nan", "building": "apartments" }, "geometry": { "type": "Polygon", "coordinates": [ [ [ 114.1444605, 22.2829922 ], [ 114.1445353, 22.2830177 ], [ 114.1445615, 22.2829517 ], [ 114.1446538, 22.2829832 ], [ 114.1446269, 22.283051 ], [ 114.1446932, 22.2830736 ], [ 114.1446618, 22.2831524 ], [ 114.1444283, 22.2830729 ], [ 114.1444605, 22.2829922 ] ] ] } },
{ "type": "Feature", "properties": { "id": "540333084", "name": "恒柏園B座 Park View Court Block B", "shop": "nan", "highway": "nan", "railway": "nan", "leisure": "nan", "landuse": "nan", "building": "yes" }, "geometry": { "type": "Polygon", "coordinates": [ [ [ 114.1449979, 22.2832815 ], [ 114.1449225, 22.2832464 ], [ 114.1448851, 22.2833154 ], [ 114.1449627, 22.2833515 ], [ 114.1449254, 22.2834259 ], [ 114.1446501, 22.2832963 ], [ 114.1446937, 22.2832172 ], [ 114.1447725, 22.2832543 ], [ 114.14481, 22.2831862 ], [ 114.1447308, 22.283149 ], [ 114.1447613, 22.2830935 ], [ 114.1450289, 22.2832195 ], [ 114.1449979, 22.2832815 ] ] ] } },
{ "type": "Feature", "properties": { "id": "540396416", "name": "麗澤園 Richmond Court", "shop": "nan", "highway": "nan", "railway": "nan", "leisure": "nan", "landuse": "nan", "building": "apartments" }, "geometry": { "type": "Polygon", "coordinates": [ [ [ 114.1441734, 22.28225 ], [ 114.1442865, 22.2822727 ], [ 114.144307, 22.2821855 ], [ 114.144427, 22.2822095 ], [ 114.1444049, 22.2823038 ], [ 114.1445005, 22.2823229 ], [ 114.1444763, 22.2824261 ], [ 114.1441476, 22.2823601 ], [ 114.1441734, 22.28225 ] ] ] } },
{ "type": "Feature", "properties": { "id": "540396418", "name": "昭景大廈 Fairview Mansion", "shop": "nan", "highway": "nan", "railway": "nan", "leisure": "nan", "landuse": "nan", "building": "apartments" }, "geometry": { "type": "Polygon", "coordinates": [ [ [ 114.1444463, 22.2828017 ], [ 114.1443911, 22.2827855 ], [ 114.1443976, 22.2827665 ], [ 114.1444188, 22.2827727 ], [ 114.1444359, 22.2827226 ], [ 114.144289, 22.2826796 ], [ 114.1442719, 22.2827296 ], [ 114.1442884, 22.2827345 ], [ 114.1442819, 22.2827535 ], [ 114.1442343, 22.2827395 ], [ 114.1442396, 22.282724 ], [ 114.14418, 22.2827065 ], [ 114.1441364, 22.2828338 ], [ 114.1444657, 22.2829303 ], [ 114.1445093, 22.282803 ], [ 114.1444516, 22.2827861 ], [ 114.1444463, 22.2828017 ] ] ] } },
{ "type": "Feature", "properties": { "id": "540397807", "name": "Block 1", "shop": "nan", "highway": "nan", "railway": "nan", "leisure": "nan", "landuse": "nan", "building": "yes" }, "geometry": { "type": "Polygon", "coordinates": [ [ [ 114.1402404, 22.2807625 ], [ 114.1402535, 22.2809101 ], [ 114.1399547, 22.2809505 ], [ 114.1399077, 22.2809195 ], [ 114.139956, 22.2808599 ], [ 114.1400512, 22.2808438 ], [ 114.1400351, 22.2807184 ], [ 114.1401464, 22.2807085 ], [ 114.1401518, 22.2808128 ], [ 114.1401947, 22.2808115 ], [ 114.1401894, 22.2807668 ], [ 114.1402404, 22.2807625 ] ] ] } },
{ "type": "Feature", "properties": { "id": "540397808", "name": "Block 3", "shop": "nan", "highway": "nan", "railway": "nan", "leisure": "nan", "landuse": "nan", "building": "yes" }, "geometry": { "type": "Polygon", "coordinates": [ [ [ 114.1399389, 22.2805009 ], [ 114.1401036, 22.2803738 ], [ 114.1401486, 22.2804236 ], [ 114.1401124, 22.2804516 ], [ 114.1401518, 22.2804954 ], [ 114.1400583, 22.2805676 ], [ 114.1400188, 22.2805238 ], [ 114.1399838, 22.2805508 ], [ 114.1399389, 22.2805009 ] ] ] } },
{ "type": "Feature", "properties": { "id": "540717092", "name": "nan", "shop": "nan", "highway": "nan", "railway": "nan", "leisure": "nan", "landuse": "nan", "building": "apartments" }, "geometry": { "type": "Polygon", "coordinates": [ [ [ 114.1438152, 22.2876441 ], [ 114.143854, 22.2876429 ], [ 114.1438533, 22.2876244 ], [ 114.1438682, 22.2876239 ], [ 114.1438685, 22.2876328 ], [ 114.1439004, 22.2876318 ], [ 114.1438982, 22.2875715 ], [ 114.1438663, 22.2875725 ], [ 114.1438666, 22.2875815 ], [ 114.1438517, 22.2875819 ], [ 114.1438511, 22.2875634 ], [ 114.1438123, 22.2875646 ], [ 114.1438152, 22.2876441 ] ] ] } },
{ "type": "Feature", "properties": { "id": "540717093", "name": "nan", "shop": "nan", "highway": "nan", "railway": "nan", "leisure": "nan", "landuse": "nan", "building": "apartments" }, "geometry": { "type": "Polygon", "coordinates": [ [ [ 114.1438624, 22.2877639 ], [ 114.143858, 22.2876427 ], [ 114.143854, 22.2876429 ], [ 114.1438152, 22.2876441 ], [ 114.1438196, 22.2877652 ], [ 114.1438624, 22.2877639 ] ] ] } },
{ "type": "Feature", "properties": { "id": "540717097", "name": "nan", "shop": "nan", "highway": "nan", "railway": "nan", "leisure": "nan", "landuse": "nan", "building": "apartments" }, "geometry": { "type": "Polygon", "coordinates": [ [ [ 114.1438814, 22.2870455 ], [ 114.1439212, 22.2870442 ], [ 114.1439175, 22.2869405 ], [ 114.1438776, 22.2869418 ], [ 114.1438814, 22.2870455 ] ] ] } },
{ "type": "Feature", "properties": { "id": "540717098", "name": "安邦大廈 Empire Building", "shop": "nan", "highway": "nan", "railway": "nan", "leisure": "nan", "landuse": "nan", "building": "apartments" }, "geometry": { "type": "Polygon", "coordinates": [ [ [ 114.1436344, 22.2876313 ], [ 114.1436362, 22.2876794 ], [ 114.1436248, 22.2876798 ], [ 114.1436281, 22.2877713 ], [ 114.1437081, 22.2877687 ], [ 114.1437047, 22.2876773 ], [ 114.1436933, 22.2876776 ], [ 114.1436915, 22.2876295 ], [ 114.1436344, 22.2876313 ] ] ] } },
{ "type": "Feature", "properties": { "id": "540717099", "name": "聯德大廈 Luen Tak Building", "shop": "nan", "highway": "nan", "railway": "nan", "leisure": "nan", "landuse": "nan", "building": "apartments" }, "geometry": { "type": "Polygon", "coordinates": [ [ [ 114.1436281, 22.2877713 ], [ 114.1436248, 22.2876798 ], [ 114.1436239, 22.2876565 ], [ 114.143577, 22.287658 ], [ 114.1435778, 22.2876801 ], [ 114.1435147, 22.287682 ], [ 114.143513, 22.2876352 ], [ 114.1433828, 22.2876392 ], [ 114.1433879, 22.2877788 ], [ 114.1436281, 22.2877713 ] ] ] } },
{ "type": "Feature", "properties": { "id": "540717100", "name": "梅芳大廈 Mui Fong Apartments", "shop": "nan", "highway": "nan", "railway": "nan", "leisure": "nan", "landuse": "nan", "building": "apartments" }, "geometry": { "type": "Polygon", "coordinates": [ [ [ 114.1433151, 22.2877811 ], [ 114.14331, 22.2876415 ], [ 114.1431892, 22.2876453 ], [ 114.1431931, 22.2877511 ], [ 114.1431732, 22.2877517 ], [ 114.1431744, 22.2877856 ], [ 114.1433151, 22.2877811 ] ] ] } },
{ "type": "Feature", "properties": { "id": "540717101", "name": "惠德大廈 Wai Tak Building", "shop": "nan", "highway": "nan", "railway": "nan", "leisure": "nan", "landuse": "nan", "building": "apartments" }, "geometry": { "type": "Polygon", "coordinates": [ [ [ 114.1430286, 22.2876504 ], [ 114.1430338, 22.28779 ], [ 114.1431744, 22.2877856 ], [ 114.1431732, 22.2877517 ], [ 114.1431711, 22.2876942 ], [ 114.1431571, 22.2876946 ], [ 114.1431553, 22.2876464 ], [ 114.1430286, 22.2876504 ] ] ] } },
{ "type": "Feature", "properties": { "id": "540717102", "name": "202商業中心 202 Centre", "shop": "nan", "highway": "nan", "railway": "nan", "leisure": "nan", "landuse": "nan", "building": "commercial" }, "geometry": { "type": "Polygon", "coordinates": [ [ [ 114.1428684, 22.2876554 ], [ 114.1428692, 22.2876753 ], [ 114.1428725, 22.2877607 ], [ 114.1428736, 22.2877951 ], [ 114.142961, 22.2877923 ], [ 114.1429597, 22.2877581 ], [ 114.1429558, 22.2876526 ], [ 114.1428956, 22.2876545 ], [ 114.1428684, 22.2876554 ] ] ] } },
{ "type": "Feature", "properties": { "id": "540717103", "name": "nan", "shop": "nan", "highway": "nan", "railway": "nan", "leisure": "nan", "landuse": "nan", "building": "yes" }, "geometry": { "type": "Polygon", "coordinates": [ [ [ 114.142539, 22.2874987 ], [ 114.1425396, 22.2875148 ], [ 114.1425447, 22.2876504 ], [ 114.1425452, 22.2876657 ], [ 114.142384, 22.2876708 ], [ 114.1423778, 22.2875038 ], [ 114.1424661, 22.287501 ], [ 114.142539, 22.2874987 ] ] ] } },
{ "type": "Feature", "properties": { "id": "540717106", "name": "nan", "shop": "nan", "highway": "nan", "railway": "nan", "leisure": "nan", "landuse": "nan", "building": "retail" }, "geometry": { "type": "Polygon", "coordinates": [ [ [ 114.142367, 22.2872122 ], [ 114.1424888, 22.2872084 ], [ 114.1425282, 22.2872071 ], [ 114.1425251, 22.2871238 ], [ 114.1423639, 22.2871289 ], [ 114.142367, 22.2872122 ] ] ] } },
{ "type": "Feature", "properties": { "id": "540717107", "name": "nan", "shop": "nan", "highway": "nan", "railway": "nan", "leisure": "nan", "landuse": "nan", "building": "apartments" }, "geometry": { "type": "Polygon", "coordinates": [ [ [ 114.1424668, 22.2872613 ], [ 114.1424429, 22.287262 ], [ 114.1424427, 22.2872563 ], [ 114.1424283, 22.2872568 ], [ 114.1424281, 22.287252 ], [ 114.1423685, 22.2872539 ], [ 114.1423716, 22.2873372 ], [ 114.1424312, 22.2873353 ], [ 114.142431, 22.2873305 ], [ 114.1424454, 22.28733 ], [ 114.1424452, 22.2873243 ], [ 114.1424692, 22.2873236 ], [ 114.1424668, 22.2872613 ] ] ] } },
{ "type": "Feature", "properties": { "id": "540717108", "name": "nan", "shop": "nan", "highway": "nan", "railway": "nan", "leisure": "nan", "landuse": "nan", "building": "apartments" }, "geometry": { "type": "Polygon", "coordinates": [ [ [ 114.1423716, 22.2873372 ], [ 114.1423747, 22.2874205 ], [ 114.1424631, 22.2874177 ], [ 114.14246, 22.2873344 ], [ 114.1424312, 22.2873353 ], [ 114.1423716, 22.2873372 ] ] ] } },
{ "type": "Feature", "properties": { "id": "540717109", "name": "nan", "shop": "nan", "highway": "nan", "railway": "nan", "leisure": "nan", "landuse": "nan", "building": "apartments" }, "geometry": { "type": "Polygon", "coordinates": [ [ [ 114.1423747, 22.2874205 ], [ 114.1423778, 22.2875038 ], [ 114.1424661, 22.287501 ], [ 114.1424659, 22.287495 ], [ 114.1425092, 22.2874936 ], [ 114.1425083, 22.28747 ], [ 114.1424651, 22.2874714 ], [ 114.1424642, 22.2874473 ], [ 114.1425074, 22.2874459 ], [ 114.1425065, 22.2874223 ], [ 114.1424633, 22.2874237 ], [ 114.1424631, 22.2874177 ], [ 114.1423747, 22.2874205 ] ] ] } },
{ "type": "Feature", "properties": { "id": "540717110", "name": "nan", "shop": "nan", "highway": "nan", "railway": "nan", "leisure": "nan", "landuse": "nan", "building": "apartments" }, "geometry": { "type": "Polygon", "coordinates": [ [ [ 114.1418869, 22.2874961 ], [ 114.1419434, 22.2874943 ], [ 114.1419429, 22.2874813 ], [ 114.1419629, 22.2874807 ], [ 114.1419631, 22.2874876 ], [ 114.1420007, 22.2874864 ], [ 114.1419979, 22.2874106 ], [ 114.1419603, 22.2874118 ], [ 114.1419606, 22.2874187 ], [ 114.1419406, 22.2874193 ], [ 114.1419402, 22.2874064 ], [ 114.1418837, 22.2874082 ], [ 114.1418869, 22.2874961 ] ] ] } },
{ "type": "Feature", "properties": { "id": "540717111", "name": "nan", "shop": "nan", "highway": "nan", "railway": "nan", "leisure": "nan", "landuse": "nan", "building": "apartments" }, "geometry": { "type": "Polygon", "coordinates": [ [ [ 114.1419977, 22.2874046 ], [ 114.1419961, 22.2873606 ], [ 114.1418821, 22.2873642 ], [ 114.1418837, 22.2874082 ], [ 114.1419402, 22.2874064 ], [ 114.1419977, 22.2874046 ] ] ] } },
{ "type": "Feature", "properties": { "id": "540717112", "name": "nan", "shop": "nan", "highway": "nan", "railway": "nan", "leisure": "nan", "landuse": "nan", "building": "apartments" }, "geometry": { "type": "Polygon", "coordinates": [ [ [ 114.1418772, 22.2872323 ], [ 114.1418804, 22.2873203 ], [ 114.1419467, 22.2873182 ], [ 114.1419459, 22.2872963 ], [ 114.1419624, 22.2872958 ], [ 114.1419626, 22.2873028 ], [ 114.1419939, 22.2873018 ], [ 114.1419917, 22.2872436 ], [ 114.1419605, 22.2872445 ], [ 114.1419607, 22.2872516 ], [ 114.1419443, 22.2872521 ], [ 114.1419435, 22.2872302 ], [ 114.1418772, 22.2872323 ] ] ] } },
{ "type": "Feature", "properties": { "id": "540717113", "name": "nan", "shop": "nan", "highway": "nan", "railway": "nan", "leisure": "nan", "landuse": "nan", "building": "apartments" }, "geometry": { "type": "Polygon", "coordinates": [ [ [ 114.1418772, 22.2872323 ], [ 114.1418739, 22.2871444 ], [ 114.1419402, 22.2871423 ], [ 114.141941, 22.2871642 ], [ 114.1419575, 22.2871636 ], [ 114.1419572, 22.2871566 ], [ 114.1419885, 22.2871556 ], [ 114.1419906, 22.2872139 ], [ 114.1419594, 22.2872149 ], [ 114.1419591, 22.2872079 ], [ 114.1419427, 22.2872084 ], [ 114.1419435, 22.2872302 ], [ 114.1418772, 22.2872323 ] ] ] } },
{ "type": "Feature", "properties": { "id": "540717115", "name": "安達中心 Andes Plaza", "shop": "nan", "highway": "nan", "railway": "nan", "leisure": "nan", "landuse": "nan", "building": "commercial" }, "geometry": { "type": "Polygon", "coordinates": [ [ [ 114.1419402, 22.2871244 ], [ 114.1419358, 22.2870032 ], [ 114.1418415, 22.2870062 ], [ 114.141802, 22.2870074 ], [ 114.1417798, 22.2870081 ], [ 114.1417403, 22.2870093 ], [ 114.1416372, 22.2870126 ], [ 114.1416392, 22.287066 ], [ 114.1416417, 22.2871338 ], [ 114.1419402, 22.2871244 ] ] ] } },
{ "type": "Feature", "properties": { "id": "540717116", "name": "八達大廈 Federate Building", "shop": "nan", "highway": "nan", "railway": "nan", "leisure": "nan", "landuse": "nan", "building": "apartments" }, "geometry": { "type": "Polygon", "coordinates": [ [ [ 114.1420924, 22.2866239 ], [ 114.1421784, 22.2866222 ], [ 114.1421791, 22.2866514 ], [ 114.1421694, 22.2866515 ], [ 114.1421699, 22.2866742 ], [ 114.14223, 22.286673 ], [ 114.1422321, 22.2867614 ], [ 114.142172, 22.2867626 ], [ 114.1421726, 22.2867916 ], [ 114.1421823, 22.2867914 ], [ 114.142183, 22.2868206 ], [ 114.142097, 22.2868223 ], [ 114.1420964, 22.2867931 ], [ 114.1421061, 22.2867929 ], [ 114.1421028, 22.2866529 ], [ 114.1420931, 22.2866531 ], [ 114.1420924, 22.2866239 ] ] ] } },
{ "type": "Feature", "properties": { "id": "541114078", "name": "nan", "shop": "nan", "highway": "nan", "railway": "nan", "leisure": "nan", "landuse": "nan", "building": "apartments" }, "geometry": { "type": "Polygon", "coordinates": [ [ [ 114.1421187, 22.2874911 ], [ 114.1421681, 22.2874896 ], [ 114.1421687, 22.2875051 ], [ 114.1422212, 22.2875035 ], [ 114.1422563, 22.2875024 ], [ 114.1422533, 22.2874202 ], [ 114.1421656, 22.287423 ], [ 114.1421662, 22.2874386 ], [ 114.1421168, 22.2874401 ], [ 114.1421187, 22.2874911 ] ] ] } },
{ "type": "Feature", "properties": { "id": "541114079", "name": "nan", "shop": "nan", "highway": "nan", "railway": "nan", "leisure": "nan", "landuse": "nan", "building": "apartments" }, "geometry": { "type": "Polygon", "coordinates": [ [ [ 114.1421369, 22.2871361 ], [ 114.1421384, 22.2871772 ], [ 114.1422442, 22.2871738 ], [ 114.1422426, 22.2871328 ], [ 114.1421369, 22.2871361 ] ] ] } },
{ "type": "Feature", "properties": { "id": "541114081", "name": "nan", "shop": "nan", "highway": "nan", "railway": "nan", "leisure": "nan", "landuse": "nan", "building": "apartments" }, "geometry": { "type": "Polygon", "coordinates": [ [ [ 114.1436855, 22.2871546 ], [ 114.143565, 22.2871584 ], [ 114.1435638, 22.2871264 ], [ 114.1436413, 22.287124 ], [ 114.143641, 22.2871155 ], [ 114.143684, 22.2871141 ], [ 114.1436855, 22.2871546 ] ] ] } },
{ "type": "Feature", "properties": { "id": "541114082", "name": "nan", "shop": "nan", "highway": "nan", "railway": "nan", "leisure": "nan", "landuse": "nan", "building": "apartments" }, "geometry": { "type": "Polygon", "coordinates": [ [ [ 114.1435826, 22.2868077 ], [ 114.1436633, 22.2868052 ], [ 114.1436572, 22.2866413 ], [ 114.1435765, 22.2866439 ], [ 114.1435826, 22.2868077 ] ] ] } },
{ "type": "Feature", "properties": { "id": "541114083", "name": "nan", "shop": "nan", "highway": "nan", "railway": "nan", "leisure": "nan", "landuse": "nan", "building": "apartments" }, "geometry": { "type": "Polygon", "coordinates": [ [ [ 114.1433087, 22.2867109 ], [ 114.1433098, 22.2867398 ], [ 114.1433206, 22.2867394 ], [ 114.1433214, 22.2867594 ], [ 114.1433105, 22.2867598 ], [ 114.1433126, 22.2868163 ], [ 114.1434026, 22.2868135 ], [ 114.1434005, 22.2867569 ], [ 114.1433896, 22.2867573 ], [ 114.1433889, 22.2867373 ], [ 114.1433997, 22.2867369 ], [ 114.1433987, 22.2867081 ], [ 114.1433087, 22.2867109 ] ] ] } },
{ "type": "Feature", "properties": { "id": "541114084", "name": "好時大廈 Good Times Building", "shop": "nan", "highway": "nan", "railway": "nan", "leisure": "nan", "landuse": "nan", "building": "apartments" }, "geometry": { "type": "Polygon", "coordinates": [ [ [ 114.1435531, 22.2866671 ], [ 114.1434216, 22.2866713 ], [ 114.1434244, 22.2867466 ], [ 114.1435559, 22.2867424 ], [ 114.1435531, 22.2866671 ] ] ] } },
{ "type": "Feature", "properties": { "id": "541114085", "name": "東祥大廈 Tung Cheung Building", "shop": "nan", "highway": "nan", "railway": "nan", "leisure": "nan", "landuse": "nan", "building": "retail" }, "geometry": { "type": "Polygon", "coordinates": [ [ [ 114.1433873, 22.2862897 ], [ 114.1433822, 22.2861544 ], [ 114.1436373, 22.2861463 ], [ 114.1436423, 22.2862816 ], [ 114.1436108, 22.2862826 ], [ 114.1434188, 22.2862887 ], [ 114.1433873, 22.2862897 ] ] ] } },
{ "type": "Feature", "properties": { "id": "541114090", "name": "長蓁閣 Ivy Tower", "shop": "nan", "highway": "nan", "railway": "nan", "leisure": "nan", "landuse": "nan", "building": "apartments" }, "geometry": { "type": "Polygon", "coordinates": [ [ [ 114.1414995, 22.2864152 ], [ 114.1415013, 22.2864662 ], [ 114.1415497, 22.2864648 ], [ 114.1415481, 22.2864211 ], [ 114.1415876, 22.2864199 ], [ 114.1415873, 22.2864125 ], [ 114.1415932, 22.2864123 ], [ 114.1415915, 22.2863661 ], [ 114.1415528, 22.2863673 ], [ 114.141552, 22.2863449 ], [ 114.1415907, 22.2863438 ], [ 114.1415891, 22.2862975 ], [ 114.1415833, 22.2862977 ], [ 114.141583, 22.2862903 ], [ 114.1415435, 22.2862915 ], [ 114.1415419, 22.2862479 ], [ 114.1414936, 22.2862493 ], [ 114.1414954, 22.2863004 ], [ 114.1414753, 22.286301 ], [ 114.1414735, 22.2862499 ], [ 114.1414252, 22.2862514 ], [ 114.1414267, 22.2862951 ], [ 114.1413872, 22.2862963 ], [ 114.1413875, 22.2863037 ], [ 114.1413817, 22.2863038 ], [ 114.1413833, 22.2863501 ], [ 114.141422, 22.2863489 ], [ 114.1414228, 22.2863712 ], [ 114.1413841, 22.2863724 ], [ 114.1413858, 22.2864187 ], [ 114.1413916, 22.2864185 ], [ 114.1413918, 22.2864258 ], [ 114.1414313, 22.2864246 ], [ 114.1414329, 22.2864683 ], [ 114.1414812, 22.2864669 ], [ 114.1414794, 22.2864158 ], [ 114.1414995, 22.2864152 ] ] ] } },
{ "type": "Feature", "properties": { "id": "541114091", "name": "nan", "shop": "nan", "highway": "nan", "railway": "nan", "leisure": "nan", "landuse": "nan", "building": "apartments" }, "geometry": { "type": "Polygon", "coordinates": [ [ [ 114.1411417, 22.2860289 ], [ 114.1411027, 22.2860301 ], [ 114.1410993, 22.2859388 ], [ 114.141116, 22.2859383 ], [ 114.1411383, 22.2859376 ], [ 114.1411351, 22.2858513 ], [ 114.141251, 22.2858477 ], [ 114.1412542, 22.2859339 ], [ 114.1412906, 22.2859327 ], [ 114.1412941, 22.286024 ], [ 114.1412576, 22.2860252 ], [ 114.1412603, 22.2860991 ], [ 114.1411444, 22.2861028 ], [ 114.1411417, 22.2860289 ] ] ] } },
{ "type": "Feature", "properties": { "id": "541114094", "name": "富裕大廈 Wealth Building", "shop": "nan", "highway": "nan", "railway": "nan", "leisure": "nan", "landuse": "nan", "building": "apartments" }, "geometry": { "type": "Polygon", "coordinates": [ [ [ 114.1420867, 22.2853335 ], [ 114.1420847, 22.28528 ], [ 114.1420362, 22.2852815 ], [ 114.1420339, 22.2852195 ], [ 114.1419312, 22.2852228 ], [ 114.1419335, 22.2852849 ], [ 114.141885, 22.2852864 ], [ 114.1418876, 22.2853399 ], [ 114.1420867, 22.2853335 ] ] ] } },
{ "type": "Feature", "properties": { "id": "541114095", "name": "nan", "shop": "nan", "highway": "nan", "railway": "nan", "leisure": "nan", "landuse": "nan", "building": "apartments" }, "geometry": { "type": "Polygon", "coordinates": [ [ [ 114.1420863, 22.2849819 ], [ 114.142086, 22.2849741 ], [ 114.1420858, 22.2849686 ], [ 114.1419937, 22.2849713 ], [ 114.1419941, 22.2849846 ], [ 114.1419536, 22.2849858 ], [ 114.141955, 22.2850281 ], [ 114.1420076, 22.2850265 ], [ 114.1420081, 22.2850425 ], [ 114.1420266, 22.285042 ], [ 114.1420281, 22.2850841 ], [ 114.1420898, 22.2850823 ], [ 114.1420878, 22.2850241 ], [ 114.1421321, 22.2850228 ], [ 114.1421306, 22.2849806 ], [ 114.1420863, 22.2849819 ] ] ] } },
{ "type": "Feature", "properties": { "id": "541114096", "name": "nan", "shop": "nan", "highway": "nan", "railway": "nan", "leisure": "nan", "landuse": "nan", "building": "apartments" }, "geometry": { "type": "Polygon", "coordinates": [ [ [ 114.1417144, 22.2849463 ], [ 114.1417977, 22.2849291 ], [ 114.1417821, 22.2848641 ], [ 114.1418505, 22.28485 ], [ 114.1418603, 22.2848574 ], [ 114.1418771, 22.2848535 ], [ 114.1418758, 22.2848457 ], [ 114.1418832, 22.2848431 ], [ 114.1418716, 22.2847996 ], [ 114.1418636, 22.2848016 ], [ 114.1418603, 22.2847887 ], [ 114.1417669, 22.2848085 ], [ 114.1417527, 22.2847427 ], [ 114.1416877, 22.2847654 ], [ 114.1416707, 22.2847714 ], [ 114.1416847, 22.284822 ], [ 114.1415948, 22.2848406 ], [ 114.1415995, 22.2848602 ], [ 114.1415866, 22.2848631 ], [ 114.1415963, 22.2849048 ], [ 114.1416078, 22.2849031 ], [ 114.1416103, 22.2849143 ], [ 114.1416279, 22.2849106 ], [ 114.1416342, 22.2848979 ], [ 114.1416996, 22.2848844 ], [ 114.1417144, 22.2849463 ] ] ] } },
{ "type": "Feature", "properties": { "id": "541114098", "name": "高雅閣 Ko Nga Court", "shop": "nan", "highway": "nan", "railway": "nan", "leisure": "nan", "landuse": "nan", "building": "apartments" }, "geometry": { "type": "Polygon", "coordinates": [ [ [ 114.143506, 22.2854825 ], [ 114.1435068, 22.2855049 ], [ 114.1434997, 22.2855052 ], [ 114.1435014, 22.2855484 ], [ 114.1435542, 22.2855466 ], [ 114.1435516, 22.285481 ], [ 114.1435914, 22.2854796 ], [ 114.1435897, 22.2854344 ], [ 114.1435495, 22.2854358 ], [ 114.1435487, 22.2854161 ], [ 114.1435889, 22.2854148 ], [ 114.1435871, 22.2853696 ], [ 114.1435473, 22.2853709 ], [ 114.1435456, 22.2853268 ], [ 114.1435305, 22.2853273 ], [ 114.1435296, 22.2853058 ], [ 114.1434919, 22.285307 ], [ 114.1434936, 22.2853503 ], [ 114.1435007, 22.2853501 ], [ 114.1435016, 22.2853724 ], [ 114.1434722, 22.2853734 ], [ 114.1434713, 22.285351 ], [ 114.1434785, 22.2853508 ], [ 114.1434768, 22.2853075 ], [ 114.1434391, 22.2853088 ], [ 114.1434399, 22.2853304 ], [ 114.1434248, 22.2853309 ], [ 114.1434265, 22.285375 ], [ 114.1433867, 22.2853763 ], [ 114.1433885, 22.2854215 ], [ 114.1434287, 22.2854202 ], [ 114.1434294, 22.2854398 ], [ 114.1433893, 22.2854412 ], [ 114.1433911, 22.2854864 ], [ 114.1434309, 22.2854851 ], [ 114.1434335, 22.2855507 ], [ 114.1434863, 22.2855489 ], [ 114.1434846, 22.2855057 ], [ 114.1434774, 22.2855059 ], [ 114.1434766, 22.2854835 ], [ 114.143506, 22.2854825 ] ] ] } },
{ "type": "Feature", "properties": { "id": "541114099", "name": "東南大廈 Tong Nam Mansion", "shop": "nan", "highway": "nan", "railway": "nan", "leisure": "nan", "landuse": "nan", "building": "apartments" }, "geometry": { "type": "Polygon", "coordinates": [ [ [ 114.1427501, 22.2858288 ], [ 114.1428231, 22.2858263 ], [ 114.1428212, 22.2857786 ], [ 114.1427365, 22.2857815 ], [ 114.1427346, 22.2857336 ], [ 114.142688, 22.2857352 ], [ 114.1426899, 22.2857831 ], [ 114.1426053, 22.2857859 ], [ 114.1426072, 22.2858336 ], [ 114.1426801, 22.2858312 ], [ 114.1426807, 22.2858457 ], [ 114.1426077, 22.2858482 ], [ 114.1426096, 22.2858959 ], [ 114.1426943, 22.285893 ], [ 114.1426962, 22.2859409 ], [ 114.1427428, 22.2859393 ], [ 114.1427409, 22.2858914 ], [ 114.1428255, 22.2858886 ], [ 114.1428237, 22.2858409 ], [ 114.1427507, 22.2858433 ], [ 114.1427501, 22.2858288 ] ] ] } },
{ "type": "Feature", "properties": { "id": "541114100", "name": "宜順大廈 Yee Shun Mansion", "shop": "nan", "highway": "nan", "railway": "nan", "leisure": "nan", "landuse": "nan", "building": "apartments" }, "geometry": { "type": "Polygon", "coordinates": [ [ [ 114.1417497, 22.2861279 ], [ 114.1418614, 22.2861242 ], [ 114.1419536, 22.2861214 ], [ 114.1419487, 22.285998 ], [ 114.1418567, 22.2860008 ], [ 114.141745, 22.2860045 ], [ 114.1417497, 22.2861279 ] ] ] } },
{ "type": "Feature", "properties": { "id": "541114101", "name": "裕新大廈二座 Blk 2 Yue Sun Mansion", "shop": "nan", "highway": "nan", "railway": "nan", "leisure": "nan", "landuse": "nan", "building": "apartments" }, "geometry": { "type": "Polygon", "coordinates": [ [ [ 114.141481, 22.2858843 ], [ 114.1414824, 22.2859229 ], [ 114.1415477, 22.2859208 ], [ 114.1415441, 22.2858232 ], [ 114.1415774, 22.2858222 ], [ 114.1415751, 22.285762 ], [ 114.1415418, 22.2857631 ], [ 114.141541, 22.2857409 ], [ 114.1414756, 22.285743 ], [ 114.1414772, 22.2857861 ], [ 114.1414027, 22.2857885 ], [ 114.1414064, 22.2858867 ], [ 114.141481, 22.2858843 ] ] ] } },
{ "type": "Feature", "properties": { "id": "541114102", "name": "第一座 Block 1", "shop": "nan", "highway": "nan", "railway": "nan", "leisure": "nan", "landuse": "nan", "building": "apartments" }, "geometry": { "type": "Polygon", "coordinates": [ [ [ 114.1414878, 22.2860649 ], [ 114.1414892, 22.2861042 ], [ 114.1416081, 22.2861004 ], [ 114.1416047, 22.286009 ], [ 114.1415511, 22.2860107 ], [ 114.1415477, 22.2859208 ], [ 114.1414824, 22.2859229 ], [ 114.141484, 22.2859645 ], [ 114.1414094, 22.2859669 ], [ 114.1414131, 22.2860673 ], [ 114.1414878, 22.2860649 ] ] ] } },
{ "type": "Feature", "properties": { "id": "541114103", "name": "nan", "shop": "nan", "highway": "nan", "railway": "nan", "leisure": "nan", "landuse": "nan", "building": "apartments" }, "geometry": { "type": "Polygon", "coordinates": [ [ [ 114.1434951, 22.2860118 ], [ 114.1435403, 22.2860103 ], [ 114.1435409, 22.286026 ], [ 114.143619, 22.2860233 ], [ 114.1436157, 22.2859415 ], [ 114.1435377, 22.2859441 ], [ 114.1435383, 22.2859599 ], [ 114.1434931, 22.2859614 ], [ 114.1434951, 22.2860118 ] ] ] } },
{ "type": "Feature", "properties": { "id": "541114104", "name": "nan", "shop": "nan", "highway": "nan", "railway": "nan", "leisure": "nan", "landuse": "nan", "building": "apartments" }, "geometry": { "type": "Polygon", "coordinates": [ [ [ 114.1434779, 22.2860691 ], [ 114.1434766, 22.2860345 ], [ 114.1434614, 22.286035 ], [ 114.1434609, 22.286023 ], [ 114.1434541, 22.2860233 ], [ 114.1434533, 22.2860014 ], [ 114.1434066, 22.286003 ], [ 114.1434075, 22.2860248 ], [ 114.1434008, 22.2860251 ], [ 114.1434012, 22.2860371 ], [ 114.143386, 22.2860376 ], [ 114.1433874, 22.2860722 ], [ 114.1434779, 22.2860691 ] ] ] } },
{ "type": "Feature", "properties": { "id": "541114105", "name": "nan", "shop": "nan", "highway": "nan", "railway": "nan", "leisure": "nan", "landuse": "nan", "building": "apartments" }, "geometry": { "type": "Polygon", "coordinates": [ [ [ 114.1433874, 22.2860722 ], [ 114.143386, 22.2860376 ], [ 114.1433671, 22.2860382 ], [ 114.143366, 22.2860108 ], [ 114.1433719, 22.2860106 ], [ 114.1433711, 22.2859899 ], [ 114.1433066, 22.2859921 ], [ 114.1433074, 22.2860128 ], [ 114.1433133, 22.2860126 ], [ 114.1433143, 22.28604 ], [ 114.1432955, 22.2860406 ], [ 114.1432968, 22.2860752 ], [ 114.1433874, 22.2860722 ] ] ] } },
{ "type": "Feature", "properties": { "id": "541114106", "name": "nan", "shop": "nan", "highway": "nan", "railway": "nan", "leisure": "nan", "landuse": "nan", "building": "apartments" }, "geometry": { "type": "Polygon", "coordinates": [ [ [ 114.1432516, 22.2860768 ], [ 114.1432494, 22.2860228 ], [ 114.1432356, 22.2860233 ], [ 114.1432337, 22.2859762 ], [ 114.1431708, 22.2859783 ], [ 114.1431727, 22.2860255 ], [ 114.1431589, 22.2860259 ], [ 114.143161, 22.2860799 ], [ 114.1432516, 22.2860768 ] ] ] } },
{ "type": "Feature", "properties": { "id": "541114107", "name": "nan", "shop": "nan", "highway": "nan", "railway": "nan", "leisure": "nan", "landuse": "nan", "building": "apartments" }, "geometry": { "type": "Polygon", "coordinates": [ [ [ 114.1436125, 22.2858597 ], [ 114.1436094, 22.2857779 ], [ 114.143486, 22.285782 ], [ 114.1434892, 22.2858639 ], [ 114.1436125, 22.2858597 ] ] ] } },
{ "type": "Feature", "properties": { "id": "541114108", "name": "nan", "shop": "nan", "highway": "nan", "railway": "nan", "leisure": "nan", "landuse": "nan", "building": "apartments" }, "geometry": { "type": "Polygon", "coordinates": [ [ [ 114.1435267, 22.2856571 ], [ 114.1435307, 22.2857588 ], [ 114.1436085, 22.2857562 ], [ 114.1436045, 22.2856544 ], [ 114.1435267, 22.2856571 ] ] ] } },
{ "type": "Feature", "properties": { "id": "541114109", "name": "nan", "shop": "nan", "highway": "nan", "railway": "nan", "leisure": "nan", "landuse": "nan", "building": "apartments" }, "geometry": { "type": "Polygon", "coordinates": [ [ [ 114.1432501, 22.2852841 ], [ 114.1433477, 22.2852808 ], [ 114.1433431, 22.2851643 ], [ 114.1432456, 22.2851676 ], [ 114.1432501, 22.2852841 ] ] ] } },
{ "type": "Feature", "properties": { "id": "541114110", "name": "金高大廈 High House", "shop": "nan", "highway": "nan", "railway": "nan", "leisure": "nan", "landuse": "nan", "building": "apartments" }, "geometry": { "type": "Polygon", "coordinates": [ [ [ 114.1431191, 22.2852687 ], [ 114.1431725, 22.2852669 ], [ 114.1431737, 22.2852966 ], [ 114.1431935, 22.2852959 ], [ 114.1431963, 22.2853673 ], [ 114.1431734, 22.2853681 ], [ 114.1431744, 22.2853944 ], [ 114.143127, 22.285396 ], [ 114.1431259, 22.2853697 ], [ 114.143105, 22.2853704 ], [ 114.1431022, 22.285299 ], [ 114.1431202, 22.2852984 ], [ 114.1431191, 22.2852687 ] ] ] } },
{ "type": "Feature", "properties": { "id": "557673787", "name": "堅尼地城游泳池 Kennedy Town Swimming Pool", "shop": "nan", "highway": "nan", "railway": "nan", "leisure": "sports_hall", "landuse": "nan", "building": "sports_hall" }, "geometry": { "type": "Polygon", "coordinates": [ [ [ 114.1319408, 22.2867488 ], [ 114.1321273, 22.2865773 ], [ 114.1315405, 22.2855727 ], [ 114.1314977, 22.2855099 ], [ 114.1314744, 22.2854859 ], [ 114.1314487, 22.2854748 ], [ 114.1314174, 22.2854779 ], [ 114.1313833, 22.2854955 ], [ 114.1313179, 22.2855558 ], [ 114.1310054, 22.2858668 ], [ 114.1309944, 22.2858829 ], [ 114.1309866, 22.285904 ], [ 114.1309851, 22.2859295 ], [ 114.1309938, 22.2859593 ], [ 114.1310107, 22.2859933 ], [ 114.1310376, 22.2860258 ], [ 114.131139, 22.2861151 ], [ 114.1313484, 22.286283 ], [ 114.1319408, 22.2867488 ] ] ] } },
{ "type": "Feature", "properties": { "id": "581922729", "name": "nan", "shop": "nan", "highway": "nan", "railway": "nan", "leisure": "nan", "landuse": "nan", "building": "roof" }, "geometry": { "type": "Polygon", "coordinates": [ [ [ 114.1321273, 22.2865773 ], [ 114.1319408, 22.2867488 ], [ 114.1321884, 22.2869435 ], [ 114.1322487, 22.2869864 ], [ 114.1322712, 22.2869972 ], [ 114.1322903, 22.287001 ], [ 114.1323089, 22.2870003 ], [ 114.1323205, 22.2869929 ], [ 114.1323243, 22.2869778 ], [ 114.1323186, 22.286951 ], [ 114.1322912, 22.2868908 ], [ 114.1322334, 22.2867725 ], [ 114.1321835, 22.286678 ], [ 114.1321273, 22.2865773 ] ] ] } },
{ "type": "Feature", "properties": { "id": "581924332", "name": "nan", "shop": "nan", "highway": "nan", "railway": "nan", "leisure": "nan", "landuse": "nan", "building": "roof" }, "geometry": { "type": "Polygon", "coordinates": [ [ [ 114.1305296, 22.2851818 ], [ 114.1306117, 22.2852452 ], [ 114.130638, 22.2852257 ], [ 114.13066, 22.2852037 ], [ 114.1306774, 22.2851806 ], [ 114.1306944, 22.2851536 ], [ 114.1306123, 22.2850901 ], [ 114.1305847, 22.2851084 ], [ 114.1305632, 22.2851295 ], [ 114.1305441, 22.2851557 ], [ 114.1305296, 22.2851818 ] ] ] } },
{ "type": "Feature", "properties": { "id": "581924334", "name": "nan", "shop": "nan", "highway": "nan", "railway": "nan", "leisure": "nan", "landuse": "nan", "building": "yes" }, "geometry": { "type": "Polygon", "coordinates": [ [ [ 114.1297656, 22.2842359 ], [ 114.1299254, 22.2843597 ], [ 114.1299714, 22.2843089 ], [ 114.1298116, 22.2841851 ], [ 114.1297656, 22.2842359 ] ] ] } },
{ "type": "Feature", "properties": { "id": "583518394", "name": "nan", "shop": "nan", "highway": "nan", "railway": "nan", "leisure": "nan", "landuse": "nan", "building": "yes" }, "geometry": { "type": "Polygon", "coordinates": [ [ [ 114.1442212, 22.2854572 ], [ 114.1442156, 22.2853463 ], [ 114.1442703, 22.2853435 ], [ 114.1442745, 22.2854541 ], [ 114.1442212, 22.2854572 ] ] ] } },
{ "type": "Feature", "properties": { "id": "599402900", "name": "nan", "shop": "nan", "highway": "nan", "railway": "nan", "leisure": "nan", "landuse": "nan", "building": "yes" }, "geometry": { "type": "Polygon", "coordinates": [ [ [ 114.1353002, 22.2877202 ], [ 114.1353693, 22.2877381 ], [ 114.1354065, 22.2876145 ], [ 114.1353374, 22.2875967 ], [ 114.1353002, 22.2877202 ] ] ] } },
{ "type": "Feature", "properties": { "id": "630387481", "name": "星鑽 The Nova", "shop": "nan", "highway": "nan", "railway": "nan", "leisure": "nan", "landuse": "nan", "building": "apartments" }, "geometry": { "type": "Polygon", "coordinates": [ [ [ 114.1415682, 22.2854293 ], [ 114.1415729, 22.2854291 ], [ 114.1415719, 22.2854042 ], [ 114.1415673, 22.2854043 ], [ 114.1415672, 22.2854025 ], [ 114.1414973, 22.2854048 ], [ 114.1414982, 22.2854267 ], [ 114.141503, 22.2854265 ], [ 114.1415047, 22.2854692 ], [ 114.1414932, 22.2854695 ], [ 114.1414941, 22.2854932 ], [ 114.1414783, 22.2854937 ], [ 114.1414789, 22.2855089 ], [ 114.1414114, 22.2855112 ], [ 114.1414113, 22.2855076 ], [ 114.1413043, 22.2855112 ], [ 114.1413049, 22.2855261 ], [ 114.1412908, 22.2855266 ], [ 114.1412857, 22.2855355 ], [ 114.1412865, 22.2855542 ], [ 114.1412755, 22.2855546 ], [ 114.1412761, 22.2855679 ], [ 114.141258, 22.2855685 ], [ 114.1412578, 22.2855633 ], [ 114.1412216, 22.2855645 ], [ 114.1412243, 22.2856336 ], [ 114.1412749, 22.2856319 ], [ 114.1412747, 22.2856278 ], [ 114.1412805, 22.2856276 ], [ 114.1412808, 22.2856365 ], [ 114.1412993, 22.2856359 ], [ 114.141299, 22.285627 ], [ 114.1413148, 22.2856265 ], [ 114.1413151, 22.2856349 ], [ 114.1413175, 22.2856348 ], [ 114.1413176, 22.2856392 ], [ 114.1413402, 22.2856385 ], [ 114.14134, 22.285634 ], [ 114.1413501, 22.2856337 ], [ 114.1413504, 22.2856426 ], [ 114.1413697, 22.285642 ], [ 114.1413694, 22.2856331 ], [ 114.1413737, 22.2856329 ], [ 114.141374, 22.2856419 ], [ 114.1413934, 22.2856412 ], [ 114.141393, 22.2856323 ], [ 114.1414031, 22.2856319 ], [ 114.1414033, 22.2856364 ], [ 114.1414258, 22.2856356 ], [ 114.1414256, 22.2856312 ], [ 114.1414278, 22.2856311 ], [ 114.141428, 22.2856355 ], [ 114.1414371, 22.2856352 ], [ 114.1414737, 22.285634 ], [ 114.1414735, 22.2856295 ], [ 114.1414845, 22.2856292 ], [ 114.1414848, 22.2856381 ], [ 114.1415042, 22.2856375 ], [ 114.1415038, 22.2856285 ], [ 114.1415105, 22.2856283 ], [ 114.1415109, 22.2856372 ], [ 114.1415255, 22.2856367 ], [ 114.1415252, 22.2856278 ], [ 114.1415285, 22.2856277 ], [ 114.1415287, 22.2856321 ], [ 114.1415513, 22.2856314 ], [ 114.1415511, 22.2856269 ], [ 114.1415612, 22.2856266 ], [ 114.1415615, 22.2856355 ], [ 114.1415808, 22.2856349 ], [ 114.1415805, 22.2856259 ], [ 114.1415826, 22.2856259 ], [ 114.1415823, 22.2856175 ], [ 114.141598, 22.285617 ], [ 114.1415984, 22.2856263 ], [ 114.141619, 22.2856256 ], [ 114.1416187, 22.2856163 ], [ 114.1416235, 22.2856162 ], [ 114.1416237, 22.2856212 ], [ 114.1416748, 22.2856194 ], [ 114.1416722, 22.2855516 ], [ 114.1416565, 22.2855521 ], [ 114.1416561, 22.2855427 ], [ 114.1415823, 22.2855452 ], [ 114.1415827, 22.2855544 ], [ 114.1415181, 22.2855565 ], [ 114.1415174, 22.2855398 ], [ 114.1415772, 22.2855378 ], [ 114.1415756, 22.2854966 ], [ 114.1415709, 22.2854968 ], [ 114.1415705, 22.2854867 ], [ 114.1415801, 22.2854864 ], [ 114.1415794, 22.2854688 ], [ 114.1415698, 22.2854692 ], [ 114.1415692, 22.2854532 ], [ 114.1415788, 22.2854528 ], [ 114.1415781, 22.2854348 ], [ 114.1415685, 22.2854351 ], [ 114.1415682, 22.2854293 ] ] ] } },
{ "type": "Feature", "properties": { "id": "632035600", "name": "nan", "shop": "nan", "highway": "nan", "railway": "nan", "leisure": "nan", "landuse": "nan", "building": "apartments" }, "geometry": { "type": "Polygon", "coordinates": [ [ [ 114.1407221, 22.2808661 ], [ 114.1407265, 22.2808601 ], [ 114.1406888, 22.2808371 ], [ 114.1407096, 22.2808061 ], [ 114.1406586, 22.2807759 ], [ 114.140667, 22.280764 ], [ 114.1406522, 22.2807545 ], [ 114.1406679, 22.2807326 ], [ 114.1406525, 22.2807228 ], [ 114.1406675, 22.2807009 ], [ 114.1406978, 22.2807194 ], [ 114.1407019, 22.2807134 ], [ 114.1407684, 22.2807522 ], [ 114.1408046, 22.2806991 ], [ 114.1407985, 22.2806954 ], [ 114.1408315, 22.2806474 ], [ 114.1408435, 22.2806545 ], [ 114.1408614, 22.2806289 ], [ 114.1409295, 22.2806695 ], [ 114.1409115, 22.280695 ], [ 114.140905, 22.2806912 ], [ 114.1408863, 22.2807169 ], [ 114.1408995, 22.2807255 ], [ 114.1408838, 22.2807477 ], [ 114.1408974, 22.2807564 ], [ 114.1409017, 22.2807511 ], [ 114.1409196, 22.280762 ], [ 114.1409269, 22.2807121 ], [ 114.1410609, 22.2807305 ], [ 114.1410514, 22.2808069 ], [ 114.140969, 22.280799 ], [ 114.1409668, 22.2808166 ], [ 114.1409952, 22.2808331 ], [ 114.1409843, 22.2808492 ], [ 114.1410025, 22.2808592 ], [ 114.1409816, 22.2808901 ], [ 114.1410362, 22.280923 ], [ 114.1410309, 22.2809587 ], [ 114.1409944, 22.2810098 ], [ 114.1409613, 22.2809893 ], [ 114.1409548, 22.2809976 ], [ 114.1408926, 22.28096 ], [ 114.1408878, 22.280966 ], [ 114.1407221, 22.2808661 ] ] ] } },
{ "type": "Feature", "properties": { "id": "632035601", "name": "nan", "shop": "nan", "highway": "nan", "railway": "nan", "leisure": "nan", "landuse": "nan", "building": "apartments" }, "geometry": { "type": "Polygon", "coordinates": [ [ [ 114.1410435, 22.2809581 ], [ 114.1410455, 22.2810439 ], [ 114.1414181, 22.2810478 ], [ 114.1414216, 22.2809512 ], [ 114.1412978, 22.2809545 ], [ 114.1412986, 22.2808939 ], [ 114.1413367, 22.2808759 ], [ 114.1412827, 22.2807531 ], [ 114.1412305, 22.2807916 ], [ 114.1412332, 22.2808694 ], [ 114.1412057, 22.2808898 ], [ 114.1411235, 22.280889 ], [ 114.1411447, 22.2809586 ], [ 114.1410435, 22.2809581 ] ] ] } },
{ "type": "Feature", "properties": { "id": "654301918", "name": "nan", "shop": "nan", "highway": "nan", "railway": "nan", "leisure": "nan", "landuse": "nan", "building": "yes" }, "geometry": { "type": "Polygon", "coordinates": [ [ [ 114.1410383, 22.275188 ], [ 114.1411867, 22.2752716 ], [ 114.1412966, 22.2752901 ], [ 114.1413176, 22.275183 ], [ 114.1412055, 22.2751642 ], [ 114.1410949, 22.2751019 ], [ 114.1410383, 22.275188 ] ] ] } },
{ "type": "Feature", "properties": { "id": "654301919", "name": "nan", "shop": "nan", "highway": "nan", "railway": "nan", "leisure": "nan", "landuse": "nan", "building": "yes" }, "geometry": { "type": "Polygon", "coordinates": [ [ [ 114.1405602, 22.2755213 ], [ 114.1406143, 22.2754086 ], [ 114.1403613, 22.2753047 ], [ 114.1403072, 22.2754175 ], [ 114.1405602, 22.2755213 ] ] ] } },
{ "type": "Feature", "properties": { "id": "674872001", "name": "錦棠小築 Honey Court", "shop": "nan", "highway": "nan", "railway": "nan", "leisure": "nan", "landuse": "nan", "building": "apartments" }, "geometry": { "type": "Polygon", "coordinates": [ [ [ 114.13202, 22.2782042 ], [ 114.1318546, 22.2780572 ], [ 114.1319129, 22.278001 ], [ 114.131972, 22.2780536 ], [ 114.1320056, 22.2780213 ], [ 114.1320709, 22.2780792 ], [ 114.1320303, 22.2781183 ], [ 114.1320713, 22.2781547 ], [ 114.13202, 22.2782042 ] ] ] } },
{ "type": "Feature", "properties": { "id": "680589636", "name": "nan", "shop": "nan", "highway": "nan", "railway": "yes", "leisure": "nan", "landuse": "nan", "building": "service" }, "geometry": { "type": "Polygon", "coordinates": [ [ [ 114.1432271, 22.2846355 ], [ 114.1432213, 22.2845437 ], [ 114.1432431, 22.2845425 ], [ 114.1432624, 22.2845414 ], [ 114.1432818, 22.2845404 ], [ 114.1433534, 22.2845364 ], [ 114.1434251, 22.2845325 ], [ 114.1434444, 22.2845315 ], [ 114.1434638, 22.2845304 ], [ 114.1434856, 22.2845292 ], [ 114.1434915, 22.284621 ], [ 114.1435254, 22.2846192 ], [ 114.1435355, 22.2847775 ], [ 114.1431918, 22.2847963 ], [ 114.1431817, 22.284638 ], [ 114.1432271, 22.2846355 ] ] ] } },
{ "type": "Feature", "properties": { "id": "680589638", "name": "nan", "shop": "nan", "highway": "nan", "railway": "nan", "leisure": "nan", "landuse": "nan", "building": "parking" }, "geometry": { "type": "Polygon", "coordinates": [ [ [ 114.142852, 22.2849298 ], [ 114.1428481, 22.2848679 ], [ 114.1428445, 22.2848122 ], [ 114.1428433, 22.2847929 ], [ 114.1428397, 22.2847374 ], [ 114.1428377, 22.2847065 ], [ 114.1428349, 22.2846619 ], [ 114.1428314, 22.2846074 ], [ 114.1430638, 22.2845947 ], [ 114.1431446, 22.2845902 ], [ 114.1431473, 22.2846328 ], [ 114.1431153, 22.2846346 ], [ 114.1431158, 22.2846435 ], [ 114.143073, 22.2846459 ], [ 114.143074, 22.2846616 ], [ 114.1431168, 22.2846593 ], [ 114.1431174, 22.2846682 ], [ 114.1431495, 22.2846665 ], [ 114.1431521, 22.2847081 ], [ 114.1431565, 22.2847758 ], [ 114.1431652, 22.2849124 ], [ 114.1431451, 22.2849135 ], [ 114.1430653, 22.2849179 ], [ 114.1430649, 22.284912 ], [ 114.143041, 22.2849192 ], [ 114.1429164, 22.284926 ], [ 114.1428918, 22.2849215 ], [ 114.1428922, 22.2849273 ], [ 114.142852, 22.2849298 ] ] ] } },
{ "type": "Feature", "properties": { "id": "695930096", "name": "nan", "shop": "nan", "highway": "nan", "railway": "nan", "leisure": "nan", "landuse": "nan", "building": "roof" }, "geometry": { "type": "Polygon", "coordinates": [ [ [ 114.1290211, 22.2777795 ], [ 114.129079, 22.277809 ], [ 114.1291519, 22.2778462 ], [ 114.1292432, 22.2778928 ], [ 114.1293032, 22.2778176 ], [ 114.1294221, 22.2777377 ], [ 114.1293948, 22.2776638 ], [ 114.1293685, 22.2775925 ], [ 114.1293347, 22.2775008 ], [ 114.1291884, 22.2775741 ], [ 114.1290837, 22.2776747 ], [ 114.1290211, 22.2777795 ] ] ] } },
{ "type": "Feature", "properties": { "id": "698990264", "name": "nan", "shop": "nan", "highway": "nan", "railway": "nan", "leisure": "nan", "landuse": "nan", "building": "yes" }, "geometry": { "type": "Polygon", "coordinates": [ [ [ 114.1432077, 22.2830569 ], [ 114.1432511, 22.28306 ], [ 114.143253, 22.2830361 ], [ 114.1432097, 22.2830331 ], [ 114.1432077, 22.2830569 ] ] ] } },
{ "type": "Feature", "properties": { "id": "706230478", "name": "保基大廈 Po Ga Building", "shop": "nan", "highway": "nan", "railway": "nan", "leisure": "nan", "landuse": "nan", "building": "apartments" }, "geometry": { "type": "Polygon", "coordinates": [ [ [ 114.1362915, 22.2848965 ], [ 114.1363025, 22.284943 ], [ 114.1363621, 22.2849309 ], [ 114.1363513, 22.2848844 ], [ 114.1363791, 22.2848787 ], [ 114.1363698, 22.2848394 ], [ 114.1363349, 22.2848465 ], [ 114.1363301, 22.284826 ], [ 114.136325, 22.2848045 ], [ 114.1362722, 22.2848152 ], [ 114.1362772, 22.2848365 ], [ 114.1362821, 22.2848572 ], [ 114.1362605, 22.2848616 ], [ 114.1362556, 22.2848408 ], [ 114.1362506, 22.2848196 ], [ 114.136198, 22.2848303 ], [ 114.1362028, 22.2848513 ], [ 114.1362077, 22.2848723 ], [ 114.1361728, 22.2848794 ], [ 114.1361821, 22.2849187 ], [ 114.1362097, 22.2849131 ], [ 114.1362206, 22.2849595 ], [ 114.1362808, 22.2849473 ], [ 114.1362698, 22.2849009 ], [ 114.1362915, 22.2848965 ] ] ] } },
{ "type": "Feature", "properties": { "id": "706230479", "name": "德基大廈 Tuck Ga Building", "shop": "nan", "highway": "nan", "railway": "nan", "leisure": "nan", "landuse": "nan", "building": "apartments" }, "geometry": { "type": "Polygon", "coordinates": [ [ [ 114.1366165, 22.2848337 ], [ 114.1365911, 22.284839 ], [ 114.1365882, 22.284827 ], [ 114.1365721, 22.2848303 ], [ 114.1365664, 22.2848069 ], [ 114.1365136, 22.2848178 ], [ 114.1365193, 22.2848413 ], [ 114.1365032, 22.2848446 ], [ 114.136506, 22.2848566 ], [ 114.1364806, 22.2848618 ], [ 114.1364905, 22.2849026 ], [ 114.1366264, 22.2848745 ], [ 114.1366165, 22.2848337 ] ] ] } },
{ "type": "Feature", "properties": { "id": "706230480", "name": "樂寶大樓 Lok Po House", "shop": "nan", "highway": "nan", "railway": "nan", "leisure": "nan", "landuse": "nan", "building": "apartments" }, "geometry": { "type": "Polygon", "coordinates": [ [ [ 114.1360244, 22.2850043 ], [ 114.1359928, 22.2848727 ], [ 114.1360815, 22.2848539 ], [ 114.1361007, 22.2849351 ], [ 114.1360774, 22.2849399 ], [ 114.1360896, 22.2849908 ], [ 114.1360244, 22.2850043 ] ] ] } },
{ "type": "Feature", "properties": { "id": "706230483", "name": "榮富樓 Wing Fu Lau", "shop": "nan", "highway": "nan", "railway": "nan", "leisure": "nan", "landuse": "nan", "building": "apartments" }, "geometry": { "type": "Polygon", "coordinates": [ [ [ 114.136071, 22.2851746 ], [ 114.1360415, 22.2850528 ], [ 114.136082, 22.2850444 ], [ 114.1360868, 22.2850642 ], [ 114.1361082, 22.2850597 ], [ 114.1361034, 22.28504 ], [ 114.1361479, 22.2850308 ], [ 114.1361774, 22.2851525 ], [ 114.1361351, 22.2851613 ], [ 114.1361276, 22.2851301 ], [ 114.1361066, 22.2851344 ], [ 114.1361142, 22.2851656 ], [ 114.136071, 22.2851746 ] ] ] } },
{ "type": "Feature", "properties": { "id": "706230484", "name": "嘉利大廈 Clarence Court", "shop": "nan", "highway": "nan", "railway": "nan", "leisure": "nan", "landuse": "nan", "building": "apartments" }, "geometry": { "type": "Polygon", "coordinates": [ [ [ 114.1362184, 22.285077 ], [ 114.1362084, 22.2850339 ], [ 114.1363822, 22.2849995 ], [ 114.1363921, 22.2850426 ], [ 114.1363331, 22.2850543 ], [ 114.1363455, 22.2851082 ], [ 114.1362864, 22.2851199 ], [ 114.136274, 22.285066 ], [ 114.1362184, 22.285077 ] ] ] } },
{ "type": "Feature", "properties": { "id": "706230485", "name": "加暉閣 Ka Fai Court", "shop": "nan", "highway": "nan", "railway": "nan", "leisure": "nan", "landuse": "nan", "building": "apartments" }, "geometry": { "type": "Polygon", "coordinates": [ [ [ 114.136455, 22.2850421 ], [ 114.1364423, 22.2849803 ], [ 114.1365608, 22.2849595 ], [ 114.1365735, 22.2850212 ], [ 114.136533, 22.2850284 ], [ 114.136538, 22.2850525 ], [ 114.1365088, 22.2850576 ], [ 114.1365038, 22.2850335 ], [ 114.136455, 22.2850421 ] ] ] } },
{ "type": "Feature", "properties": { "id": "706230486", "name": "俊賢閣 Intelligent Court", "shop": "nan", "highway": "nan", "railway": "nan", "leisure": "nan", "landuse": "nan", "building": "apartments" }, "geometry": { "type": "Polygon", "coordinates": [ [ [ 114.1366262, 22.2850507 ], [ 114.1366187, 22.285018 ], [ 114.1366516, 22.2850115 ], [ 114.1366444, 22.2849802 ], [ 114.136707, 22.2849678 ], [ 114.1367142, 22.2849992 ], [ 114.1367445, 22.2849933 ], [ 114.136752, 22.285026 ], [ 114.1367218, 22.2850319 ], [ 114.1367278, 22.2850584 ], [ 114.1366652, 22.2850707 ], [ 114.1366591, 22.2850442 ], [ 114.1366262, 22.2850507 ] ] ] } },
{ "type": "Feature", "properties": { "id": "706230487", "name": "昌寶大樓 Cheung Po Building", "shop": "nan", "highway": "nan", "railway": "nan", "leisure": "nan", "landuse": "nan", "building": "apartments" }, "geometry": { "type": "Polygon", "coordinates": [ [ [ 114.1365875, 22.2846179 ], [ 114.1365999, 22.2846684 ], [ 114.1366892, 22.2846497 ], [ 114.1366701, 22.2845714 ], [ 114.1365808, 22.2845901 ], [ 114.1365875, 22.2846179 ] ] ] } },
{ "type": "Feature", "properties": { "id": "706230488", "name": "nan", "shop": "nan", "highway": "nan", "railway": "nan", "leisure": "nan", "landuse": "nan", "building": "apartments" }, "geometry": { "type": "Polygon", "coordinates": [ [ [ 114.1365096, 22.2845964 ], [ 114.1365183, 22.2846323 ], [ 114.1364983, 22.2846365 ], [ 114.1365106, 22.2846871 ], [ 114.1365999, 22.2846684 ], [ 114.1365875, 22.2846179 ], [ 114.1365675, 22.2846221 ], [ 114.1365587, 22.2845862 ], [ 114.1365096, 22.2845964 ] ] ] } },
{ "type": "Feature", "properties": { "id": "706230489", "name": "nan", "shop": "nan", "highway": "nan", "railway": "nan", "leisure": "nan", "landuse": "nan", "building": "apartments" }, "geometry": { "type": "Polygon", "coordinates": [ [ [ 114.136332, 22.2847244 ], [ 114.1364213, 22.2847058 ], [ 114.136409, 22.2846552 ], [ 114.1364056, 22.2846416 ], [ 114.1363856, 22.2846458 ], [ 114.1363801, 22.2846235 ], [ 114.136331, 22.2846338 ], [ 114.1363364, 22.2846561 ], [ 114.1363164, 22.2846603 ], [ 114.136332, 22.2847244 ] ] ] } },
{ "type": "Feature", "properties": { "id": "706230490", "name": "nan", "shop": "nan", "highway": "nan", "railway": "nan", "leisure": "nan", "landuse": "nan", "building": "apartments" }, "geometry": { "type": "Polygon", "coordinates": [ [ [ 114.1364694, 22.2846048 ], [ 114.1364782, 22.2846407 ], [ 114.1364983, 22.2846365 ], [ 114.1365106, 22.2846871 ], [ 114.1364213, 22.2847058 ], [ 114.136409, 22.2846552 ], [ 114.1364291, 22.284651 ], [ 114.1364203, 22.2846151 ], [ 114.1364694, 22.2846048 ] ] ] } },
{ "type": "Feature", "properties": { "id": "706468404", "name": "富康樓 Richwealth Mansion", "shop": "nan", "highway": "nan", "railway": "nan", "leisure": "nan", "landuse": "residential", "building": "apartments" }, "geometry": { "type": "Polygon", "coordinates": [ [ [ 114.1409057, 22.2885238 ], [ 114.1409027, 22.288445 ], [ 114.1410437, 22.2884405 ], [ 114.1410467, 22.2885193 ], [ 114.1409057, 22.2885238 ] ] ] } },
{ "type": "Feature", "properties": { "id": "706468405", "name": "悅心大廈 Yuet Sum Mansion", "shop": "nan", "highway": "nan", "railway": "nan", "leisure": "nan", "landuse": "residential", "building": "apartments" }, "geometry": { "type": "Polygon", "coordinates": [ [ [ 114.1408953, 22.2882465 ], [ 114.1409027, 22.288445 ], [ 114.1410437, 22.2884405 ], [ 114.1410363, 22.288242 ], [ 114.1408953, 22.2882465 ] ] ] } },
{ "type": "Feature", "properties": { "id": "706468406", "name": "nan", "shop": "nan", "highway": "nan", "railway": "nan", "leisure": "nan", "landuse": "nan", "building": "apartments" }, "geometry": { "type": "Polygon", "coordinates": [ [ [ 114.1408145, 22.2864052 ], [ 114.1408188, 22.2865274 ], [ 114.1409285, 22.2865241 ], [ 114.1409242, 22.2864018 ], [ 114.1408145, 22.2864052 ] ] ] } },
{ "type": "Feature", "properties": { "id": "706468407", "name": "nan", "shop": "nan", "highway": "nan", "railway": "nan", "leisure": "nan", "landuse": "nan", "building": "apartments" }, "geometry": { "type": "Polygon", "coordinates": [ [ [ 114.1409242, 22.2864018 ], [ 114.1409212, 22.2863193 ], [ 114.1408116, 22.2863226 ], [ 114.1408145, 22.2864052 ], [ 114.1409242, 22.2864018 ] ] ] } },
{ "type": "Feature", "properties": { "id": "706468408", "name": "nan", "shop": "nan", "highway": "nan", "railway": "nan", "leisure": "nan", "landuse": "nan", "building": "apartments" }, "geometry": { "type": "Polygon", "coordinates": [ [ [ 114.1408116, 22.2863226 ], [ 114.1409212, 22.2863193 ], [ 114.1409183, 22.2862367 ], [ 114.1408086, 22.2862401 ], [ 114.1408116, 22.2863226 ] ] ] } },
{ "type": "Feature", "properties": { "id": "706468409", "name": "nan", "shop": "nan", "highway": "nan", "railway": "nan", "leisure": "nan", "landuse": "nan", "building": "apartments" }, "geometry": { "type": "Polygon", "coordinates": [ [ [ 114.1408599, 22.287289 ], [ 114.1408934, 22.2872879 ], [ 114.140949, 22.2872862 ], [ 114.1409475, 22.2872453 ], [ 114.1408584, 22.2872481 ], [ 114.1408599, 22.287289 ] ] ] } },
{ "type": "Feature", "properties": { "id": "706468410", "name": "俊庭居 Imperial Terrace", "shop": "nan", "highway": "nan", "railway": "nan", "leisure": "nan", "landuse": "nan", "building": "apartments" }, "geometry": { "type": "Polygon", "coordinates": [ [ [ 114.1408262, 22.2868372 ], [ 114.1408711, 22.2868363 ], [ 114.1408725, 22.2868918 ], [ 114.1409296, 22.2868906 ], [ 114.1409867, 22.2868894 ], [ 114.1409854, 22.2868339 ], [ 114.1410293, 22.286833 ], [ 114.1410283, 22.2867898 ], [ 114.1408252, 22.2867939 ], [ 114.1408262, 22.2868372 ] ] ] } },
{ "type": "Feature", "properties": { "id": "706468411", "name": "順泰大廈 Shun Tai Building", "shop": "nan", "highway": "nan", "railway": "nan", "leisure": "nan", "landuse": "nan", "building": "retail" }, "geometry": { "type": "Polygon", "coordinates": [ [ [ 114.1408233, 22.2867145 ], [ 114.1408208, 22.2866085 ], [ 114.1410725, 22.2866034 ], [ 114.1410742, 22.2866733 ], [ 114.141075, 22.2867094 ], [ 114.1409741, 22.2867114 ], [ 114.1409243, 22.2867124 ], [ 114.1408233, 22.2867145 ] ] ] } },
{ "type": "Feature", "properties": { "id": "706468412", "name": "順泰大廈 Shun Tai Building", "shop": "nan", "highway": "nan", "railway": "nan", "leisure": "nan", "landuse": "nan", "building": "apartments" }, "geometry": { "type": "Polygon", "coordinates": [ [ [ 114.1409741, 22.2867114 ], [ 114.1409893, 22.2866968 ], [ 114.1409933, 22.2867003 ], [ 114.1410056, 22.2867001 ], [ 114.1410055, 22.2866965 ], [ 114.1410494, 22.2866956 ], [ 114.141049, 22.2866766 ], [ 114.1410348, 22.2866769 ], [ 114.1410343, 22.2866563 ], [ 114.1409777, 22.2866575 ], [ 114.1409765, 22.2866092 ], [ 114.140917, 22.2866104 ], [ 114.1409182, 22.2866587 ], [ 114.1408616, 22.2866599 ], [ 114.1408621, 22.2866805 ], [ 114.1408479, 22.2866808 ], [ 114.1408484, 22.2866997 ], [ 114.1408923, 22.2866988 ], [ 114.1408923, 22.2867024 ], [ 114.1409047, 22.2867021 ], [ 114.1409085, 22.2866984 ], [ 114.1409243, 22.2867124 ], [ 114.1409741, 22.2867114 ] ] ] } },
{ "type": "Feature", "properties": { "id": "706468416", "name": "nan", "shop": "nan", "highway": "nan", "railway": "nan", "leisure": "nan", "landuse": "nan", "building": "school" }, "geometry": { "type": "Polygon", "coordinates": [ [ [ 114.1401068, 22.2835477 ], [ 114.1400923, 22.2834625 ], [ 114.1405076, 22.2833858 ], [ 114.140521, 22.2834721 ], [ 114.140302, 22.2835121 ], [ 114.1401068, 22.2835477 ] ] ] } },
{ "type": "Feature", "properties": { "id": "706468417", "name": "nan", "shop": "nan", "highway": "nan", "railway": "nan", "leisure": "nan", "landuse": "nan", "building": "school" }, "geometry": { "type": "Polygon", "coordinates": [ [ [ 114.1403233, 22.2836345 ], [ 114.140302, 22.2835121 ], [ 114.140521, 22.2834721 ], [ 114.1405386, 22.2835996 ], [ 114.1403233, 22.2836345 ] ] ] } },
{ "type": "Feature", "properties": { "id": "706468419", "name": "中華基督教禮賢會香港堂前座 Chinese Rhenish Church Hong Kong Front Block", "shop": "nan", "highway": "nan", "railway": "nan", "leisure": "nan", "landuse": "nan", "building": "church" }, "geometry": { "type": "Polygon", "coordinates": [ [ [ 114.140698, 22.2840413 ], [ 114.1405668, 22.2839729 ], [ 114.1406663, 22.2838096 ], [ 114.1407974, 22.2838779 ], [ 114.140698, 22.2840413 ] ] ] } },
{ "type": "Feature", "properties": { "id": "706468420", "name": "nan", "shop": "nan", "highway": "nan", "railway": "nan", "leisure": "nan", "landuse": "nan", "building": "yes" }, "geometry": { "type": "Polygon", "coordinates": [ [ [ 114.1406378, 22.2837947 ], [ 114.1406663, 22.2838096 ], [ 114.1407974, 22.2838779 ], [ 114.14081, 22.2838845 ], [ 114.1408577, 22.2838062 ], [ 114.1408337, 22.2837936 ], [ 114.1406855, 22.2837164 ], [ 114.1406378, 22.2837947 ] ] ] } },
{ "type": "Feature", "properties": { "id": "707823895", "name": "精緻園 Elegant Garden", "shop": "nan", "highway": "nan", "railway": "nan", "leisure": "nan", "landuse": "residential", "building": "residential" }, "geometry": { "type": "Polygon", "coordinates": [ [ [ 114.1406716, 22.2835059 ], [ 114.1407267, 22.2830961 ], [ 114.1408604, 22.2831086 ], [ 114.140911, 22.283198 ], [ 114.140884, 22.2835142 ], [ 114.1408593, 22.2835423 ], [ 114.1408199, 22.2835558 ], [ 114.1406907, 22.2835204 ], [ 114.1406716, 22.2835059 ] ] ] } },
{ "type": "Feature", "properties": { "id": "707823898", "name": "來恩樓 Emmanuel House", "shop": "nan", "highway": "nan", "railway": "nan", "leisure": "nan", "landuse": "nan", "building": "apartments" }, "geometry": { "type": "Polygon", "coordinates": [ [ [ 114.1406538, 22.2836809 ], [ 114.140668, 22.2835516 ], [ 114.1409458, 22.2836397 ], [ 114.1409171, 22.2837194 ], [ 114.1408847, 22.2837093 ], [ 114.1407358, 22.2836628 ], [ 114.1407116, 22.2837082 ], [ 114.1406538, 22.2836809 ] ] ] } },
{ "type": "Feature", "properties": { "id": "707823899", "name": "漢寧大廈 Honiton Mansion", "shop": "nan", "highway": "nan", "railway": "nan", "leisure": "nan", "landuse": "nan", "building": "apartments" }, "geometry": { "type": "Polygon", "coordinates": [ [ [ 114.1409157, 22.2834932 ], [ 114.1408705, 22.2835343 ], [ 114.1409232, 22.2835838 ], [ 114.1410791, 22.2834421 ], [ 114.1410264, 22.2833925 ], [ 114.1409812, 22.2834337 ], [ 114.1409622, 22.2834158 ], [ 114.1408967, 22.2834753 ], [ 114.1409157, 22.2834932 ] ] ] } },
{ "type": "Feature", "properties": { "id": "707823900", "name": "禮賢閣C座 Rhine Court Block C", "shop": "nan", "highway": "nan", "railway": "nan", "leisure": "nan", "landuse": "nan", "building": "apartments" }, "geometry": { "type": "Polygon", "coordinates": [ [ [ 114.1409692, 22.283925 ], [ 114.1410514, 22.2839322 ], [ 114.1410555, 22.283892 ], [ 114.1410851, 22.2838946 ], [ 114.1410809, 22.2839349 ], [ 114.1411631, 22.2839421 ], [ 114.1411837, 22.2837421 ], [ 114.1411016, 22.2837348 ], [ 114.1410974, 22.2837751 ], [ 114.1410679, 22.2837725 ], [ 114.141072, 22.2837322 ], [ 114.1409899, 22.283725 ], [ 114.1409832, 22.2837898 ], [ 114.1409692, 22.283925 ] ] ] } },
{ "type": "Feature", "properties": { "id": "707823904", "name": "nan", "shop": "nan", "highway": "nan", "railway": "nan", "leisure": "nan", "landuse": "nan", "building": "apartments" }, "geometry": { "type": "Polygon", "coordinates": [ [ [ 114.1408751, 22.2841571 ], [ 114.1408846, 22.2840651 ], [ 114.1407955, 22.2840573 ], [ 114.1408018, 22.2839952 ], [ 114.1410376, 22.2840159 ], [ 114.1410312, 22.284078 ], [ 114.1409456, 22.2840704 ], [ 114.1409361, 22.2841625 ], [ 114.1408751, 22.2841571 ] ] ] } },
{ "type": "Feature", "properties": { "id": "707823905", "name": "禮賢閣B座 Rhine Court Block B", "shop": "nan", "highway": "nan", "railway": "nan", "leisure": "nan", "landuse": "nan", "building": "apartments" }, "geometry": { "type": "Polygon", "coordinates": [ [ [ 114.1411631, 22.2839421 ], [ 114.1410809, 22.2839349 ], [ 114.1410618, 22.2841203 ], [ 114.141144, 22.2841275 ], [ 114.1411474, 22.284094 ], [ 114.1411795, 22.2840968 ], [ 114.141176, 22.2841304 ], [ 114.1412682, 22.2841385 ], [ 114.1412873, 22.2839531 ], [ 114.1411952, 22.2839449 ], [ 114.1411917, 22.2839785 ], [ 114.1411596, 22.2839756 ], [ 114.1411631, 22.2839421 ] ] ] } },
{ "type": "Feature", "properties": { "id": "707823906", "name": "nan", "shop": "nan", "highway": "nan", "railway": "nan", "leisure": "nan", "landuse": "nan", "building": "apartments" }, "geometry": { "type": "Polygon", "coordinates": [ [ [ 114.1413963, 22.2841182 ], [ 114.1413983, 22.2841139 ], [ 114.1414029, 22.2841157 ], [ 114.1414126, 22.2841121 ], [ 114.1414284, 22.284078 ], [ 114.1414433, 22.2840636 ], [ 114.1414372, 22.2840582 ], [ 114.1414498, 22.284046 ], [ 114.1414077, 22.2840088 ], [ 114.1414026, 22.2840137 ], [ 114.1413507, 22.2839679 ], [ 114.1413253, 22.2839925 ], [ 114.1413298, 22.2839965 ], [ 114.1413153, 22.2840105 ], [ 114.1413397, 22.284032 ], [ 114.1413306, 22.2840409 ], [ 114.141355, 22.2840625 ], [ 114.1413476, 22.2840808 ], [ 114.1413123, 22.2841098 ], [ 114.1413237, 22.2841217 ], [ 114.1413201, 22.2841247 ], [ 114.1413869, 22.2841943 ], [ 114.141433, 22.2841565 ], [ 114.1414204, 22.2841434 ], [ 114.1414261, 22.2841387 ], [ 114.1414121, 22.2841241 ], [ 114.1414064, 22.2841288 ], [ 114.1413963, 22.2841182 ] ] ] } },
{ "type": "Feature", "properties": { "id": "707823907", "name": "nan", "shop": "nan", "highway": "nan", "railway": "nan", "leisure": "nan", "landuse": "nan", "building": "apartments" }, "geometry": { "type": "Polygon", "coordinates": [ [ [ 114.1415526, 22.2842581 ], [ 114.1414816, 22.2842361 ], [ 114.1415247, 22.2841169 ], [ 114.1415271, 22.2841103 ], [ 114.1415981, 22.2841323 ], [ 114.1415526, 22.2842581 ] ] ] } },
{ "type": "Feature", "properties": { "id": "707823910", "name": "nan", "shop": "nan", "highway": "nan", "railway": "nan", "leisure": "nan", "landuse": "nan", "building": "apartments" }, "geometry": { "type": "Polygon", "coordinates": [ [ [ 114.1415981, 22.2841323 ], [ 114.1416699, 22.2841546 ], [ 114.1416244, 22.2842803 ], [ 114.1415526, 22.2842581 ], [ 114.1415981, 22.2841323 ] ] ] } },
{ "type": "Feature", "properties": { "id": "707823912", "name": "nan", "shop": "nan", "highway": "nan", "railway": "nan", "leisure": "nan", "landuse": "nan", "building": "parking" }, "geometry": { "type": "Polygon", "coordinates": [ [ [ 114.1412672, 22.2829333 ], [ 114.1412316, 22.2829216 ], [ 114.1411944, 22.2829151 ], [ 114.1411566, 22.2829141 ], [ 114.1411191, 22.2829186 ], [ 114.1410829, 22.2829285 ], [ 114.1410487, 22.2829434 ], [ 114.1410555, 22.2829774 ], [ 114.1410132, 22.2829849 ], [ 114.1410148, 22.2829929 ], [ 114.1409709, 22.2830006 ], [ 114.1409627, 22.2830265 ], [ 114.1409624, 22.283059 ], [ 114.141009, 22.2832388 ], [ 114.1413195, 22.283184 ], [ 114.1412672, 22.2829333 ] ] ] } },
{ "type": "Feature", "properties": { "id": "707823913", "name": "nan", "shop": "nan", "highway": "nan", "railway": "nan", "leisure": "nan", "landuse": "nan", "building": "apartments" }, "geometry": { "type": "Polygon", "coordinates": [ [ [ 114.1414727, 22.282477 ], [ 114.1414801, 22.2823811 ], [ 114.1414051, 22.2823762 ], [ 114.1414028, 22.2824063 ], [ 114.1413922, 22.2824069 ], [ 114.1413883, 22.2824124 ], [ 114.1413854, 22.2824506 ], [ 114.1413895, 22.2824574 ], [ 114.1413986, 22.2824604 ], [ 114.1413977, 22.2824721 ], [ 114.1414727, 22.282477 ] ] ] } },
{ "type": "Feature", "properties": { "id": "707823915", "name": "nan", "shop": "nan", "highway": "nan", "railway": "nan", "leisure": "nan", "landuse": "nan", "building": "apartments" }, "geometry": { "type": "Polygon", "coordinates": [ [ [ 114.1412711, 22.2827275 ], [ 114.1412758, 22.2825882 ], [ 114.1413058, 22.2825891 ], [ 114.141307, 22.2825553 ], [ 114.1414188, 22.2825585 ], [ 114.1414181, 22.2825773 ], [ 114.1414786, 22.2825801 ], [ 114.1414743, 22.2827943 ], [ 114.1414309, 22.2827943 ], [ 114.1414309, 22.2827847 ], [ 114.1413985, 22.2827828 ], [ 114.141398, 22.2827574 ], [ 114.1413302, 22.2827548 ], [ 114.1413295, 22.2827293 ], [ 114.1412711, 22.2827275 ] ] ] } },
{ "type": "Feature", "properties": { "id": "707823916", "name": "nan", "shop": "nan", "highway": "nan", "railway": "nan", "leisure": "nan", "landuse": "nan", "building": "apartments" }, "geometry": { "type": "Polygon", "coordinates": [ [ [ 114.1418529, 22.2825936 ], [ 114.1418741, 22.2823121 ], [ 114.1419625, 22.2823184 ], [ 114.1419546, 22.2824256 ], [ 114.1419929, 22.2824292 ], [ 114.141986, 22.282501 ], [ 114.1419517, 22.2824964 ], [ 114.1419407, 22.2826029 ], [ 114.1418529, 22.2825936 ] ] ] } },
{ "type": "Feature", "properties": { "id": "707823919", "name": "秀麗閣 Serene Court", "shop": "nan", "highway": "nan", "railway": "nan", "leisure": "nan", "landuse": "nan", "building": "apartments" }, "geometry": { "type": "Polygon", "coordinates": [ [ [ 114.1429571, 22.2825723 ], [ 114.1429699, 22.2825222 ], [ 114.14294, 22.2825182 ], [ 114.142953, 22.2824648 ], [ 114.1430646, 22.2824821 ], [ 114.1430754, 22.2824364 ], [ 114.1431651, 22.2824523 ], [ 114.1431537, 22.2824958 ], [ 114.1432677, 22.2825116 ], [ 114.1432617, 22.2825677 ], [ 114.1432353, 22.2825664 ], [ 114.1432238, 22.2826183 ], [ 114.1431508, 22.2826021 ], [ 114.1431427, 22.2826121 ], [ 114.1430406, 22.2825964 ], [ 114.1430325, 22.2825858 ], [ 114.1429571, 22.2825723 ] ] ] } },
{ "type": "Feature", "properties": { "id": "707823922", "name": "nan", "shop": "nan", "highway": "nan", "railway": "nan", "leisure": "nan", "landuse": "nan", "building": "apartments" }, "geometry": { "type": "Polygon", "coordinates": [ [ [ 114.1407808, 22.2829556 ], [ 114.1408235, 22.2828982 ], [ 114.1407873, 22.2828671 ], [ 114.1408073, 22.2828451 ], [ 114.1407992, 22.2828307 ], [ 114.1407868, 22.2828089 ], [ 114.1408357, 22.2827843 ], [ 114.1408008, 22.2827244 ], [ 114.1408693, 22.2826913 ], [ 114.1409302, 22.282802 ], [ 114.1409671, 22.2827905 ], [ 114.1410066, 22.2828412 ], [ 114.1408325, 22.2829912 ], [ 114.1407808, 22.2829556 ] ] ] } },
{ "type": "Feature", "properties": { "id": "707823925", "name": "碧翠園B座 Greenland Garden Block B", "shop": "nan", "highway": "nan", "railway": "nan", "leisure": "nan", "landuse": "nan", "building": "apartments" }, "geometry": { "type": "Polygon", "coordinates": [ [ [ 114.1418704, 22.2831239 ], [ 114.1419483, 22.2831379 ], [ 114.1419632, 22.2830671 ], [ 114.1419006, 22.2830558 ], [ 114.1419046, 22.2830368 ], [ 114.1419241, 22.2830403 ], [ 114.1419391, 22.2829685 ], [ 114.1418587, 22.2829541 ], [ 114.1418397, 22.2830449 ], [ 114.1417456, 22.283028 ], [ 114.1417307, 22.2830988 ], [ 114.1417992, 22.2831111 ], [ 114.1417817, 22.2831948 ], [ 114.1418529, 22.2832076 ], [ 114.1418704, 22.2831239 ] ] ] } },
{ "type": "Feature", "properties": { "id": "707823928", "name": "nan", "shop": "nan", "highway": "nan", "railway": "nan", "leisure": "nan", "landuse": "nan", "building": "apartments" }, "geometry": { "type": "Polygon", "coordinates": [ [ [ 114.1415907, 22.2830195 ], [ 114.1415793, 22.2829937 ], [ 114.1416054, 22.2829838 ], [ 114.1415895, 22.2829352 ], [ 114.1415638, 22.2828898 ], [ 114.1415378, 22.2828996 ], [ 114.1415284, 22.2828784 ], [ 114.1414734, 22.2828992 ], [ 114.1415334, 22.2830351 ], [ 114.1415628, 22.2831803 ], [ 114.1416212, 22.2831702 ], [ 114.1416152, 22.2831407 ], [ 114.1416429, 22.2831359 ], [ 114.141638, 22.2830854 ], [ 114.1416227, 22.283036 ], [ 114.141595, 22.2830408 ], [ 114.1415907, 22.2830195 ] ] ] } },
{ "type": "Feature", "properties": { "id": "707823931", "name": "nan", "shop": "nan", "highway": "nan", "railway": "nan", "leisure": "nan", "landuse": "nan", "building": "apartments" }, "geometry": { "type": "Polygon", "coordinates": [ [ [ 114.1417193, 22.2840903 ], [ 114.1417131, 22.2841187 ], [ 114.1417039, 22.284117 ], [ 114.1416864, 22.2841655 ], [ 114.1418137, 22.2841893 ], [ 114.1418307, 22.2841111 ], [ 114.1417193, 22.2840903 ] ] ] } },
{ "type": "Feature", "properties": { "id": "707823936", "name": "nan", "shop": "nan", "highway": "nan", "railway": "nan", "leisure": "nan", "landuse": "nan", "building": "apartments" }, "geometry": { "type": "Polygon", "coordinates": [ [ [ 114.1418952, 22.2841688 ], [ 114.1419237, 22.2841741 ], [ 114.1419158, 22.2842104 ], [ 114.1419747, 22.2842213 ], [ 114.1419826, 22.2841851 ], [ 114.1420112, 22.2841904 ], [ 114.1420142, 22.2841765 ], [ 114.1420451, 22.2841823 ], [ 114.1420516, 22.2841523 ], [ 114.1418738, 22.2841192 ], [ 114.1418673, 22.2841491 ], [ 114.1418982, 22.2841549 ], [ 114.1418952, 22.2841688 ] ] ] } },
{ "type": "Feature", "properties": { "id": "707823939", "name": "nan", "shop": "nan", "highway": "nan", "railway": "nan", "leisure": "nan", "landuse": "nan", "building": "apartments" }, "geometry": { "type": "Polygon", "coordinates": [ [ [ 114.1418643, 22.2843878 ], [ 114.141887, 22.284393 ], [ 114.1418881, 22.2843889 ], [ 114.1418942, 22.2843903 ], [ 114.1419042, 22.2843529 ], [ 114.1418828, 22.2843481 ], [ 114.1418845, 22.2843418 ], [ 114.1418616, 22.2843366 ], [ 114.1418599, 22.2843429 ], [ 114.1418394, 22.2843382 ], [ 114.1418416, 22.2843301 ], [ 114.141826, 22.2843266 ], [ 114.1418206, 22.2843303 ], [ 114.1417989, 22.2843026 ], [ 114.1417951, 22.2842986 ], [ 114.1417899, 22.2842966 ], [ 114.1417842, 22.284297 ], [ 114.1417793, 22.2842997 ], [ 114.1417499, 22.2843194 ], [ 114.1417463, 22.2843328 ], [ 114.1417318, 22.2843295 ], [ 114.1417295, 22.2843378 ], [ 114.1417116, 22.2843337 ], [ 114.1417028, 22.2843669 ], [ 114.1417109, 22.2843687 ], [ 114.1417099, 22.2843728 ], [ 114.1417211, 22.2843753 ], [ 114.1417222, 22.2843713 ], [ 114.1417261, 22.2843722 ], [ 114.1417242, 22.2843793 ], [ 114.1417438, 22.2843837 ], [ 114.1417515, 22.2843786 ], [ 114.1417595, 22.2843888 ], [ 114.1417464, 22.2843976 ], [ 114.1417562, 22.2844103 ], [ 114.1417451, 22.2844178 ], [ 114.1417585, 22.2844349 ], [ 114.1417754, 22.2844236 ], [ 114.141784, 22.2844345 ], [ 114.1418052, 22.2844202 ], [ 114.1418098, 22.2844209 ], [ 114.1418448, 22.2843974 ], [ 114.1418456, 22.2843932 ], [ 114.1418422, 22.2843889 ], [ 114.1418471, 22.2843855 ], [ 114.1418503, 22.2843897 ], [ 114.1418631, 22.2843926 ], [ 114.1418643, 22.2843878 ] ] ] } },
{ "type": "Feature", "properties": { "id": "707823941", "name": "nan", "shop": "nan", "highway": "nan", "railway": "nan", "leisure": "nan", "landuse": "nan", "building": "apartments" }, "geometry": { "type": "Polygon", "coordinates": [ [ [ 114.1421283, 22.2843885 ], [ 114.142099, 22.284339 ], [ 114.1420649, 22.2843563 ], [ 114.1420321, 22.284301 ], [ 114.1422154, 22.284208 ], [ 114.1422482, 22.2842633 ], [ 114.1422141, 22.2842806 ], [ 114.1422435, 22.28433 ], [ 114.1421283, 22.2843885 ] ] ] } },
{ "type": "Feature", "properties": { "id": "707823943", "name": "nan", "shop": "nan", "highway": "nan", "railway": "nan", "leisure": "nan", "landuse": "nan", "building": "apartments" }, "geometry": { "type": "Polygon", "coordinates": [ [ [ 114.1419861, 22.2844017 ], [ 114.1420112, 22.2843933 ], [ 114.1419833, 22.2843213 ], [ 114.1419474, 22.2843332 ], [ 114.1419609, 22.2843678 ], [ 114.1419042, 22.2843866 ], [ 114.1419215, 22.2844313 ], [ 114.1419889, 22.284409 ], [ 114.1419861, 22.2844017 ] ] ] } },
{ "type": "Feature", "properties": { "id": "707823948", "name": "nan", "shop": "nan", "highway": "nan", "railway": "nan", "leisure": "nan", "landuse": "nan", "building": "apartments" }, "geometry": { "type": "Polygon", "coordinates": [ [ [ 114.1426854, 22.2829093 ], [ 114.1426878, 22.2828659 ], [ 114.1427384, 22.2828693 ], [ 114.1427421, 22.2828134 ], [ 114.1426977, 22.2828145 ], [ 114.1427039, 22.2827494 ], [ 114.1426817, 22.2827471 ], [ 114.1426903, 22.2826638 ], [ 114.1428829, 22.2826775 ], [ 114.142873, 22.2827597 ], [ 114.1428076, 22.2827585 ], [ 114.1427965, 22.2827974 ], [ 114.1428347, 22.2828008 ], [ 114.1428335, 22.2828613 ], [ 114.1428162, 22.2829184 ], [ 114.1426854, 22.2829093 ] ] ] } },
{ "type": "Feature", "properties": { "id": "707823950", "name": "nan", "shop": "nan", "highway": "nan", "railway": "nan", "leisure": "nan", "landuse": "nan", "building": "yes" }, "geometry": { "type": "Polygon", "coordinates": [ [ [ 114.1426666, 22.2829777 ], [ 114.1426709, 22.2829352 ], [ 114.1428256, 22.28294 ], [ 114.1428222, 22.2829848 ], [ 114.1426666, 22.2829777 ] ] ] } },
{ "type": "Feature", "properties": { "id": "707823951", "name": "nan", "shop": "nan", "highway": "nan", "railway": "nan", "leisure": "nan", "landuse": "nan", "building": "apartments" }, "geometry": { "type": "Polygon", "coordinates": [ [ [ 114.1425185, 22.2829202 ], [ 114.1425316, 22.2826758 ], [ 114.142643, 22.2826809 ], [ 114.1426384, 22.2827663 ], [ 114.1426299, 22.2829254 ], [ 114.1425185, 22.2829202 ] ] ] } },
{ "type": "Feature", "properties": { "id": "707823953", "name": "nan", "shop": "nan", "highway": "nan", "railway": "nan", "leisure": "nan", "landuse": "nan", "building": "apartments" }, "geometry": { "type": "Polygon", "coordinates": [ [ [ 114.1423355, 22.2828853 ], [ 114.1423461, 22.2827319 ], [ 114.1423354, 22.2827313 ], [ 114.142338, 22.2826928 ], [ 114.1423163, 22.2826915 ], [ 114.1423201, 22.2826362 ], [ 114.1424717, 22.2826452 ], [ 114.1424679, 22.2827003 ], [ 114.1424454, 22.282699 ], [ 114.1424428, 22.282737 ], [ 114.1424312, 22.2827363 ], [ 114.1424205, 22.2828904 ], [ 114.1423355, 22.2828853 ] ] ] } },
{ "type": "Feature", "properties": { "id": "707823955", "name": "nan", "shop": "nan", "highway": "nan", "railway": "nan", "leisure": "nan", "landuse": "nan", "building": "apartments" }, "geometry": { "type": "Polygon", "coordinates": [ [ [ 114.142151, 22.282783 ], [ 114.1421557, 22.2827244 ], [ 114.142187, 22.2827265 ], [ 114.1421885, 22.2827082 ], [ 114.1422737, 22.2827141 ], [ 114.1422723, 22.2827322 ], [ 114.1423077, 22.2827347 ], [ 114.142303, 22.2827929 ], [ 114.1422675, 22.2827904 ], [ 114.142266, 22.2828088 ], [ 114.1421803, 22.2828028 ], [ 114.1421818, 22.2827851 ], [ 114.142151, 22.282783 ] ] ] } },
{ "type": "Feature", "properties": { "id": "707823957", "name": "第一大廈 First Mansion", "shop": "nan", "highway": "nan", "railway": "nan", "leisure": "nan", "landuse": "nan", "building": "apartments" }, "geometry": { "type": "Polygon", "coordinates": [ [ [ 114.141995, 22.2827229 ], [ 114.142, 22.2826519 ], [ 114.142135, 22.2826601 ], [ 114.14213, 22.2827311 ], [ 114.1421149, 22.2827301 ], [ 114.1421124, 22.2827661 ], [ 114.1421307, 22.2827672 ], [ 114.1421209, 22.2829059 ], [ 114.1419819, 22.2828975 ], [ 114.1419874, 22.2828196 ], [ 114.1420143, 22.2828213 ], [ 114.1420165, 22.2827903 ], [ 114.1420029, 22.2827895 ], [ 114.142005, 22.2827599 ], [ 114.142024, 22.2827611 ], [ 114.1420265, 22.2827248 ], [ 114.141995, 22.2827229 ] ] ] } },
{ "type": "Feature", "properties": { "id": "707823962", "name": "nan", "shop": "nan", "highway": "nan", "railway": "nan", "leisure": "nan", "landuse": "nan", "building": "apartments" }, "geometry": { "type": "Polygon", "coordinates": [ [ [ 114.141534, 22.2825252 ], [ 114.1415698, 22.2824903 ], [ 114.1416124, 22.2825263 ], [ 114.1416281, 22.2825107 ], [ 114.1416181, 22.282502 ], [ 114.1416201, 22.2825001 ], [ 114.1416193, 22.2824993 ], [ 114.1416298, 22.2824894 ], [ 114.1416314, 22.2824909 ], [ 114.141647, 22.2824761 ], [ 114.1416511, 22.2824798 ], [ 114.1416573, 22.282474 ], [ 114.1416649, 22.2824808 ], [ 114.141685, 22.2825366 ], [ 114.1416748, 22.2825462 ], [ 114.1416944, 22.2825641 ], [ 114.1416746, 22.2825839 ], [ 114.1416756, 22.2825982 ], [ 114.1417078, 22.2825966 ], [ 114.1417087, 22.2826142 ], [ 114.1417238, 22.2826133 ], [ 114.1417261, 22.2826437 ], [ 114.141719, 22.2826502 ], [ 114.1417197, 22.2826614 ], [ 114.1417089, 22.282662 ], [ 114.1417098, 22.2826966 ], [ 114.1417137, 22.2826965 ], [ 114.1417141, 22.2827088 ], [ 114.1417063, 22.2827091 ], [ 114.1417104, 22.2827791 ], [ 114.1417016, 22.2827797 ], [ 114.1417024, 22.2827898 ], [ 114.1416848, 22.2827909 ], [ 114.1416862, 22.2828145 ], [ 114.141681, 22.2828148 ], [ 114.1416824, 22.2828376 ], [ 114.1416583, 22.2828384 ], [ 114.1416593, 22.2828614 ], [ 114.1416361, 22.2828621 ], [ 114.1416359, 22.2828579 ], [ 114.1416242, 22.2828584 ], [ 114.1416195, 22.2827695 ], [ 114.1416146, 22.2827698 ], [ 114.141605, 22.2825976 ], [ 114.1416126, 22.2825968 ], [ 114.141534, 22.2825252 ] ] ] } },
{ "type": "Feature", "properties": { "id": "707823965", "name": "nan", "shop": "nan", "highway": "nan", "railway": "nan", "leisure": "nan", "landuse": "nan", "building": "apartments" }, "geometry": { "type": "Polygon", "coordinates": [ [ [ 114.1421887, 22.2837894 ], [ 114.142243, 22.2835523 ], [ 114.1423288, 22.2835119 ], [ 114.1423541, 22.2835169 ], [ 114.1423063, 22.2837254 ], [ 114.1423903, 22.2837419 ], [ 114.1423712, 22.2838252 ], [ 114.1421887, 22.2837894 ] ] ] } },
{ "type": "Feature", "properties": { "id": "707823966", "name": "nan", "shop": "nan", "highway": "nan", "railway": "nan", "leisure": "nan", "landuse": "nan", "building": "apartments" }, "geometry": { "type": "Polygon", "coordinates": [ [ [ 114.1420343, 22.2835854 ], [ 114.1420766, 22.2835868 ], [ 114.1421187, 22.2835841 ], [ 114.1421603, 22.2835773 ], [ 114.1422009, 22.2835665 ], [ 114.1421761, 22.2836756 ], [ 114.1421191, 22.2836645 ], [ 114.1421096, 22.2837061 ], [ 114.1421665, 22.2837173 ], [ 114.142153, 22.2837762 ], [ 114.1419563, 22.2837376 ], [ 114.1419699, 22.2836787 ], [ 114.1420268, 22.2836899 ], [ 114.1420364, 22.2836482 ], [ 114.1419794, 22.283637 ], [ 114.1419925, 22.2835798 ], [ 114.1420343, 22.2835854 ] ] ] } },
{ "type": "Feature", "properties": { "id": "707823968", "name": "nan", "shop": "nan", "highway": "nan", "railway": "nan", "leisure": "nan", "landuse": "nan", "building": "apartments" }, "geometry": { "type": "Polygon", "coordinates": [ [ [ 114.1423266, 22.2840571 ], [ 114.14213, 22.2840185 ], [ 114.1421471, 22.2839438 ], [ 114.1422041, 22.283955 ], [ 114.1422136, 22.2839133 ], [ 114.1421566, 22.2839022 ], [ 114.1421737, 22.2838275 ], [ 114.1423704, 22.2838661 ], [ 114.1423533, 22.2839408 ], [ 114.1422963, 22.2839296 ], [ 114.1422868, 22.2839712 ], [ 114.1423438, 22.2839824 ], [ 114.1423266, 22.2840571 ] ] ] } },
{ "type": "Feature", "properties": { "id": "707823969", "name": "nan", "shop": "nan", "highway": "nan", "railway": "nan", "leisure": "nan", "landuse": "nan", "building": "apartments" }, "geometry": { "type": "Polygon", "coordinates": [ [ [ 114.1418838, 22.2839702 ], [ 114.1420805, 22.2840088 ], [ 114.1420977, 22.2839341 ], [ 114.1420407, 22.2839229 ], [ 114.1420502, 22.2838813 ], [ 114.1421072, 22.2838925 ], [ 114.1421243, 22.2838178 ], [ 114.1419276, 22.2837792 ], [ 114.1419105, 22.2838538 ], [ 114.1419675, 22.283865 ], [ 114.141958, 22.2839067 ], [ 114.141901, 22.2838955 ], [ 114.1418838, 22.2839702 ] ] ] } },
{ "type": "Feature", "properties": { "id": "707823970", "name": "興華樓B座 Hing Wah Mansion Block B", "shop": "nan", "highway": "nan", "railway": "nan", "leisure": "nan", "landuse": "nan", "building": "apartments" }, "geometry": { "type": "Polygon", "coordinates": [ [ [ 114.1424498, 22.2837036 ], [ 114.14245, 22.2837544 ], [ 114.1425081, 22.2837542 ], [ 114.1425082, 22.2837777 ], [ 114.1426203, 22.2837772 ], [ 114.1426196, 22.2836192 ], [ 114.1425466, 22.2836195 ], [ 114.1425079, 22.2836196 ], [ 114.142508, 22.2836395 ], [ 114.1424859, 22.2836396 ], [ 114.1424859, 22.283626 ], [ 114.1424617, 22.2836261 ], [ 114.1424617, 22.2836328 ], [ 114.1424527, 22.2836328 ], [ 114.1424527, 22.2836261 ], [ 114.1424182, 22.2836262 ], [ 114.1424186, 22.2837037 ], [ 114.1424498, 22.2837036 ] ] ] } },
{ "type": "Feature", "properties": { "id": "707823971", "name": "興華樓A座 Hing Wah Mansion Block A", "shop": "nan", "highway": "nan", "railway": "nan", "leisure": "nan", "landuse": "nan", "building": "apartments" }, "geometry": { "type": "Polygon", "coordinates": [ [ [ 114.1425084, 22.2838193 ], [ 114.1424912, 22.2838194 ], [ 114.1424912, 22.2838091 ], [ 114.1424911, 22.2837951 ], [ 114.1424509, 22.2837953 ], [ 114.1424512, 22.2838538 ], [ 114.1424262, 22.2838539 ], [ 114.1424263, 22.2838845 ], [ 114.1424192, 22.2838845 ], [ 114.1424194, 22.283923 ], [ 114.142461, 22.2839228 ], [ 114.142461, 22.2839315 ], [ 114.1424915, 22.2839314 ], [ 114.1424915, 22.2839236 ], [ 114.1425093, 22.2839236 ], [ 114.1425094, 22.2839544 ], [ 114.1426211, 22.283954 ], [ 114.1426203, 22.2837772 ], [ 114.1425082, 22.2837777 ], [ 114.1425084, 22.2838193 ] ] ] } },
{ "type": "Feature", "properties": { "id": "707823972", "name": "興華大廈M座 Hing Wah Mansion Block M", "shop": "nan", "highway": "nan", "railway": "nan", "leisure": "nan", "landuse": "nan", "building": "apartments" }, "geometry": { "type": "Polygon", "coordinates": [ [ [ 114.1423664, 22.2841126 ], [ 114.1425576, 22.2841509 ], [ 114.1425745, 22.2841493 ], [ 114.1425904, 22.2841434 ], [ 114.1426039, 22.2841338 ], [ 114.1426166, 22.2841163 ], [ 114.1426215, 22.2840957 ], [ 114.1426211, 22.283954 ], [ 114.1425094, 22.2839544 ], [ 114.1425096, 22.2840462 ], [ 114.1424752, 22.2840463 ], [ 114.1424751, 22.2840037 ], [ 114.1424688, 22.2840036 ], [ 114.1424687, 22.2839611 ], [ 114.1423955, 22.2839612 ], [ 114.1423957, 22.2840039 ], [ 114.1423838, 22.2840039 ], [ 114.1423838, 22.2840465 ], [ 114.1423661, 22.2840466 ], [ 114.1423664, 22.2841126 ] ] ] } },
{ "type": "Feature", "properties": { "id": "707824313", "name": "nan", "shop": "nan", "highway": "nan", "railway": "nan", "leisure": "nan", "landuse": "nan", "building": "apartments" }, "geometry": { "type": "Polygon", "coordinates": [ [ [ 114.1424974, 22.2835306 ], [ 114.1424978, 22.2836196 ], [ 114.1425079, 22.2836196 ], [ 114.1425466, 22.2836195 ], [ 114.1425465, 22.2836061 ], [ 114.1425675, 22.2836061 ], [ 114.1425887, 22.2835863 ], [ 114.1425941, 22.2835912 ], [ 114.1426538, 22.2835355 ], [ 114.1426484, 22.2835305 ], [ 114.1426674, 22.2835129 ], [ 114.1426679, 22.2834976 ], [ 114.1426697, 22.2834491 ], [ 114.1425875, 22.2834465 ], [ 114.1425646, 22.2834255 ], [ 114.142539, 22.2834495 ], [ 114.1425261, 22.2834377 ], [ 114.1424873, 22.2834739 ], [ 114.1425001, 22.2834857 ], [ 114.1424745, 22.2835096 ], [ 114.1424974, 22.2835306 ] ] ] } },
{ "type": "Feature", "properties": { "id": "707824314", "name": "nan", "shop": "nan", "highway": "nan", "railway": "nan", "leisure": "nan", "landuse": "nan", "building": "apartments" }, "geometry": { "type": "Polygon", "coordinates": [ [ [ 114.142778, 22.283501 ], [ 114.1427853, 22.2833023 ], [ 114.1426979, 22.2832996 ], [ 114.142697, 22.2833238 ], [ 114.1426716, 22.283323 ], [ 114.1426709, 22.2833419 ], [ 114.1426234, 22.2833404 ], [ 114.1426199, 22.2834365 ], [ 114.1426701, 22.2834381 ], [ 114.1426697, 22.2834491 ], [ 114.1426679, 22.2834976 ], [ 114.142778, 22.283501 ] ] ] } },
{ "type": "Feature", "properties": { "id": "707832732", "name": "nan", "shop": "nan", "highway": "nan", "railway": "nan", "leisure": "nan", "landuse": "nan", "building": "roof" }, "geometry": { "type": "Polygon", "coordinates": [ [ [ 114.1378499, 22.2826344 ], [ 114.1378498, 22.2826484 ], [ 114.1378497, 22.2826713 ], [ 114.1380448, 22.2826676 ], [ 114.1384311, 22.2826602 ], [ 114.1388668, 22.2826518 ], [ 114.1388897, 22.2826514 ], [ 114.1388913, 22.2826806 ], [ 114.1389788, 22.2826785 ], [ 114.1389793, 22.2826356 ], [ 114.1390371, 22.2826364 ], [ 114.1390353, 22.2825791 ], [ 114.1389663, 22.2825808 ], [ 114.1388975, 22.2825993 ], [ 114.1384576, 22.2826098 ], [ 114.1384568, 22.2825868 ], [ 114.1382759, 22.2825914 ], [ 114.1382781, 22.2826205 ], [ 114.1378499, 22.2826344 ] ] ] } },
{ "type": "Feature", "properties": { "id": "707832736", "name": "nan", "shop": "nan", "highway": "nan", "railway": "nan", "leisure": "nan", "landuse": "nan", "building": "roof" }, "geometry": { "type": "Polygon", "coordinates": [ [ [ 114.1389788, 22.2826785 ], [ 114.1389793, 22.2826356 ], [ 114.1390371, 22.2826364 ], [ 114.1390353, 22.2825791 ], [ 114.139251, 22.2825706 ], [ 114.139351, 22.2825666 ], [ 114.139376, 22.282562 ], [ 114.1394322, 22.282624 ], [ 114.1392512, 22.2826284 ], [ 114.139139, 22.2826311 ], [ 114.1391403, 22.2826745 ], [ 114.1389788, 22.2826785 ] ] ] } },
{ "type": "Feature", "properties": { "id": "723201564", "name": "麗賢閣 Lai Yin Court", "shop": "nan", "highway": "nan", "railway": "nan", "leisure": "nan", "landuse": "nan", "building": "apartments" }, "geometry": { "type": "Polygon", "coordinates": [ [ [ 114.1408809, 22.2851658 ], [ 114.1408794, 22.2851222 ], [ 114.1409344, 22.2851206 ], [ 114.140933, 22.2850798 ], [ 114.1409467, 22.2850794 ], [ 114.1409742, 22.2850786 ], [ 114.140988, 22.2850782 ], [ 114.1409894, 22.285119 ], [ 114.1410444, 22.2851173 ], [ 114.1410459, 22.2851609 ], [ 114.1409771, 22.2851629 ], [ 114.1409634, 22.2851633 ], [ 114.1409496, 22.2851637 ], [ 114.1408809, 22.2851658 ] ] ] } },
{ "type": "Feature", "properties": { "id": "723201569", "name": "楊華閣 Aspen Court", "shop": "nan", "highway": "nan", "railway": "nan", "leisure": "nan", "landuse": "residential", "building": "yes" }, "geometry": { "type": "Polygon", "coordinates": [ [ [ 114.1419485, 22.2851294 ], [ 114.1421346, 22.2851239 ], [ 114.1421321, 22.2850228 ], [ 114.1421306, 22.2849806 ], [ 114.1421304, 22.2849741 ], [ 114.1421302, 22.2849673 ], [ 114.1420858, 22.2849686 ], [ 114.1419937, 22.2849713 ], [ 114.1419442, 22.2849728 ], [ 114.1419485, 22.2851294 ] ] ] } },
{ "type": "Feature", "properties": { "id": "723201570", "name": "富裕大廈 Wealth Building", "shop": "nan", "highway": "nan", "railway": "nan", "leisure": "nan", "landuse": "nan", "building": "retail" }, "geometry": { "type": "Polygon", "coordinates": [ [ [ 114.1421529, 22.2853314 ], [ 114.1421488, 22.2852234 ], [ 114.1421481, 22.2852054 ], [ 114.1418482, 22.2852151 ], [ 114.1418529, 22.285341 ], [ 114.1418876, 22.2853399 ], [ 114.1420867, 22.2853335 ], [ 114.1421529, 22.2853314 ] ] ] } },
{ "type": "Feature", "properties": { "id": "723201572", "name": "賢德大廈 Yin Tak Building", "shop": "nan", "highway": "nan", "railway": "nan", "leisure": "nan", "landuse": "nan", "building": "apartments" }, "geometry": { "type": "Polygon", "coordinates": [ [ [ 114.1418109, 22.2853424 ], [ 114.1418091, 22.285297 ], [ 114.1417983, 22.2852973 ], [ 114.1417965, 22.2852494 ], [ 114.1417144, 22.2852521 ], [ 114.1417162, 22.2853017 ], [ 114.1417064, 22.285302 ], [ 114.1417074, 22.2853293 ], [ 114.1417279, 22.2853287 ], [ 114.1417286, 22.285345 ], [ 114.1418109, 22.2853424 ] ] ] } },
{ "type": "Feature", "properties": { "id": "723201574", "name": "nan", "shop": "nan", "highway": "nan", "railway": "nan", "leisure": "nan", "landuse": "nan", "building": "apartments" }, "geometry": { "type": "Polygon", "coordinates": [ [ [ 114.1415655, 22.2852244 ], [ 114.1414096, 22.2852294 ], [ 114.1414115, 22.2852808 ], [ 114.1414576, 22.2852794 ], [ 114.14146, 22.2853455 ], [ 114.1415239, 22.2853434 ], [ 114.1415214, 22.2852773 ], [ 114.1415675, 22.2852758 ], [ 114.1415655, 22.2852244 ] ] ] } },
{ "type": "Feature", "properties": { "id": "723201575", "name": "Highlight House", "shop": "nan", "highway": "nan", "railway": "nan", "leisure": "nan", "landuse": "nan", "building": "apartments" }, "geometry": { "type": "Polygon", "coordinates": [ [ [ 114.1416545, 22.2853464 ], [ 114.1416528, 22.2853012 ], [ 114.1416583, 22.2853011 ], [ 114.1416572, 22.2852729 ], [ 114.1416844, 22.2852721 ], [ 114.1416825, 22.2852205 ], [ 114.1415655, 22.2852244 ], [ 114.1415675, 22.2852758 ], [ 114.1415946, 22.285275 ], [ 114.1415957, 22.2853031 ], [ 114.1416012, 22.2853029 ], [ 114.1416029, 22.2853481 ], [ 114.1416545, 22.2853464 ] ] ] } },
{ "type": "Feature", "properties": { "id": "732556274", "name": "nan", "shop": "nan", "highway": "nan", "railway": "nan", "leisure": "nan", "landuse": "nan", "building": "yes" }, "geometry": { "type": "Polygon", "coordinates": [ [ [ 114.1394223, 22.2837844 ], [ 114.1394313, 22.2837464 ], [ 114.1394706, 22.2837543 ], [ 114.1394616, 22.2837923 ], [ 114.1394223, 22.2837844 ] ] ] } },
{ "type": "Feature", "properties": { "id": "756201202", "name": "nan", "shop": "nan", "highway": "nan", "railway": "nan", "leisure": "nan", "landuse": "nan", "building": "train_station" }, "geometry": { "type": "Polygon", "coordinates": [ [ [ 114.132599, 22.2859026 ], [ 114.1325923, 22.2857212 ], [ 114.1326911, 22.2857181 ], [ 114.1326977, 22.2858995 ], [ 114.1326675, 22.2859005 ], [ 114.1326439, 22.2859012 ], [ 114.1326224, 22.2859019 ], [ 114.132599, 22.2859026 ] ] ] } },
{ "type": "Feature", "properties": { "id": "758445167", "name": "西尾園變壓站 West End Park Sub-station", "shop": "nan", "highway": "nan", "railway": "nan", "leisure": "nan", "landuse": "nan", "building": "industrial" }, "geometry": { "type": "Polygon", "coordinates": [ [ [ 114.1439949, 22.2826223 ], [ 114.1439939, 22.2825718 ], [ 114.1440701, 22.2825705 ], [ 114.1440703, 22.2825829 ], [ 114.1440973, 22.2825824 ], [ 114.1440978, 22.2826041 ], [ 114.1441227, 22.2826037 ], [ 114.144123, 22.2826201 ], [ 114.1439949, 22.2826223 ] ] ] } },
{ "type": "Feature", "properties": { "id": "758535264", "name": "nan", "shop": "nan", "highway": "nan", "railway": "nan", "leisure": "nan", "landuse": "nan", "building": "booth" }, "geometry": { "type": "Polygon", "coordinates": [ [ [ 114.1344951, 22.2871051 ], [ 114.1344906, 22.2870887 ], [ 114.1345118, 22.2870838 ], [ 114.1345163, 22.2871001 ], [ 114.1344951, 22.2871051 ] ] ] } },
{ "type": "Feature", "properties": { "id": "761609174", "name": "nan", "shop": "nan", "highway": "nan", "railway": "nan", "leisure": "nan", "landuse": "nan", "building": "yes" }, "geometry": { "type": "Polygon", "coordinates": [ [ [ 114.128547, 22.2847565 ], [ 114.128622, 22.2846823 ], [ 114.1286653, 22.2847182 ], [ 114.1285667, 22.2847751 ], [ 114.128547, 22.2847565 ] ] ] } },
{ "type": "Feature", "properties": { "id": "761609175", "name": "nan", "shop": "nan", "highway": "nan", "railway": "nan", "leisure": "nan", "landuse": "nan", "building": "toilets" }, "geometry": { "type": "Polygon", "coordinates": [ [ [ 114.1286441, 22.2846586 ], [ 114.1286708, 22.2846312 ], [ 114.128706, 22.2846638 ], [ 114.1287137, 22.2846561 ], [ 114.128773, 22.2847087 ], [ 114.1287212, 22.284728 ], [ 114.1286441, 22.2846586 ] ] ] } },
{ "type": "Feature", "properties": { "id": "761609176", "name": "nan", "shop": "nan", "highway": "nan", "railway": "nan", "leisure": "nan", "landuse": "nan", "building": "yes" }, "geometry": { "type": "Polygon", "coordinates": [ [ [ 114.1284592, 22.2846794 ], [ 114.128478, 22.2846594 ], [ 114.1285209, 22.2846939 ], [ 114.1285021, 22.2847139 ], [ 114.1284592, 22.2846794 ] ] ] } },
{ "type": "Feature", "properties": { "id": "762788071", "name": "nan", "shop": "nan", "highway": "nan", "railway": "nan", "leisure": "nan", "landuse": "nan", "building": "roof" }, "geometry": { "type": "Polygon", "coordinates": [ [ [ 114.1325741, 22.2820046 ], [ 114.1325552, 22.2819121 ], [ 114.1325947, 22.2819052 ], [ 114.1326396, 22.2818973 ], [ 114.1326585, 22.2819899 ], [ 114.1326048, 22.2819993 ], [ 114.1325741, 22.2820046 ] ] ] } },
{ "type": "Feature", "properties": { "id": "762788077", "name": "nan", "shop": "nan", "highway": "nan", "railway": "nan", "leisure": "nan", "landuse": "nan", "building": "roof" }, "geometry": { "type": "Polygon", "coordinates": [ [ [ 114.1323807, 22.2819087 ], [ 114.1324194, 22.2818868 ], [ 114.132261, 22.2816471 ], [ 114.1322222, 22.2816691 ], [ 114.1323807, 22.2819087 ] ] ] } },
{ "type": "Feature", "properties": { "id": "762788089", "name": "nan", "shop": "nan", "highway": "nan", "railway": "nan", "leisure": "nan", "landuse": "nan", "building": "roof" }, "geometry": { "type": "Polygon", "coordinates": [ [ [ 114.1324941, 22.2817169 ], [ 114.1324434, 22.2816377 ], [ 114.1325037, 22.2816047 ], [ 114.1325544, 22.2816838 ], [ 114.1324941, 22.2817169 ] ] ] } },
{ "type": "Feature", "properties": { "id": "762788090", "name": "uSmile 昆仑好客", "shop": "convenience", "highway": "nan", "railway": "nan", "leisure": "nan", "landuse": "nan", "building": "retail" }, "geometry": { "type": "Polygon", "coordinates": [ [ [ 114.1325399, 22.2816763 ], [ 114.1325126, 22.2816347 ], [ 114.1325504, 22.2816134 ], [ 114.1325778, 22.281655 ], [ 114.1325399, 22.2816763 ] ] ] } },
{ "type": "Feature", "properties": { "id": "763528677", "name": "昆保商業大廈 Kenbo Commercial Building", "shop": "nan", "highway": "nan", "railway": "nan", "leisure": "nan", "landuse": "nan", "building": "commercial" }, "geometry": { "type": "Polygon", "coordinates": [ [ [ 114.1413987, 22.2870201 ], [ 114.1414011, 22.2870887 ], [ 114.1414029, 22.2871418 ], [ 114.1414047, 22.2871948 ], [ 114.141267, 22.2871992 ], [ 114.1412633, 22.287093 ], [ 114.1412607, 22.2870245 ], [ 114.1412727, 22.2870241 ], [ 114.1413019, 22.2870232 ], [ 114.1413311, 22.2870223 ], [ 114.1413749, 22.2870209 ], [ 114.1413987, 22.2870201 ] ] ] } },
{ "type": "Feature", "properties": { "id": "763914525", "name": "nan", "shop": "nan", "highway": "nan", "railway": "nan", "leisure": "nan", "landuse": "nan", "building": "apartments" }, "geometry": { "type": "Polygon", "coordinates": [ [ [ 114.141089, 22.2876427 ], [ 114.1411165, 22.2876418 ], [ 114.1411157, 22.2876203 ], [ 114.1411448, 22.2876194 ], [ 114.141145, 22.2876253 ], [ 114.1411512, 22.2876252 ], [ 114.1411513, 22.2876301 ], [ 114.1411839, 22.2876291 ], [ 114.141183, 22.2876044 ], [ 114.1411744, 22.2876047 ], [ 114.1411737, 22.2875861 ], [ 114.1411823, 22.2875858 ], [ 114.1411815, 22.287564 ], [ 114.1411728, 22.2875642 ], [ 114.141172, 22.2875405 ], [ 114.141181, 22.2875402 ], [ 114.1411793, 22.2874924 ], [ 114.1411702, 22.2874927 ], [ 114.1411686, 22.2874469 ], [ 114.1411777, 22.2874467 ], [ 114.141176, 22.2873997 ], [ 114.1411669, 22.2874 ], [ 114.1411658, 22.2873708 ], [ 114.1411477, 22.2873713 ], [ 114.1411478, 22.2873736 ], [ 114.1411257, 22.2873743 ], [ 114.1411254, 22.2873669 ], [ 114.1411126, 22.2873673 ], [ 114.1411122, 22.2873551 ], [ 114.1410936, 22.2873557 ], [ 114.1410938, 22.2873591 ], [ 114.1410674, 22.2873599 ], [ 114.1410685, 22.2873908 ], [ 114.1410624, 22.287391 ], [ 114.14105, 22.2873914 ], [ 114.1410505, 22.287405 ], [ 114.1410556, 22.2874048 ], [ 114.1410564, 22.2874289 ], [ 114.1410761, 22.2874283 ], [ 114.1410773, 22.2874595 ], [ 114.1410741, 22.2874596 ], [ 114.1410669, 22.2874666 ], [ 114.1410681, 22.2875001 ], [ 114.141059, 22.2875004 ], [ 114.1410597, 22.2875203 ], [ 114.1410576, 22.2875203 ], [ 114.1410585, 22.2875448 ], [ 114.1410473, 22.2875451 ], [ 114.141048, 22.2875644 ], [ 114.1410592, 22.287564 ], [ 114.1410595, 22.2875718 ], [ 114.1410685, 22.2875716 ], [ 114.1410752, 22.2875714 ], [ 114.1410768, 22.2876185 ], [ 114.1410882, 22.2876181 ], [ 114.141089, 22.2876427 ] ] ] } },
{ "type": "Feature", "properties": { "id": "763914531", "name": "nan", "shop": "nan", "highway": "nan", "railway": "nan", "leisure": "nan", "landuse": "nan", "building": "apartments" }, "geometry": { "type": "Polygon", "coordinates": [ [ [ 114.1411931, 22.2872375 ], [ 114.1411326, 22.2872394 ], [ 114.1411333, 22.2872568 ], [ 114.1410602, 22.2872591 ], [ 114.1410617, 22.2873012 ], [ 114.1411348, 22.2872988 ], [ 114.1411355, 22.2873162 ], [ 114.1411747, 22.287315 ], [ 114.141196, 22.2873143 ], [ 114.1411931, 22.2872375 ] ] ] } },
{ "type": "Feature", "properties": { "id": "763914532", "name": "藝里坊‧2 號 Two•ArtLane", "shop": "nan", "highway": "nan", "railway": "nan", "leisure": "nan", "landuse": "nan", "building": "residential" }, "geometry": { "type": "Polygon", "coordinates": [ [ [ 114.1412811, 22.2876036 ], [ 114.141268, 22.2872294 ], [ 114.1414058, 22.2872253 ], [ 114.1414189, 22.2875995 ], [ 114.1412811, 22.2876036 ] ] ] } },
{ "type": "Feature", "properties": { "id": "765590483", "name": "nan", "shop": "nan", "highway": "nan", "railway": "nan", "leisure": "nan", "landuse": "nan", "building": "yes" }, "geometry": { "type": "Polygon", "coordinates": [ [ [ 114.1247481, 22.2826915 ], [ 114.1248263, 22.2827531 ], [ 114.1251406, 22.2827946 ], [ 114.1258485, 22.282888 ], [ 114.1258582, 22.2828336 ], [ 114.1247481, 22.2826915 ] ] ] } },
{ "type": "Feature", "properties": { "id": "773093072", "name": "nan", "shop": "nan", "highway": "nan", "railway": "nan", "leisure": "nan", "landuse": "nan", "building": "yes" }, "geometry": { "type": "Polygon", "coordinates": [ [ [ 114.1368256, 22.288579 ], [ 114.1368446, 22.2885077 ], [ 114.1366078, 22.2884538 ], [ 114.1365888, 22.2885252 ], [ 114.1368256, 22.288579 ] ] ] } },
{ "type": "Feature", "properties": { "id": "773093074", "name": "nan", "shop": "nan", "highway": "nan", "railway": "nan", "leisure": "nan", "landuse": "nan", "building": "yes" }, "geometry": { "type": "Polygon", "coordinates": [ [ [ 114.1383518, 22.2889266 ], [ 114.1383444, 22.2889509 ], [ 114.1384196, 22.2889854 ], [ 114.1384362, 22.2889475 ], [ 114.1383518, 22.2889266 ] ] ] } },
{ "type": "Feature", "properties": { "id": "773093075", "name": "nan", "shop": "nan", "highway": "nan", "railway": "nan", "leisure": "nan", "landuse": "nan", "building": "service" }, "geometry": { "type": "Polygon", "coordinates": [ [ [ 114.1385359, 22.289015 ], [ 114.1384608, 22.2889951 ], [ 114.1384711, 22.2889562 ], [ 114.1386859, 22.2890094 ], [ 114.1387716, 22.2890371 ], [ 114.1387531, 22.2890969 ], [ 114.1385278, 22.2890398 ], [ 114.1385359, 22.289015 ] ] ] } },
{ "type": "Feature", "properties": { "id": "773093080", "name": "nan", "shop": "nan", "highway": "nan", "railway": "nan", "leisure": "nan", "landuse": "nan", "building": "yes" }, "geometry": { "type": "Polygon", "coordinates": [ [ [ 114.1389406, 22.2891055 ], [ 114.1389301, 22.2891391 ], [ 114.1388308, 22.2891142 ], [ 114.1388336, 22.2891043 ], [ 114.138788, 22.2890919 ], [ 114.1388011, 22.2890508 ], [ 114.1389406, 22.2891055 ] ] ] } },
{ "type": "Feature", "properties": { "id": "817838901", "name": "nan", "shop": "nan", "highway": "nan", "railway": "nan", "leisure": "nan", "landuse": "nan", "building": "yes" }, "geometry": { "type": "Polygon", "coordinates": [ [ [ 114.1437268, 22.2812913 ], [ 114.1440057, 22.2812294 ], [ 114.1439834, 22.2810968 ], [ 114.1438923, 22.2811175 ], [ 114.1438774, 22.2810573 ], [ 114.1437677, 22.2810796 ], [ 114.1437881, 22.2811777 ], [ 114.1437082, 22.2811984 ], [ 114.1437268, 22.2812913 ] ] ] } },
{ "type": "Feature", "properties": { "id": "817838902", "name": "nan", "shop": "nan", "highway": "nan", "railway": "nan", "leisure": "nan", "landuse": "nan", "building": "yes" }, "geometry": { "type": "Polygon", "coordinates": [ [ [ 114.1440485, 22.2812173 ], [ 114.1441266, 22.2812311 ], [ 114.1441341, 22.281207 ], [ 114.1442159, 22.2812225 ], [ 114.1442364, 22.2811502 ], [ 114.1441471, 22.2811295 ], [ 114.1441415, 22.2811502 ], [ 114.1440708, 22.2811364 ], [ 114.1440485, 22.2812173 ] ] ] } },
{ "type": "Feature", "properties": { "id": "817838904", "name": "nan", "shop": "nan", "highway": "nan", "railway": "nan", "leisure": "nan", "landuse": "nan", "building": "yes" }, "geometry": { "type": "Polygon", "coordinates": [ [ [ 114.1434534, 22.2811278 ], [ 114.1434868, 22.2811278 ], [ 114.1434794, 22.2811691 ], [ 114.1435017, 22.2811709 ], [ 114.1434961, 22.2812018 ], [ 114.1436486, 22.2812208 ], [ 114.1436654, 22.2811295 ], [ 114.1436821, 22.2811313 ], [ 114.1436896, 22.281059 ], [ 114.1436319, 22.2810555 ], [ 114.1436263, 22.2811072 ], [ 114.1435891, 22.2811003 ], [ 114.1436003, 22.2810521 ], [ 114.1435724, 22.2810504 ], [ 114.1435873, 22.2809747 ], [ 114.143498, 22.2809678 ], [ 114.1434906, 22.2810314 ], [ 114.1434701, 22.2810314 ], [ 114.1434534, 22.2811278 ] ] ] } },
{ "type": "Feature", "properties": { "id": "817841420", "name": "年豐園一座 Skyline Mansion Block 1", "shop": "nan", "highway": "nan", "railway": "nan", "leisure": "nan", "landuse": "nan", "building": "apartments" }, "geometry": { "type": "Polygon", "coordinates": [ [ [ 114.1419097, 22.2812961 ], [ 114.1421246, 22.2814418 ], [ 114.1421646, 22.281384 ], [ 114.1421059, 22.2813447 ], [ 114.1421734, 22.281251 ], [ 114.1422246, 22.2812857 ], [ 114.1422671, 22.2812244 ], [ 114.1420771, 22.2810949 ], [ 114.1420334, 22.2811539 ], [ 114.1420834, 22.2811886 ], [ 114.1420121, 22.2812823 ], [ 114.1419509, 22.2812395 ], [ 114.1419097, 22.2812961 ] ] ] } },
{ "type": "Feature", "properties": { "id": "817841421", "name": "年豐園二座 Skyline Mansion Block 2", "shop": "nan", "highway": "nan", "railway": "nan", "leisure": "nan", "landuse": "nan", "building": "apartments" }, "geometry": { "type": "Polygon", "coordinates": [ [ [ 114.1421246, 22.2814695 ], [ 114.1424148, 22.281659 ], [ 114.1424617, 22.281594 ], [ 114.1423988, 22.2815543 ], [ 114.1424328, 22.2815099 ], [ 114.1423537, 22.2814593 ], [ 114.1423168, 22.2815106 ], [ 114.1422554, 22.2814723 ], [ 114.1423382, 22.2813594 ], [ 114.1424158, 22.2814134 ], [ 114.142472, 22.2813361 ], [ 114.142299, 22.2812185 ], [ 114.1422495, 22.2812937 ], [ 114.142285, 22.2813177 ], [ 114.1422052, 22.2814251 ], [ 114.1421741, 22.2814032 ], [ 114.1421246, 22.2814695 ] ] ] } },
{ "type": "Feature", "properties": { "id": "817846168", "name": "Block 2", "shop": "nan", "highway": "nan", "railway": "nan", "leisure": "nan", "landuse": "nan", "building": "yes" }, "geometry": { "type": "Polygon", "coordinates": [ [ [ 114.1402404, 22.2807625 ], [ 114.1402913, 22.2807581 ], [ 114.140294, 22.2807904 ], [ 114.1403235, 22.2807904 ], [ 114.1403235, 22.2806849 ], [ 114.1404281, 22.2806787 ], [ 114.1404361, 22.2807656 ], [ 114.140522, 22.2807519 ], [ 114.1405327, 22.2808723 ], [ 114.1402535, 22.2809101 ], [ 114.1402404, 22.2807625 ] ] ] } },
{ "type": "Feature", "properties": { "id": "817847626", "name": "nan", "shop": "nan", "highway": "nan", "railway": "nan", "leisure": "nan", "landuse": "nan", "building": "yes" }, "geometry": { "type": "Polygon", "coordinates": [ [ [ 114.1387085, 22.2800352 ], [ 114.1388807, 22.2802024 ], [ 114.13895, 22.2801524 ], [ 114.1389044, 22.2801149 ], [ 114.1389635, 22.280043 ], [ 114.1390209, 22.280068 ], [ 114.1390597, 22.2799946 ], [ 114.1388334, 22.279893 ], [ 114.1387997, 22.2799539 ], [ 114.1388605, 22.2799868 ], [ 114.1388115, 22.2800368 ], [ 114.1387642, 22.2799774 ], [ 114.1387085, 22.2800352 ] ] ] } },
{ "type": "Feature", "properties": { "id": "817847628", "name": "Block B", "shop": "nan", "highway": "nan", "railway": "nan", "leisure": "nan", "landuse": "nan", "building": "apartments" }, "geometry": { "type": "Polygon", "coordinates": [ [ [ 114.1396769, 22.2806246 ], [ 114.1395646, 22.2805408 ], [ 114.1395848, 22.2804097 ], [ 114.1394886, 22.2803927 ], [ 114.1394751, 22.280524 ], [ 114.1393429, 22.2805852 ], [ 114.1393893, 22.2806625 ], [ 114.1395072, 22.2806115 ], [ 114.139622, 22.2806958 ], [ 114.1396769, 22.2806246 ] ] ] } },
{ "type": "Feature", "properties": { "id": "817847629", "name": "Block A", "shop": "nan", "highway": "nan", "railway": "nan", "leisure": "nan", "landuse": "nan", "building": "apartments" }, "geometry": { "type": "Polygon", "coordinates": [ [ [ 114.1396769, 22.2806246 ], [ 114.139622, 22.2806958 ], [ 114.1397369, 22.2807802 ], [ 114.1397098, 22.280924 ], [ 114.1398032, 22.2809339 ], [ 114.1398264, 22.2807958 ], [ 114.1399665, 22.2807271 ], [ 114.139931, 22.2806474 ], [ 114.1397892, 22.2807083 ], [ 114.1396769, 22.2806246 ] ] ] } },
{ "type": "Feature", "properties": { "id": "817847630", "name": "Block C", "shop": "nan", "highway": "nan", "railway": "nan", "leisure": "nan", "landuse": "nan", "building": "yes" }, "geometry": { "type": "Polygon", "coordinates": [ [ [ 114.1394844, 22.2801291 ], [ 114.1394216, 22.2801967 ], [ 114.1394881, 22.2802461 ], [ 114.1395112, 22.2803086 ], [ 114.1394886, 22.2803927 ], [ 114.1395848, 22.2804097 ], [ 114.1396072, 22.2803048 ], [ 114.139572, 22.2801944 ], [ 114.1394844, 22.2801291 ] ] ] } },
{ "type": "Feature", "properties": { "id": "817849070", "name": "nan", "shop": "nan", "highway": "nan", "railway": "nan", "leisure": "nan", "landuse": "nan", "building": "apartments" }, "geometry": { "type": "Polygon", "coordinates": [ [ [ 114.1387732, 22.2806545 ], [ 114.139164, 22.2808508 ], [ 114.1392294, 22.2807416 ], [ 114.1390556, 22.2806604 ], [ 114.1391098, 22.2805674 ], [ 114.1390141, 22.2805143 ], [ 114.138955, 22.2806161 ], [ 114.1388258, 22.2805497 ], [ 114.1387732, 22.2806545 ] ] ] } },
{ "type": "Feature", "properties": { "id": "817849076", "name": "nan", "shop": "nan", "highway": "nan", "railway": "nan", "leisure": "nan", "landuse": "nan", "building": "yes" }, "geometry": { "type": "Polygon", "coordinates": [ [ [ 114.1383106, 22.2801026 ], [ 114.1383756, 22.2801356 ], [ 114.1384322, 22.28004 ], [ 114.1383672, 22.2800071 ], [ 114.1383106, 22.2801026 ] ] ] } },
{ "type": "Feature", "properties": { "id": "817850097", "name": "nan", "shop": "nan", "highway": "nan", "railway": "nan", "leisure": "nan", "landuse": "nan", "building": "yes" }, "geometry": { "type": "Polygon", "coordinates": [ [ [ 114.1425437, 22.280836 ], [ 114.1426331, 22.2808107 ], [ 114.14262, 22.2807713 ], [ 114.1427015, 22.2807482 ], [ 114.1426828, 22.2806917 ], [ 114.1426016, 22.2807147 ], [ 114.1425875, 22.2806722 ], [ 114.1424979, 22.2806976 ], [ 114.1425437, 22.280836 ] ] ] } },
{ "type": "Feature", "properties": { "id": "817866777", "name": "nan", "shop": "nan", "highway": "nan", "railway": "nan", "leisure": "nan", "landuse": "nan", "building": "yes" }, "geometry": { "type": "Polygon", "coordinates": [ [ [ 114.1445509, 22.2819487 ], [ 114.1446174, 22.2819777 ], [ 114.1445956, 22.2820279 ], [ 114.1446554, 22.282053 ], [ 114.1446207, 22.28212 ], [ 114.1444391, 22.2820416 ], [ 114.1444725, 22.2819746 ], [ 114.1445269, 22.2819981 ], [ 114.1445509, 22.2819487 ] ] ] } },
{ "type": "Feature", "properties": { "id": "817866779", "name": "健園 King's Garden", "shop": "nan", "highway": "nan", "railway": "nan", "leisure": "nan", "landuse": "nan", "building": "yes" }, "geometry": { "type": "Polygon", "coordinates": [ [ [ 114.1438412, 22.2819183 ], [ 114.1439899, 22.2819476 ], [ 114.1440045, 22.2818913 ], [ 114.1440203, 22.2818935 ], [ 114.1440337, 22.2818417 ], [ 114.1439777, 22.2818315 ], [ 114.1439911, 22.2817763 ], [ 114.1440264, 22.2817842 ], [ 114.1440532, 22.2816816 ], [ 114.1440084, 22.2816725 ], [ 114.1440056, 22.2816861 ], [ 114.1439418, 22.2816727 ], [ 114.1439435, 22.2816594 ], [ 114.1439082, 22.2816523 ], [ 114.1438826, 22.2817526 ], [ 114.1439228, 22.2817605 ], [ 114.1439082, 22.2818124 ], [ 114.1438595, 22.2818022 ], [ 114.1438437, 22.2818653 ], [ 114.1438546, 22.2818687 ], [ 114.1438412, 22.2819183 ] ] ] } },
{ "type": "Feature", "properties": { "id": "817866780", "name": "宜安閣 Peace Court", "shop": "nan", "highway": "nan", "railway": "nan", "leisure": "nan", "landuse": "nan", "building": "yes" }, "geometry": { "type": "Polygon", "coordinates": [ [ [ 114.1441045, 22.281829 ], [ 114.1442312, 22.281856 ], [ 114.1442507, 22.2817895 ], [ 114.1442056, 22.281785 ], [ 114.1442141, 22.2817433 ], [ 114.1441691, 22.2817377 ], [ 114.1441776, 22.2817016 ], [ 114.1441264, 22.2816914 ], [ 114.1441033, 22.2817861 ], [ 114.1441154, 22.2817884 ], [ 114.1441045, 22.281829 ] ] ] } },
{ "type": "Feature", "properties": { "id": "817866781", "name": "nan", "shop": "nan", "highway": "nan", "railway": "nan", "leisure": "nan", "landuse": "nan", "building": "yes" }, "geometry": { "type": "Polygon", "coordinates": [ [ [ 114.1440643, 22.2819665 ], [ 114.1441313, 22.2819789 ], [ 114.1441301, 22.2819992 ], [ 114.1441861, 22.2820083 ], [ 114.144212, 22.2819116 ], [ 114.14418, 22.2819057 ], [ 114.1441908, 22.2818658 ], [ 114.1441337, 22.2818549 ], [ 114.1441276, 22.2818786 ], [ 114.1440862, 22.2818707 ], [ 114.1440643, 22.2819665 ] ] ] } },
{ "type": "Feature", "properties": { "id": "817866783", "name": "華星閣 Wah Sen Court", "shop": "nan", "highway": "nan", "railway": "nan", "leisure": "nan", "landuse": "nan", "building": "yes" }, "geometry": { "type": "Polygon", "coordinates": [ [ [ 114.1436573, 22.2818538 ], [ 114.1437438, 22.2818459 ], [ 114.143728, 22.2816734 ], [ 114.1437658, 22.2816689 ], [ 114.1437609, 22.2815956 ], [ 114.1436342, 22.2816012 ], [ 114.1436573, 22.2818538 ] ] ] } },
{ "type": "Feature", "properties": { "id": "817866784", "name": "僑星閣 Kiu Sen Court", "shop": "nan", "highway": "nan", "railway": "nan", "leisure": "nan", "landuse": "nan", "building": "yes" }, "geometry": { "type": "Polygon", "coordinates": [ [ [ 114.1434216, 22.2818773 ], [ 114.143528, 22.2818668 ], [ 114.1435238, 22.2818301 ], [ 114.1435081, 22.2818317 ], [ 114.1434999, 22.2817604 ], [ 114.1435261, 22.2817579 ], [ 114.1435203, 22.2817079 ], [ 114.1435341, 22.2817066 ], [ 114.1435257, 22.2816341 ], [ 114.143461, 22.2816405 ], [ 114.143468, 22.2817014 ], [ 114.1434427, 22.281704 ], [ 114.1434356, 22.281643 ], [ 114.1433717, 22.2816493 ], [ 114.1433801, 22.2817218 ], [ 114.1433938, 22.2817204 ], [ 114.1433995, 22.2817704 ], [ 114.1434245, 22.2817679 ], [ 114.1434327, 22.2818392 ], [ 114.1434174, 22.2818407 ], [ 114.1434216, 22.2818773 ] ] ] } },
{ "type": "Feature", "properties": { "id": "818043314", "name": "顏如樓 Ngan Yu Building", "shop": "nan", "highway": "nan", "railway": "nan", "leisure": "nan", "landuse": "nan", "building": "apartments" }, "geometry": { "type": "Polygon", "coordinates": [ [ [ 114.1440854, 22.2869353 ], [ 114.1441723, 22.2869325 ], [ 114.144173, 22.2869506 ], [ 114.1442109, 22.2869494 ], [ 114.1442141, 22.287035 ], [ 114.1440892, 22.2870389 ], [ 114.1440854, 22.2869353 ] ] ] } },
{ "type": "Feature", "properties": { "id": "818043315", "name": "nan", "shop": "nan", "highway": "nan", "railway": "nan", "leisure": "nan", "landuse": "nan", "building": "apartments" }, "geometry": { "type": "Polygon", "coordinates": [ [ [ 114.1444156, 22.2876185 ], [ 114.1444641, 22.287617 ], [ 114.1444635, 22.2876021 ], [ 114.144505, 22.2876008 ], [ 114.144503, 22.2875475 ], [ 114.1444615, 22.2875488 ], [ 114.144461, 22.2875338 ], [ 114.1444125, 22.2875354 ], [ 114.1444156, 22.2876185 ] ] ] } },
{ "type": "Feature", "properties": { "id": "818043316", "name": "nan", "shop": "nan", "highway": "nan", "railway": "nan", "leisure": "nan", "landuse": "nan", "building": "apartments" }, "geometry": { "type": "Polygon", "coordinates": [ [ [ 114.1444695, 22.2877455 ], [ 114.1444203, 22.2877462 ], [ 114.1444162, 22.2876362 ], [ 114.1444651, 22.2876355 ], [ 114.1444695, 22.2877455 ] ] ] } },
{ "type": "Feature", "properties": { "id": "818043317", "name": "nan", "shop": "nan", "highway": "nan", "railway": "nan", "leisure": "nan", "landuse": "residential", "building": "apartments" }, "geometry": { "type": "Polygon", "coordinates": [ [ [ 114.1448787, 22.2877389 ], [ 114.1449271, 22.287737 ], [ 114.1449126, 22.2875564 ], [ 114.1449116, 22.287544 ], [ 114.1448638, 22.2875474 ], [ 114.1448787, 22.2877389 ] ] ] } },
{ "type": "Feature", "properties": { "id": "819440206", "name": "nan", "shop": "nan", "highway": "nan", "railway": "nan", "leisure": "nan", "landuse": "nan", "building": "apartments" }, "geometry": { "type": "Polygon", "coordinates": [ [ [ 114.1410527, 22.2868881 ], [ 114.1410503, 22.286787 ], [ 114.1410492, 22.2867413 ], [ 114.1412655, 22.2867369 ], [ 114.1412661, 22.2867602 ], [ 114.141268, 22.2868421 ], [ 114.1412455, 22.2868426 ], [ 114.1412465, 22.2868842 ], [ 114.1412361, 22.2868844 ], [ 114.1411703, 22.2868857 ], [ 114.1410527, 22.2868881 ] ] ] } },
{ "type": "Feature", "properties": { "id": "819440207", "name": "nan", "shop": "nan", "highway": "nan", "railway": "nan", "leisure": "nan", "landuse": "nan", "building": "apartments" }, "geometry": { "type": "Polygon", "coordinates": [ [ [ 114.1410527, 22.2868881 ], [ 114.1411703, 22.2868857 ], [ 114.1412361, 22.2868844 ], [ 114.1412351, 22.2868428 ], [ 114.1412455, 22.2868426 ], [ 114.141268, 22.2868421 ], [ 114.1412661, 22.2867602 ], [ 114.1412561, 22.2867525 ], [ 114.1412431, 22.2867528 ], [ 114.1412335, 22.2867609 ], [ 114.1412338, 22.2867711 ], [ 114.1411955, 22.2867719 ], [ 114.1411958, 22.2867841 ], [ 114.1411922, 22.2867841 ], [ 114.141182, 22.2867766 ], [ 114.1411752, 22.2867845 ], [ 114.1411672, 22.2867846 ], [ 114.1411568, 22.2867769 ], [ 114.1411498, 22.286785 ], [ 114.141123, 22.2867855 ], [ 114.1411156, 22.2867777 ], [ 114.1411056, 22.2867859 ], [ 114.1410976, 22.2867861 ], [ 114.1410904, 22.2867785 ], [ 114.1410807, 22.2867864 ], [ 114.1410503, 22.286787 ], [ 114.1410527, 22.2868881 ] ] ] } },
{ "type": "Feature", "properties": { "id": "819440209", "name": "nan", "shop": "nan", "highway": "nan", "railway": "nan", "leisure": "nan", "landuse": "nan", "building": "apartments" }, "geometry": { "type": "Polygon", "coordinates": [ [ [ 114.1412926, 22.2852332 ], [ 114.1412537, 22.2852345 ], [ 114.1412588, 22.2853718 ], [ 114.1412978, 22.2853706 ], [ 114.1412972, 22.2853544 ], [ 114.1412926, 22.2852332 ] ] ] } },
{ "type": "Feature", "properties": { "id": "819440216", "name": "裕豐花園 Richsun Garden", "shop": "nan", "highway": "nan", "railway": "nan", "leisure": "nan", "landuse": "nan", "building": "yes" }, "geometry": { "type": "Polygon", "coordinates": [ [ [ 114.1425837, 22.2853423 ], [ 114.1424046, 22.2853484 ], [ 114.1423509, 22.2853502 ], [ 114.1422701, 22.2853529 ], [ 114.1422733, 22.2854337 ], [ 114.1423832, 22.28543 ], [ 114.1425251, 22.2854252 ], [ 114.1425869, 22.2854231 ], [ 114.1425837, 22.2853423 ] ] ] } },
{ "type": "Feature", "properties": { "id": "819440217", "name": "康福閣 Comfort Court", "shop": "nan", "highway": "nan", "railway": "nan", "leisure": "nan", "landuse": "nan", "building": "yes" }, "geometry": { "type": "Polygon", "coordinates": [ [ [ 114.1422751, 22.2854786 ], [ 114.1423674, 22.2854755 ], [ 114.1423702, 22.2855455 ], [ 114.1423719, 22.2855897 ], [ 114.1423724, 22.2856015 ], [ 114.14228, 22.2856046 ], [ 114.142278, 22.2855526 ], [ 114.1422759, 22.2854988 ], [ 114.1422751, 22.2854786 ] ] ] } },
{ "type": "Feature", "properties": { "id": "819440218", "name": "三喜樓 San Hey Lou", "shop": "nan", "highway": "nan", "railway": "nan", "leisure": "nan", "landuse": "nan", "building": "yes" }, "geometry": { "type": "Polygon", "coordinates": [ [ [ 114.1429005, 22.2854931 ], [ 114.1428676, 22.2854942 ], [ 114.142799, 22.2854965 ], [ 114.1427623, 22.2854977 ], [ 114.1427632, 22.2855224 ], [ 114.1427649, 22.2855636 ], [ 114.1427658, 22.2855883 ], [ 114.1428026, 22.285587 ], [ 114.1428711, 22.2855847 ], [ 114.1429041, 22.2855836 ], [ 114.1429031, 22.2855589 ], [ 114.1429015, 22.2855178 ], [ 114.1429005, 22.2854931 ] ] ] } },
{ "type": "Feature", "properties": { "id": "819440223", "name": "nan", "shop": "nan", "highway": "nan", "railway": "nan", "leisure": "nan", "landuse": "nan", "building": "apartments" }, "geometry": { "type": "Polygon", "coordinates": [ [ [ 114.1432127, 22.2856677 ], [ 114.1430995, 22.2856716 ], [ 114.1431035, 22.2857733 ], [ 114.1432167, 22.2857695 ], [ 114.1432127, 22.2856677 ] ] ] } },
{ "type": "Feature", "properties": { "id": "819440224", "name": "榮華大廈 Wing Wah Building", "shop": "nan", "highway": "nan", "railway": "nan", "leisure": "nan", "landuse": "nan", "building": "retail" }, "geometry": { "type": "Polygon", "coordinates": [ [ [ 114.1429111, 22.2857486 ], [ 114.1429123, 22.2857798 ], [ 114.1430582, 22.2857748 ], [ 114.1430559, 22.2857168 ], [ 114.1430542, 22.2856731 ], [ 114.1429083, 22.285678 ], [ 114.14291, 22.2857218 ], [ 114.1429111, 22.2857486 ] ] ] } },
{ "type": "Feature", "properties": { "id": "819440226", "name": "nan", "shop": "nan", "highway": "nan", "railway": "nan", "leisure": "nan", "landuse": "nan", "building": "apartments" }, "geometry": { "type": "Polygon", "coordinates": [ [ [ 114.1427082, 22.2860952 ], [ 114.142704, 22.285988 ], [ 114.1426134, 22.2859911 ], [ 114.1426177, 22.2860983 ], [ 114.1427082, 22.2860952 ] ] ] } },
{ "type": "Feature", "properties": { "id": "819440228", "name": "nan", "shop": "nan", "highway": "nan", "railway": "nan", "leisure": "nan", "landuse": "nan", "building": "apartments" }, "geometry": { "type": "Polygon", "coordinates": [ [ [ 114.1437555, 22.2866283 ], [ 114.1437952, 22.286627 ], [ 114.1437939, 22.2865914 ], [ 114.1438237, 22.2865904 ], [ 114.1438221, 22.2865482 ], [ 114.1437924, 22.2865492 ], [ 114.143791, 22.2865135 ], [ 114.1437513, 22.2865147 ], [ 114.1437555, 22.2866283 ] ] ] } },
{ "type": "Feature", "properties": { "id": "819440230", "name": "nan", "shop": "nan", "highway": "nan", "railway": "nan", "leisure": "nan", "landuse": "nan", "building": "terrace" }, "geometry": { "type": "Polygon", "coordinates": [ [ [ 114.1438462, 22.2868034 ], [ 114.1438445, 22.2867555 ], [ 114.143816, 22.2867564 ], [ 114.1438143, 22.2867113 ], [ 114.1437586, 22.2867131 ], [ 114.143762, 22.286806 ], [ 114.1438462, 22.2868034 ] ] ] } },
{ "type": "Feature", "properties": { "id": "819440231", "name": "nan", "shop": "nan", "highway": "nan", "railway": "nan", "leisure": "nan", "landuse": "nan", "building": "apartments" }, "geometry": { "type": "Polygon", "coordinates": [ [ [ 114.1444172, 22.2868858 ], [ 114.1444324, 22.2868562 ], [ 114.1444339, 22.2868532 ], [ 114.144422, 22.2868479 ], [ 114.1444374, 22.2868177 ], [ 114.1443901, 22.286797 ], [ 114.1443747, 22.2868272 ], [ 114.1443627, 22.286822 ], [ 114.144346, 22.2868546 ], [ 114.1444172, 22.2868858 ] ] ] } },
{ "type": "Feature", "properties": { "id": "819440232", "name": "nan", "shop": "nan", "highway": "nan", "railway": "nan", "leisure": "nan", "landuse": "nan", "building": "transportation" }, "geometry": { "type": "Polygon", "coordinates": [ [ [ 114.1416889, 22.2865029 ], [ 114.1419002, 22.2864965 ], [ 114.1418906, 22.2862286 ], [ 114.1416794, 22.2862351 ], [ 114.1416889, 22.2865029 ] ] ] } },
{ "type": "Feature", "properties": { "id": "819440234", "name": "雅賢軒 Elite Court", "shop": "nan", "highway": "nan", "railway": "nan", "leisure": "nan", "landuse": "nan", "building": "residential" }, "geometry": { "type": "Polygon", "coordinates": [ [ [ 114.1423764, 22.2864791 ], [ 114.142448, 22.2864768 ], [ 114.142445, 22.2863981 ], [ 114.1424436, 22.286359 ], [ 114.1424399, 22.2862601 ], [ 114.1423304, 22.2862635 ], [ 114.1423369, 22.2864399 ], [ 114.1423384, 22.2864803 ], [ 114.1423764, 22.2864791 ] ] ] } },
{ "type": "Feature", "properties": { "id": "819440235", "name": "好時大廈 Good Times Building", "shop": "nan", "highway": "nan", "railway": "nan", "leisure": "nan", "landuse": "nan", "building": "retail" }, "geometry": { "type": "Polygon", "coordinates": [ [ [ 114.1435765, 22.2866439 ], [ 114.1433965, 22.2866496 ], [ 114.1433987, 22.2867081 ], [ 114.1434005, 22.2867569 ], [ 114.1434026, 22.2868135 ], [ 114.1435826, 22.2868077 ], [ 114.1435765, 22.2866439 ] ] ] } },
{ "type": "Feature", "properties": { "id": "819440236", "name": "nan", "shop": "nan", "highway": "nan", "railway": "nan", "leisure": "nan", "landuse": "nan", "building": "apartments" }, "geometry": { "type": "Polygon", "coordinates": [ [ [ 114.1431159, 22.2865398 ], [ 114.1430771, 22.286541 ], [ 114.1430805, 22.2866327 ], [ 114.1431193, 22.2866315 ], [ 114.1431159, 22.2865398 ] ] ] } },
{ "type": "Feature", "properties": { "id": "819440242", "name": "新昇大廈 New Start Building", "shop": "nan", "highway": "nan", "railway": "nan", "leisure": "nan", "landuse": "nan", "building": "retail" }, "geometry": { "type": "Polygon", "coordinates": [ [ [ 114.1414458, 22.2867331 ], [ 114.1412912, 22.2867362 ], [ 114.1412946, 22.2868829 ], [ 114.1414492, 22.2868798 ], [ 114.1414477, 22.2868147 ], [ 114.1414458, 22.2867331 ] ] ] } },
{ "type": "Feature", "properties": { "id": "819440243", "name": "啟正中心 Kaiser Centre", "shop": "nan", "highway": "nan", "railway": "nan", "leisure": "nan", "landuse": "nan", "building": "commercial" }, "geometry": { "type": "Polygon", "coordinates": [ [ [ 114.1420865, 22.2875077 ], [ 114.1420922, 22.2876626 ], [ 114.1421466, 22.2876609 ], [ 114.142227, 22.2876583 ], [ 114.142262, 22.2876572 ], [ 114.1422563, 22.2875024 ], [ 114.1422212, 22.2875035 ], [ 114.1421687, 22.2875051 ], [ 114.1421409, 22.287506 ], [ 114.1420865, 22.2875077 ] ] ] } },
{ "type": "Feature", "properties": { "id": "819440244", "name": "源輝閣 Yuen Fai Court", "shop": "nan", "highway": "nan", "railway": "nan", "leisure": "nan", "landuse": "nan", "building": "residential" }, "geometry": { "type": "Polygon", "coordinates": [ [ [ 114.1418876, 22.287514 ], [ 114.1418933, 22.2876689 ], [ 114.1420044, 22.2876654 ], [ 114.1420256, 22.2876647 ], [ 114.1420631, 22.2876635 ], [ 114.1420574, 22.2875087 ], [ 114.1420198, 22.2875099 ], [ 114.1419987, 22.2875105 ], [ 114.1418876, 22.287514 ] ] ] } },
{ "type": "Feature", "properties": { "id": "819440245", "name": "湀昌大廈 Kwai Cheong Building", "shop": "nan", "highway": "nan", "railway": "nan", "leisure": "nan", "landuse": "residential", "building": "residential" }, "geometry": { "type": "Polygon", "coordinates": [ [ [ 114.141894, 22.2876868 ], [ 114.1418991, 22.287826 ], [ 114.1419558, 22.2878242 ], [ 114.1420561, 22.287821 ], [ 114.1421128, 22.2878192 ], [ 114.1421076, 22.2876801 ], [ 114.1420458, 22.287682 ], [ 114.1419558, 22.2876849 ], [ 114.141894, 22.2876868 ] ] ] } },
{ "type": "Feature", "properties": { "id": "819440247", "name": "nan", "shop": "nan", "highway": "nan", "railway": "nan", "leisure": "nan", "landuse": "nan", "building": "apartments" }, "geometry": { "type": "Polygon", "coordinates": [ [ [ 114.1425395, 22.286984 ], [ 114.1425407, 22.2870183 ], [ 114.1425411, 22.2870287 ], [ 114.142554, 22.2870283 ], [ 114.1425557, 22.2870752 ], [ 114.1426204, 22.2870732 ], [ 114.1426187, 22.2870262 ], [ 114.1426315, 22.2870258 ], [ 114.1426298, 22.2869811 ], [ 114.1425395, 22.286984 ] ] ] } },
{ "type": "Feature", "properties": { "id": "819440248", "name": "nan", "shop": "nan", "highway": "nan", "railway": "nan", "leisure": "nan", "landuse": "nan", "building": "apartments" }, "geometry": { "type": "Polygon", "coordinates": [ [ [ 114.1426688, 22.2869799 ], [ 114.1426705, 22.2870245 ], [ 114.1427011, 22.2870235 ], [ 114.1427036, 22.2870897 ], [ 114.1427454, 22.2870884 ], [ 114.1427444, 22.2870612 ], [ 114.142774, 22.2870603 ], [ 114.142775, 22.2870875 ], [ 114.1428169, 22.2870862 ], [ 114.1428144, 22.2870199 ], [ 114.1428451, 22.287019 ], [ 114.1428435, 22.2869744 ], [ 114.1426688, 22.2869799 ] ] ] } },
{ "type": "Feature", "properties": { "id": "819440250", "name": "永利大廈 Wing Lee Building", "shop": "nan", "highway": "nan", "railway": "nan", "leisure": "nan", "landuse": "nan", "building": "apartments" }, "geometry": { "type": "Polygon", "coordinates": [ [ [ 114.1427753, 22.2874991 ], [ 114.14295, 22.2874936 ], [ 114.1429552, 22.2876347 ], [ 114.1427804, 22.2876402 ], [ 114.1427753, 22.2874991 ] ] ] } },
{ "type": "Feature", "properties": { "id": "819440253", "name": "nan", "shop": "nan", "highway": "nan", "railway": "nan", "leisure": "nan", "landuse": "nan", "building": "yes" }, "geometry": { "type": "Polygon", "coordinates": [ [ [ 114.1427811, 22.2876582 ], [ 114.1427863, 22.2877979 ], [ 114.1428736, 22.2877951 ], [ 114.1428725, 22.2877607 ], [ 114.1428692, 22.2876753 ], [ 114.1428684, 22.2876554 ], [ 114.1427811, 22.2876582 ] ] ] } },
{ "type": "Feature", "properties": { "id": "819440254", "name": "nan", "shop": "nan", "highway": "nan", "railway": "nan", "leisure": "nan", "landuse": "nan", "building": "apartments" }, "geometry": { "type": "Polygon", "coordinates": [ [ [ 114.1424597, 22.2877812 ], [ 114.1424566, 22.2876987 ], [ 114.1423851, 22.287701 ], [ 114.1423891, 22.2878105 ], [ 114.1424795, 22.2878076 ], [ 114.1424785, 22.2877806 ], [ 114.1424597, 22.2877812 ] ] ] } },
{ "type": "Feature", "properties": { "id": "819440255", "name": "康明大廈 Hong Ming Building", "shop": "nan", "highway": "nan", "railway": "nan", "leisure": "nan", "landuse": "nan", "building": "residential" }, "geometry": { "type": "Polygon", "coordinates": [ [ [ 114.1416714, 22.288049 ], [ 114.141674, 22.2881202 ], [ 114.1416767, 22.2881947 ], [ 114.1418494, 22.2881893 ], [ 114.1418478, 22.2881457 ], [ 114.1418441, 22.2880435 ], [ 114.1416714, 22.288049 ] ] ] } },
{ "type": "Feature", "properties": { "id": "819440256", "name": "德東樓 Tak Tung House", "shop": "nan", "highway": "nan", "railway": "nan", "leisure": "nan", "landuse": "nan", "building": "apartments" }, "geometry": { "type": "Polygon", "coordinates": [ [ [ 114.1435402, 22.2879898 ], [ 114.1435451, 22.2881231 ], [ 114.1437209, 22.2881175 ], [ 114.143716, 22.2879842 ], [ 114.1435402, 22.2879898 ] ] ] } },
{ "type": "Feature", "properties": { "id": "819440257", "name": "nan", "shop": "nan", "highway": "nan", "railway": "nan", "leisure": "nan", "landuse": "nan", "building": "apartments" }, "geometry": { "type": "Polygon", "coordinates": [ [ [ 114.1435795, 22.2882651 ], [ 114.1436577, 22.2882626 ], [ 114.1436584, 22.2882798 ], [ 114.1437269, 22.2882777 ], [ 114.1437236, 22.2881888 ], [ 114.1436551, 22.288191 ], [ 114.1436557, 22.2882082 ], [ 114.1435775, 22.2882107 ], [ 114.1435795, 22.2882651 ] ] ] } },
{ "type": "Feature", "properties": { "id": "819440258", "name": "成基商業中心 Singga Commercial Centre", "shop": "nan", "highway": "nan", "railway": "nan", "leisure": "nan", "landuse": "nan", "building": "commercial" }, "geometry": { "type": "Polygon", "coordinates": [ [ [ 114.1430592, 22.2881802 ], [ 114.1430636, 22.2882966 ], [ 114.1430677, 22.2884088 ], [ 114.1430691, 22.288445 ], [ 114.1425968, 22.28846 ], [ 114.1425892, 22.288253 ], [ 114.142587, 22.2881952 ], [ 114.1427403, 22.2881903 ], [ 114.1428931, 22.2881854 ], [ 114.1430592, 22.2881802 ] ] ] } },
{ "type": "Feature", "properties": { "id": "819440259", "name": "nan", "shop": "nan", "highway": "nan", "railway": "nan", "leisure": "nan", "landuse": "nan", "building": "apartments" }, "geometry": { "type": "Polygon", "coordinates": [ [ [ 114.1438433, 22.2881406 ], [ 114.1438466, 22.2882294 ], [ 114.1439136, 22.2882273 ], [ 114.143913, 22.2882117 ], [ 114.1439796, 22.2882096 ], [ 114.1439775, 22.288152 ], [ 114.1439109, 22.2881541 ], [ 114.1439104, 22.2881385 ], [ 114.1438433, 22.2881406 ] ] ] } },
{ "type": "Feature", "properties": { "id": "819440260", "name": "nan", "shop": "nan", "highway": "nan", "railway": "nan", "leisure": "nan", "landuse": "nan", "building": "apartments" }, "geometry": { "type": "Polygon", "coordinates": [ [ [ 114.1438372, 22.2879803 ], [ 114.1438418, 22.2881047 ], [ 114.1439104, 22.2881025 ], [ 114.1439085, 22.2880535 ], [ 114.1439297, 22.2880528 ], [ 114.1439269, 22.2879775 ], [ 114.1438372, 22.2879803 ] ] ] } },
{ "type": "Feature", "properties": { "id": "819440261", "name": "立本大廈 Lap Poon Building", "shop": "nan", "highway": "nan", "railway": "nan", "leisure": "nan", "landuse": "nan", "building": "commercial" }, "geometry": { "type": "Polygon", "coordinates": [ [ [ 114.1441164, 22.2882479 ], [ 114.1441225, 22.2884116 ], [ 114.1440329, 22.2884144 ], [ 114.1440268, 22.2882507 ], [ 114.1440236, 22.2881634 ], [ 114.1441132, 22.2881605 ], [ 114.1441164, 22.2882479 ] ] ] } },
{ "type": "Feature", "properties": { "id": "819440262", "name": "干諾道西118號 118 Connaught Road West", "shop": "nan", "highway": "nan", "railway": "nan", "leisure": "nan", "landuse": "nan", "building": "commercial" }, "geometry": { "type": "Polygon", "coordinates": [ [ [ 114.1443889, 22.2880631 ], [ 114.1443916, 22.2881359 ], [ 114.1447345, 22.288125 ], [ 114.144799, 22.288123 ], [ 114.1448067, 22.28833 ], [ 114.1447444, 22.2883918 ], [ 114.1443017, 22.2884059 ], [ 114.1442956, 22.2882422 ], [ 114.1442922, 22.2881503 ], [ 114.1441794, 22.2881539 ], [ 114.1441778, 22.2881118 ], [ 114.1441754, 22.2880479 ], [ 114.1441733, 22.2879921 ], [ 114.144386, 22.2879853 ], [ 114.1443875, 22.2880253 ], [ 114.1443889, 22.2880631 ] ] ] } },
{ "type": "Feature", "properties": { "id": "819441487", "name": "西都大廈 Western House", "shop": "nan", "highway": "nan", "railway": "nan", "leisure": "nan", "landuse": "nan", "building": "apartments" }, "geometry": { "type": "Polygon", "coordinates": [ [ [ 114.1440671, 22.2877574 ], [ 114.1439053, 22.2877625 ], [ 114.1439008, 22.2876414 ], [ 114.1439571, 22.2876396 ], [ 114.1439557, 22.2875999 ], [ 114.1440612, 22.2875966 ], [ 114.1440671, 22.2877574 ] ] ] } },
{ "type": "Feature", "properties": { "id": "819441488", "name": "nan", "shop": "nan", "highway": "nan", "railway": "nan", "leisure": "nan", "landuse": "nan", "building": "apartments" }, "geometry": { "type": "Polygon", "coordinates": [ [ [ 114.1439557, 22.2875999 ], [ 114.1440612, 22.2875966 ], [ 114.1440597, 22.2875569 ], [ 114.1439542, 22.2875602 ], [ 114.1439557, 22.2875999 ] ] ] } },
{ "type": "Feature", "properties": { "id": "819441489", "name": "nan", "shop": "nan", "highway": "nan", "railway": "nan", "leisure": "nan", "landuse": "nan", "building": "apartments" }, "geometry": { "type": "Polygon", "coordinates": [ [ [ 114.1443322, 22.2876488 ], [ 114.1442602, 22.2876511 ], [ 114.1442639, 22.2877512 ], [ 114.1443358, 22.287749 ], [ 114.1443322, 22.2876488 ] ] ] } },
{ "type": "Feature", "properties": { "id": "819441490", "name": "星輝大廈 Sing Fai Building", "shop": "nan", "highway": "nan", "railway": "nan", "leisure": "nan", "landuse": "nan", "building": "residential" }, "geometry": { "type": "Polygon", "coordinates": [ [ [ 114.1445388, 22.2874493 ], [ 114.1445509, 22.2876265 ], [ 114.1445872, 22.2876243 ], [ 114.1446476, 22.2876208 ], [ 114.1448054, 22.2876116 ], [ 114.1447933, 22.2874345 ], [ 114.1446877, 22.2874406 ], [ 114.1446355, 22.2874437 ], [ 114.1445751, 22.2874472 ], [ 114.1445388, 22.2874493 ] ] ] } },
{ "type": "Feature", "properties": { "id": "819441491", "name": "nan", "shop": "nan", "highway": "nan", "railway": "nan", "leisure": "nan", "landuse": "nan", "building": "apartments" }, "geometry": { "type": "Polygon", "coordinates": [ [ [ 114.1447009, 22.2871641 ], [ 114.1447071, 22.2872552 ], [ 114.1447808, 22.2872509 ], [ 114.1447771, 22.2871976 ], [ 114.1447009, 22.2871641 ] ] ] } },
{ "type": "Feature", "properties": { "id": "819441492", "name": "nan", "shop": "nan", "highway": "nan", "railway": "nan", "leisure": "nan", "landuse": "nan", "building": "apartments" }, "geometry": { "type": "Polygon", "coordinates": [ [ [ 114.1449702, 22.2870995 ], [ 114.1450119, 22.2870673 ], [ 114.1450934, 22.2871575 ], [ 114.1450517, 22.2871898 ], [ 114.1449702, 22.2870995 ] ] ] } },
{ "type": "Feature", "properties": { "id": "819441493", "name": "西浦 Soho 189", "shop": "nan", "highway": "nan", "railway": "nan", "leisure": "nan", "landuse": "nan", "building": "residential" }, "geometry": { "type": "Polygon", "coordinates": [ [ [ 114.1448708, 22.2875003 ], [ 114.1448498, 22.2871926 ], [ 114.1449702, 22.2870995 ], [ 114.1450517, 22.2871898 ], [ 114.1450631, 22.2872024 ], [ 114.1450973, 22.2871759 ], [ 114.1452654, 22.2873619 ], [ 114.1451336, 22.2874639 ], [ 114.1451274, 22.2874567 ], [ 114.1448708, 22.2875003 ] ] ] } },
{ "type": "Feature", "properties": { "id": "819441494", "name": "nan", "shop": "nan", "highway": "nan", "railway": "nan", "leisure": "nan", "landuse": "nan", "building": "apartments" }, "geometry": { "type": "Polygon", "coordinates": [ [ [ 114.1451103, 22.2869878 ], [ 114.145147, 22.2870261 ], [ 114.1451535, 22.2870328 ], [ 114.1451413, 22.2870428 ], [ 114.1451697, 22.2870725 ], [ 114.1451133, 22.2871189 ], [ 114.1450416, 22.2870442 ], [ 114.1451103, 22.2869878 ] ] ] } },
{ "type": "Feature", "properties": { "id": "819441495", "name": "正德大廈 Ching Tak Building", "shop": "nan", "highway": "nan", "railway": "nan", "leisure": "nan", "landuse": "nan", "building": "apartments" }, "geometry": { "type": "Polygon", "coordinates": [ [ [ 114.1414206, 22.2876621 ], [ 114.1412673, 22.2876669 ], [ 114.1412741, 22.2878523 ], [ 114.1414274, 22.2878474 ], [ 114.1414206, 22.2876621 ] ] ] } },
{ "type": "Feature", "properties": { "id": "819441496", "name": "nan", "shop": "nan", "highway": "nan", "railway": "nan", "leisure": "nan", "landuse": "nan", "building": "apartments" }, "geometry": { "type": "Polygon", "coordinates": [ [ [ 114.1411679, 22.2878491 ], [ 114.1411626, 22.2877069 ], [ 114.1412104, 22.2877054 ], [ 114.1412157, 22.2878476 ], [ 114.1411679, 22.2878491 ] ] ] } },
{ "type": "Feature", "properties": { "id": "819441497", "name": "惠苑 Wai Yuen Mansion", "shop": "nan", "highway": "nan", "railway": "nan", "leisure": "nan", "landuse": "nan", "building": "apartments" }, "geometry": { "type": "Polygon", "coordinates": [ [ [ 114.1411223, 22.2870289 ], [ 114.1411248, 22.2870956 ], [ 114.141125, 22.2871006 ], [ 114.1411261, 22.2871318 ], [ 114.1411288, 22.2872036 ], [ 114.1412194, 22.2872007 ], [ 114.1412167, 22.287129 ], [ 114.1412155, 22.2870977 ], [ 114.1412129, 22.287026 ], [ 114.1411223, 22.2870289 ] ] ] } },
{ "type": "Feature", "properties": { "id": "819441498", "name": "nan", "shop": "nan", "highway": "nan", "railway": "nan", "leisure": "nan", "landuse": "nan", "building": "apartments" }, "geometry": { "type": "Polygon", "coordinates": [ [ [ 114.1418157, 22.2871463 ], [ 114.141673, 22.2871508 ], [ 114.1416746, 22.2871938 ], [ 114.1418173, 22.2871893 ], [ 114.1418157, 22.2871463 ] ] ] } },
{ "type": "Feature", "properties": { "id": "832192968", "name": "龍輝樓 Lung Fai Mansion", "shop": "nan", "highway": "nan", "railway": "nan", "leisure": "nan", "landuse": "nan", "building": "apartments" }, "geometry": { "type": "Polygon", "coordinates": [ [ [ 114.1315147, 22.2834783 ], [ 114.1315666, 22.283417 ], [ 114.1315419, 22.2833991 ], [ 114.1315217, 22.2833845 ], [ 114.1315077, 22.2833744 ], [ 114.1314841, 22.2833573 ], [ 114.1314258, 22.2833151 ], [ 114.131374, 22.2833764 ], [ 114.1315147, 22.2834783 ] ] ] } },
{ "type": "Feature", "properties": { "id": "832192981", "name": "nan", "shop": "nan", "highway": "nan", "railway": "nan", "leisure": "nan", "landuse": "nan", "building": "apartments" }, "geometry": { "type": "Polygon", "coordinates": [ [ [ 114.1317512, 22.2831599 ], [ 114.1316725, 22.283103 ], [ 114.1316835, 22.28309 ], [ 114.1316946, 22.2830769 ], [ 114.1317357, 22.2831066 ], [ 114.1317878, 22.2830448 ], [ 114.1317576, 22.283023 ], [ 114.1317724, 22.2830054 ], [ 114.1317477, 22.2829875 ], [ 114.131714, 22.2830275 ], [ 114.1316861, 22.2830073 ], [ 114.13166, 22.2830383 ], [ 114.1316739, 22.2830483 ], [ 114.1316556, 22.28307 ], [ 114.1316417, 22.28306 ], [ 114.1316061, 22.2831021 ], [ 114.131656, 22.2831382 ], [ 114.1316678, 22.2831242 ], [ 114.1317833, 22.2832077 ], [ 114.1318708, 22.2831041 ], [ 114.1318258, 22.2830716 ], [ 114.1317512, 22.2831599 ] ] ] } },
{ "type": "Feature", "properties": { "id": "832192982", "name": "nan", "shop": "nan", "highway": "nan", "railway": "nan", "leisure": "nan", "landuse": "nan", "building": "apartments" }, "geometry": { "type": "Polygon", "coordinates": [ [ [ 114.131374, 22.2833764 ], [ 114.1313064, 22.2834562 ], [ 114.131387, 22.2835146 ], [ 114.1314013, 22.2834978 ], [ 114.1314977, 22.2835677 ], [ 114.1315511, 22.2835046 ], [ 114.1315147, 22.2834783 ], [ 114.131374, 22.2833764 ] ] ] } },
{ "type": "Feature", "properties": { "id": "832192983", "name": "nan", "shop": "nan", "highway": "nan", "railway": "nan", "leisure": "nan", "landuse": "nan", "building": "apartments" }, "geometry": { "type": "Polygon", "coordinates": [ [ [ 114.1316238, 22.2833439 ], [ 114.1316838, 22.2832728 ], [ 114.131644, 22.283244 ], [ 114.1316277, 22.2832634 ], [ 114.1315795, 22.2832286 ], [ 114.1315959, 22.2832092 ], [ 114.1315461, 22.2831732 ], [ 114.1314861, 22.2832443 ], [ 114.1315155, 22.2832656 ], [ 114.1315358, 22.2832802 ], [ 114.1315521, 22.2832609 ], [ 114.1316002, 22.2832957 ], [ 114.1315839, 22.283315 ], [ 114.1316238, 22.2833439 ] ] ] } },
{ "type": "Feature", "properties": { "id": "832192984", "name": "nan", "shop": "nan", "highway": "nan", "railway": "nan", "leisure": "nan", "landuse": "nan", "building": "apartments" }, "geometry": { "type": "Polygon", "coordinates": [ [ [ 114.1317041, 22.283173 ], [ 114.1316878, 22.2831923 ], [ 114.1316396, 22.2831576 ], [ 114.131656, 22.2831382 ], [ 114.1316061, 22.2831021 ], [ 114.1315461, 22.2831732 ], [ 114.1315959, 22.2832092 ], [ 114.1316122, 22.2831899 ], [ 114.1316603, 22.2832247 ], [ 114.131644, 22.283244 ], [ 114.1316838, 22.2832728 ], [ 114.1317439, 22.2832017 ], [ 114.1317041, 22.283173 ] ] ] } },
{ "type": "Feature", "properties": { "id": "832192985", "name": "展鴻閣 Chin Hom Court", "shop": "nan", "highway": "nan", "railway": "nan", "leisure": "nan", "landuse": "nan", "building": "apartments" }, "geometry": { "type": "Polygon", "coordinates": [ [ [ 114.1315419, 22.2833991 ], [ 114.1315217, 22.2833845 ], [ 114.1315362, 22.2833673 ], [ 114.1315223, 22.2833571 ], [ 114.1315077, 22.2833744 ], [ 114.1314841, 22.2833573 ], [ 114.1315015, 22.2833367 ], [ 114.1314729, 22.283316 ], [ 114.1315155, 22.2832656 ], [ 114.1315358, 22.2832802 ], [ 114.1315553, 22.2832943 ], [ 114.1315342, 22.2833193 ], [ 114.1315595, 22.2833377 ], [ 114.1315807, 22.2833127 ], [ 114.1315839, 22.283315 ], [ 114.1316238, 22.2833439 ], [ 114.1316273, 22.2833464 ], [ 114.1316039, 22.2833741 ], [ 114.1315828, 22.2833589 ], [ 114.1315757, 22.2833674 ], [ 114.1315935, 22.2833803 ], [ 114.1315757, 22.2834014 ], [ 114.1315535, 22.2833854 ], [ 114.1315419, 22.2833991 ] ] ] } },
{ "type": "Feature", "properties": { "id": "832192986", "name": "桃李園 To Li Garden", "shop": "nan", "highway": "nan", "railway": "nan", "leisure": "nan", "landuse": "nan", "building": "apartments" }, "geometry": { "type": "Polygon", "coordinates": [ [ [ 114.1321097, 22.2827222 ], [ 114.1321419, 22.2826889 ], [ 114.1321, 22.2826543 ], [ 114.1320678, 22.2826877 ], [ 114.1320365, 22.2826618 ], [ 114.1320022, 22.2826974 ], [ 114.1320335, 22.2827233 ], [ 114.1320014, 22.2827566 ], [ 114.1320433, 22.2827912 ], [ 114.1320754, 22.2827578 ], [ 114.1321076, 22.2827844 ], [ 114.1320755, 22.2828178 ], [ 114.1321174, 22.2828523 ], [ 114.1321495, 22.2828189 ], [ 114.1321809, 22.2828448 ], [ 114.1322152, 22.2828092 ], [ 114.1321838, 22.2827833 ], [ 114.132216, 22.28275 ], [ 114.1321741, 22.2827154 ], [ 114.1321419, 22.2827488 ], [ 114.1321097, 22.2827222 ] ] ] } },
{ "type": "Feature", "properties": { "id": "832193018", "name": "魯班先師廟 Lo Pan Temple", "shop": "nan", "highway": "nan", "railway": "nan", "leisure": "nan", "landuse": "nan", "building": "temple" }, "geometry": { "type": "Polygon", "coordinates": [ [ [ 114.1318734, 22.2829972 ], [ 114.131942, 22.2830545 ], [ 114.1320097, 22.282985 ], [ 114.1319411, 22.2829277 ], [ 114.1318734, 22.2829972 ] ] ] } },
{ "type": "Feature", "properties": { "id": "832193019", "name": "廣悅堂公所 Kwong Yuet Tong Public Office", "shop": "nan", "highway": "nan", "railway": "nan", "leisure": "nan", "landuse": "nan", "building": "office" }, "geometry": { "type": "Polygon", "coordinates": [ [ [ 114.1319666, 22.2830506 ], [ 114.1320157, 22.2830901 ], [ 114.132074, 22.283028 ], [ 114.132025, 22.2829885 ], [ 114.1319666, 22.2830506 ] ] ] } },
{ "type": "Feature", "properties": { "id": "847868410", "name": "AVA128", "shop": "nan", "highway": "nan", "railway": "nan", "leisure": "nan", "landuse": "residential", "building": "apartments" }, "geometry": { "type": "Polygon", "coordinates": [ [ [ 114.1450638, 22.2877323 ], [ 114.1450489, 22.2875485 ], [ 114.1449126, 22.2875564 ], [ 114.1449271, 22.287737 ], [ 114.1450638, 22.2877323 ] ] ] } },
{ "type": "Feature", "properties": { "id": "847868411", "name": "nan", "shop": "nan", "highway": "nan", "railway": "nan", "leisure": "nan", "landuse": "residential", "building": "apartments" }, "geometry": { "type": "Polygon", "coordinates": [ [ [ 114.1451562, 22.2877291 ], [ 114.1451419, 22.2875604 ], [ 114.1451404, 22.2875433 ], [ 114.1450489, 22.2875485 ], [ 114.1450638, 22.2877323 ], [ 114.1451562, 22.2877291 ] ] ] } },
{ "type": "Feature", "properties": { "id": "847868412", "name": "nan", "shop": "nan", "highway": "nan", "railway": "nan", "leisure": "nan", "landuse": "residential", "building": "apartments" }, "geometry": { "type": "Polygon", "coordinates": [ [ [ 114.145244, 22.2877219 ], [ 114.1452337, 22.2876122 ], [ 114.145257, 22.2876094 ], [ 114.145228, 22.2875731 ], [ 114.1452079, 22.2875754 ], [ 114.1451859, 22.2875578 ], [ 114.1451419, 22.2875604 ], [ 114.1451562, 22.2877291 ], [ 114.145244, 22.2877219 ] ] ] } },
{ "type": "Feature", "properties": { "id": "847868414", "name": "nan", "shop": "nan", "highway": "nan", "railway": "nan", "leisure": "nan", "landuse": "nan", "building": "apartments" }, "geometry": { "type": "Polygon", "coordinates": [ [ [ 114.1452401, 22.2874557 ], [ 114.1451768, 22.2875092 ], [ 114.145228, 22.2875731 ], [ 114.145257, 22.2876094 ], [ 114.1452803, 22.2876386 ], [ 114.1453429, 22.2875694 ], [ 114.1452401, 22.2874557 ] ] ] } },
{ "type": "Feature", "properties": { "id": "854042000", "name": "翰林峰 Novum West", "shop": "nan", "highway": "nan", "railway": "nan", "leisure": "nan", "landuse": "nan", "building": "apartments" }, "geometry": { "type": "Polygon", "coordinates": [ [ [ 114.1362586, 22.2852642 ], [ 114.1366955, 22.2851759 ], [ 114.1367252, 22.2852976 ], [ 114.1366579, 22.285312 ], [ 114.1366648, 22.285342 ], [ 114.1367001, 22.2853347 ], [ 114.1367137, 22.285393 ], [ 114.1367532, 22.2855443 ], [ 114.1367492, 22.2855817 ], [ 114.1367027, 22.2856182 ], [ 114.136368, 22.2856864 ], [ 114.1362586, 22.2852642 ] ] ] } },
{ "type": "Feature", "properties": { "id": "867550251", "name": "堅尼地城配水庫 Kennedy Town Service Reservoir", "shop": "nan", "highway": "nan", "railway": "nan", "leisure": "nan", "landuse": "nan", "building": "service" }, "geometry": { "type": "Polygon", "coordinates": [ [ [ 114.1279225, 22.2794022 ], [ 114.127132, 22.2796274 ], [ 114.1268785, 22.2788654 ], [ 114.127669, 22.2786402 ], [ 114.1279225, 22.2794022 ] ] ] } },
{ "type": "Feature", "properties": { "id": "880122207", "name": "D座 Block D", "shop": "nan", "highway": "nan", "railway": "nan", "leisure": "nan", "landuse": "nan", "building": "apartments" }, "geometry": { "type": "Polygon", "coordinates": [ [ [ 114.1323032, 22.2777006 ], [ 114.1323595, 22.2775686 ], [ 114.132407, 22.2775859 ], [ 114.1323853, 22.2776369 ], [ 114.1324539, 22.277662 ], [ 114.1324366, 22.2777025 ], [ 114.1324453, 22.2777057 ], [ 114.1324281, 22.2777462 ], [ 114.1323032, 22.2777006 ] ] ] } },
{ "type": "Feature", "properties": { "id": "880122208", "name": "A座 Block A", "shop": "nan", "highway": "nan", "railway": "nan", "leisure": "nan", "landuse": "nan", "building": "apartments" }, "geometry": { "type": "Polygon", "coordinates": [ [ [ 114.131874, 22.2775375 ], [ 114.1318885, 22.2775038 ], [ 114.1318951, 22.2775062 ], [ 114.1319227, 22.2774418 ], [ 114.1320098, 22.2774737 ], [ 114.1320304, 22.2774256 ], [ 114.132078, 22.2774431 ], [ 114.1320153, 22.2775894 ], [ 114.131874, 22.2775375 ] ] ] } },
{ "type": "Feature", "properties": { "id": "880249177", "name": "C座 Block C", "shop": "nan", "highway": "nan", "railway": "nan", "leisure": "nan", "landuse": "nan", "building": "apartments" }, "geometry": { "type": "Polygon", "coordinates": [ [ [ 114.1321802, 22.2776557 ], [ 114.1321975, 22.2776152 ], [ 114.1322057, 22.2776182 ], [ 114.132223, 22.2775777 ], [ 114.1322888, 22.2776017 ], [ 114.1323105, 22.2775507 ], [ 114.1323595, 22.2775686 ], [ 114.1323032, 22.2777006 ], [ 114.1321802, 22.2776557 ] ] ] } },
{ "type": "Feature", "properties": { "id": "880249178", "name": "B座 Block B", "shop": "nan", "highway": "nan", "railway": "nan", "leisure": "nan", "landuse": "nan", "building": "apartments" }, "geometry": { "type": "Polygon", "coordinates": [ [ [ 114.1321614, 22.2776429 ], [ 114.1320153, 22.2775894 ], [ 114.132078, 22.2774431 ], [ 114.1321259, 22.2774607 ], [ 114.1321054, 22.2775088 ], [ 114.1321947, 22.2775415 ], [ 114.1321671, 22.277606 ], [ 114.1321759, 22.2776092 ], [ 114.1321614, 22.2776429 ] ] ] } },
{ "type": "Feature", "properties": { "id": "912601346", "name": "nan", "shop": "nan", "highway": "nan", "railway": "nan", "leisure": "nan", "landuse": "nan", "building": "yes" }, "geometry": { "type": "Polygon", "coordinates": [ [ [ 114.1382555, 22.2889021 ], [ 114.1382493, 22.288924 ], [ 114.1382776, 22.2889308 ], [ 114.1382837, 22.2889089 ], [ 114.1382555, 22.2889021 ] ] ] } },
{ "type": "Feature", "properties": { "id": "913050470", "name": "nan", "shop": "nan", "highway": "nan", "railway": "nan", "leisure": "nan", "landuse": "nan", "building": "commercial" }, "geometry": { "type": "Polygon", "coordinates": [ [ [ 114.145053, 22.2883006 ], [ 114.1449159, 22.2883069 ], [ 114.1449101, 22.2881995 ], [ 114.1450473, 22.2881932 ], [ 114.145053, 22.2883006 ] ] ] } },
{ "type": "Feature", "properties": { "id": "951843092", "name": "縉城峰 Island Crest", "shop": "nan", "highway": "nan", "railway": "nan", "leisure": "nan", "landuse": "nan", "building": "retail" }, "geometry": { "type": "Polygon", "coordinates": [ [ [ 114.1425846, 22.2864581 ], [ 114.1426159, 22.2864571 ], [ 114.1426522, 22.286456 ], [ 114.142681, 22.2864551 ], [ 114.1429647, 22.286446 ], [ 114.1429966, 22.286445 ], [ 114.1430827, 22.2864423 ], [ 114.1431125, 22.2864413 ], [ 114.1431738, 22.2864394 ], [ 114.143224, 22.2864378 ], [ 114.1436225, 22.2864251 ], [ 114.1436182, 22.2863093 ], [ 114.1433591, 22.2863175 ], [ 114.1432991, 22.2863195 ], [ 114.1432988, 22.2863098 ], [ 114.1432962, 22.2862409 ], [ 114.1429266, 22.2862527 ], [ 114.1428633, 22.2862547 ], [ 114.1424582, 22.2862676 ], [ 114.1424654, 22.2864619 ], [ 114.1425846, 22.2864581 ] ] ] } },
{ "type": "Feature", "properties": { "id": "957103739", "name": "蒲苑 Pokfield Garden", "shop": "nan", "highway": "nan", "railway": "nan", "leisure": "nan", "landuse": "residential", "building": "apartments" }, "geometry": { "type": "Polygon", "coordinates": [ [ [ 114.1294551, 22.2807803 ], [ 114.1295097, 22.2808106 ], [ 114.1295039, 22.2809824 ], [ 114.1297343, 22.2809858 ], [ 114.1297311, 22.2806974 ], [ 114.1295534, 22.2806792 ], [ 114.1294551, 22.2807803 ] ] ] } },
{ "type": "Feature", "properties": { "id": "963686382", "name": "nan", "shop": "nan", "highway": "nan", "railway": "nan", "leisure": "nan", "landuse": "nan", "building": "apartments" }, "geometry": { "type": "Polygon", "coordinates": [ [ [ 114.1391975, 22.2844672 ], [ 114.1393668, 22.2845515 ], [ 114.1394159, 22.2844672 ], [ 114.1392886, 22.2844037 ], [ 114.1392766, 22.2844242 ], [ 114.1392431, 22.2844075 ], [ 114.1392027, 22.2843874 ], [ 114.1391558, 22.2843892 ], [ 114.1391373, 22.2844209 ], [ 114.1391586, 22.2844315 ], [ 114.1392048, 22.2844546 ], [ 114.1391975, 22.2844672 ] ] ] } },
{ "type": "Feature", "properties": { "id": "963686383", "name": "nan", "shop": "nan", "highway": "nan", "railway": "nan", "leisure": "nan", "landuse": "nan", "building": "apartments" }, "geometry": { "type": "Polygon", "coordinates": [ [ [ 114.1419572, 22.2849503 ], [ 114.1421272, 22.2849452 ], [ 114.1421235, 22.2848363 ], [ 114.1420054, 22.2848398 ], [ 114.1420068, 22.2848795 ], [ 114.1419548, 22.2848811 ], [ 114.1419572, 22.2849503 ] ] ] } },
{ "type": "Feature", "properties": { "id": "963686385", "name": "nan", "shop": "nan", "highway": "nan", "railway": "nan", "leisure": "nan", "landuse": "nan", "building": "retail" }, "geometry": { "type": "Polygon", "coordinates": [ [ [ 114.1413795, 22.2848597 ], [ 114.1413825, 22.2849454 ], [ 114.141406, 22.2849447 ], [ 114.1414064, 22.2849578 ], [ 114.1414967, 22.2849551 ], [ 114.1414963, 22.284942 ], [ 114.1415149, 22.2849415 ], [ 114.1415119, 22.2848557 ], [ 114.1415106, 22.2848227 ], [ 114.1415106, 22.2848148 ], [ 114.1414304, 22.2848423 ], [ 114.1413795, 22.2848597 ] ] ] } },
{ "type": "Feature", "properties": { "id": "963686386", "name": "nan", "shop": "nan", "highway": "nan", "railway": "nan", "leisure": "nan", "landuse": "nan", "building": "yes" }, "geometry": { "type": "Polygon", "coordinates": [ [ [ 114.141242, 22.2849536 ], [ 114.1412421, 22.284963 ], [ 114.1413078, 22.2849608 ], [ 114.1413583, 22.2849587 ], [ 114.1413624, 22.2849586 ], [ 114.1413611, 22.284907 ], [ 114.14136, 22.2848815 ], [ 114.141359, 22.2848659 ], [ 114.1413428, 22.2848698 ], [ 114.1413248, 22.2848732 ], [ 114.1413058, 22.2848753 ], [ 114.141285, 22.284876 ], [ 114.1412634, 22.2848744 ], [ 114.1412385, 22.2848705 ], [ 114.1412398, 22.2849105 ], [ 114.141242, 22.2849536 ] ] ] } },
{ "type": "Feature", "properties": { "id": "963686389", "name": "nan", "shop": "nan", "highway": "nan", "railway": "nan", "leisure": "nan", "landuse": "nan", "building": "apartments" }, "geometry": { "type": "Polygon", "coordinates": [ [ [ 114.1415487, 22.2850987 ], [ 114.1415482, 22.2850829 ], [ 114.1415743, 22.2850821 ], [ 114.1415749, 22.2850989 ], [ 114.1417617, 22.2850934 ], [ 114.1417614, 22.2850841 ], [ 114.1418109, 22.2850826 ], [ 114.1418086, 22.2850164 ], [ 114.1417608, 22.2850178 ], [ 114.1417595, 22.2849786 ], [ 114.1415706, 22.2849842 ], [ 114.1415721, 22.2850268 ], [ 114.1414193, 22.2850313 ], [ 114.1414178, 22.284988 ], [ 114.1412291, 22.2849935 ], [ 114.1412305, 22.2850333 ], [ 114.1411826, 22.2850347 ], [ 114.1411848, 22.2851006 ], [ 114.1412344, 22.2850991 ], [ 114.1412347, 22.2851084 ], [ 114.1414214, 22.2851029 ], [ 114.1414208, 22.2850861 ], [ 114.1414469, 22.2850853 ], [ 114.1414474, 22.2851017 ], [ 114.1415487, 22.2850987 ] ] ] } },
{ "type": "Feature", "properties": { "id": "963686391", "name": "nan", "shop": "nan", "highway": "nan", "railway": "nan", "leisure": "nan", "landuse": "nan", "building": "apartments" }, "geometry": { "type": "Polygon", "coordinates": [ [ [ 114.1404742, 22.2851081 ], [ 114.140547, 22.2851066 ], [ 114.1405465, 22.2850872 ], [ 114.1406187, 22.2850858 ], [ 114.1406159, 22.2849685 ], [ 114.1406032, 22.2849687 ], [ 114.1406013, 22.2848913 ], [ 114.1405457, 22.2848924 ], [ 114.140547, 22.2849474 ], [ 114.1405265, 22.2849479 ], [ 114.1405276, 22.2849918 ], [ 114.1405009, 22.2849923 ], [ 114.1405028, 22.2850722 ], [ 114.1404734, 22.2850728 ], [ 114.1404742, 22.2851081 ] ] ] } },
{ "type": "Feature", "properties": { "id": "963686392", "name": "nan", "shop": "nan", "highway": "nan", "railway": "nan", "leisure": "nan", "landuse": "nan", "building": "apartments" }, "geometry": { "type": "Polygon", "coordinates": [ [ [ 114.1409023, 22.2846571 ], [ 114.1408679, 22.2846578 ], [ 114.1408685, 22.2846799 ], [ 114.1408953, 22.2846794 ], [ 114.1408969, 22.2847458 ], [ 114.1408822, 22.2847462 ], [ 114.1408825, 22.2847618 ], [ 114.1408504, 22.2847625 ], [ 114.1408508, 22.284777 ], [ 114.1409053, 22.2847759 ], [ 114.1409068, 22.2848396 ], [ 114.1408587, 22.2848406 ], [ 114.140859, 22.2848534 ], [ 114.1408086, 22.2848544 ], [ 114.1408083, 22.2848416 ], [ 114.1407609, 22.2848426 ], [ 114.1407594, 22.2847789 ], [ 114.1407709, 22.2847786 ], [ 114.1407694, 22.2847131 ], [ 114.1407592, 22.2847133 ], [ 114.1407581, 22.2846663 ], [ 114.1408131, 22.2846651 ], [ 114.1408128, 22.2846495 ], [ 114.1408266, 22.2846492 ], [ 114.140826, 22.284624 ], [ 114.1409015, 22.2846224 ], [ 114.1409023, 22.2846571 ] ] ] } },
{ "type": "Feature", "properties": { "id": "963686394", "name": "A座 Block A", "shop": "nan", "highway": "nan", "railway": "nan", "leisure": "nan", "landuse": "nan", "building": "apartments" }, "geometry": { "type": "Polygon", "coordinates": [ [ [ 114.1415031, 22.2845016 ], [ 114.1416071, 22.2844222 ], [ 114.1416702, 22.284493 ], [ 114.141562, 22.2845757 ], [ 114.1415793, 22.2846717 ], [ 114.1414826, 22.284687 ], [ 114.1414661, 22.2845963 ], [ 114.1413233, 22.2845468 ], [ 114.1413614, 22.2844525 ], [ 114.1415031, 22.2845016 ] ] ] } },
{ "type": "Feature", "properties": { "id": "963971253", "name": "崇恩閣 Zion Court", "shop": "nan", "highway": "nan", "railway": "nan", "leisure": "nan", "landuse": "nan", "building": "apartments" }, "geometry": { "type": "Polygon", "coordinates": [ [ [ 114.1411757, 22.2852425 ], [ 114.1411791, 22.2853277 ], [ 114.1411809, 22.2853743 ], [ 114.1412588, 22.2853718 ], [ 114.1412537, 22.2852345 ], [ 114.1411754, 22.2852378 ], [ 114.1411757, 22.2852425 ] ] ] } },
{ "type": "Feature", "properties": { "id": "963971254", "name": "nan", "shop": "nan", "highway": "nan", "railway": "nan", "leisure": "nan", "landuse": "nan", "building": "apartments" }, "geometry": { "type": "Polygon", "coordinates": [ [ [ 114.1418234, 22.2857746 ], [ 114.1418231, 22.2857649 ], [ 114.1418227, 22.2857569 ], [ 114.1417656, 22.2857587 ], [ 114.141764, 22.2857157 ], [ 114.1417476, 22.2857162 ], [ 114.1417117, 22.2857174 ], [ 114.1417133, 22.2857604 ], [ 114.1416426, 22.2857627 ], [ 114.1416442, 22.2858037 ], [ 114.1417408, 22.2858004 ], [ 114.1417498, 22.2858095 ], [ 114.1417713, 22.2858088 ], [ 114.1418345, 22.2858068 ], [ 114.1418332, 22.2857743 ], [ 114.1418234, 22.2857746 ] ] ] } },
{ "type": "Feature", "properties": { "id": "963971255", "name": "裕新大廈 Yue Sun Mansion", "shop": "nan", "highway": "nan", "railway": "nan", "leisure": "nan", "landuse": "nan", "building": "residential" }, "geometry": { "type": "Polygon", "coordinates": [ [ [ 114.1413852, 22.2861396 ], [ 114.1417157, 22.286129 ], [ 114.141711, 22.2860056 ], [ 114.1416047, 22.286009 ], [ 114.1415511, 22.2860107 ], [ 114.1415477, 22.2859208 ], [ 114.1415441, 22.2858232 ], [ 114.1415774, 22.2858222 ], [ 114.1415751, 22.285762 ], [ 114.1415736, 22.2857219 ], [ 114.1414962, 22.2857243 ], [ 114.1414239, 22.2857266 ], [ 114.1413698, 22.2857283 ], [ 114.1413805, 22.2860136 ], [ 114.1413821, 22.2860559 ], [ 114.1413852, 22.2861396 ] ] ] } },
{ "type": "Feature", "properties": { "id": "963971258", "name": "nan", "shop": "nan", "highway": "nan", "railway": "nan", "leisure": "nan", "landuse": "nan", "building": "apartments" }, "geometry": { "type": "Polygon", "coordinates": [ [ [ 114.141739, 22.2855128 ], [ 114.1417435, 22.2856319 ], [ 114.1421638, 22.2856184 ], [ 114.1421593, 22.2854993 ], [ 114.1420539, 22.2855027 ], [ 114.1418612, 22.2855088 ], [ 114.141739, 22.2855128 ] ] ] } },
{ "type": "Feature", "properties": { "id": "1000499708", "name": "nan", "shop": "nan", "highway": "nan", "railway": "nan", "leisure": "nan", "landuse": "nan", "building": "apartments" }, "geometry": { "type": "Polygon", "coordinates": [ [ [ 114.141876, 22.2859464 ], [ 114.1418768, 22.2859673 ], [ 114.1420443, 22.2859619 ], [ 114.1420405, 22.2858613 ], [ 114.1418731, 22.2858667 ], [ 114.141876, 22.2859464 ] ] ] } },
{ "type": "Feature", "properties": { "id": "1001574059", "name": "nan", "shop": "nan", "highway": "nan", "railway": "nan", "leisure": "nan", "landuse": "nan", "building": "yes" }, "geometry": { "type": "Polygon", "coordinates": [ [ [ 114.1428433, 22.2847929 ], [ 114.1429034, 22.2847896 ], [ 114.1429693, 22.284786 ], [ 114.143046, 22.2847818 ], [ 114.1431565, 22.2847758 ], [ 114.1431521, 22.2847081 ], [ 114.1431495, 22.2846665 ], [ 114.1431473, 22.2846328 ], [ 114.1431446, 22.2845902 ], [ 114.1430638, 22.2845947 ], [ 114.1428314, 22.2846074 ], [ 114.1428349, 22.2846619 ], [ 114.1428397, 22.2847374 ], [ 114.1428433, 22.2847929 ] ] ] } },
{ "type": "Feature", "properties": { "id": "1001574098", "name": "nan", "shop": "nan", "highway": "nan", "railway": "nan", "leisure": "nan", "landuse": "nan", "building": "roof" }, "geometry": { "type": "Polygon", "coordinates": [ [ [ 114.1432624, 22.2845414 ], [ 114.1432568, 22.2844524 ], [ 114.1433478, 22.2844474 ], [ 114.1434388, 22.2844425 ], [ 114.1434444, 22.2845315 ], [ 114.1434251, 22.2845325 ], [ 114.1433534, 22.2845364 ], [ 114.1432818, 22.2845404 ], [ 114.1432624, 22.2845414 ] ] ] } },
{ "type": "Feature", "properties": { "id": "1001574099", "name": "nan", "shop": "nan", "highway": "nan", "railway": "nan", "leisure": "nan", "landuse": "nan", "building": "roof" }, "geometry": { "type": "Polygon", "coordinates": [ [ [ 114.1432624, 22.2845414 ], [ 114.1432431, 22.2845425 ], [ 114.1432412, 22.2845138 ], [ 114.1433516, 22.2845078 ], [ 114.143462, 22.2845018 ], [ 114.1434638, 22.2845304 ], [ 114.1434444, 22.2845315 ], [ 114.1434251, 22.2845325 ], [ 114.1433534, 22.2845364 ], [ 114.1432818, 22.2845404 ], [ 114.1432624, 22.2845414 ] ] ] } },
{ "type": "Feature", "properties": { "id": "1015253012", "name": "nan", "shop": "nan", "highway": "nan", "railway": "nan", "leisure": "nan", "landuse": "nan", "building": "roof" }, "geometry": { "type": "Polygon", "coordinates": [ [ [ 114.1419902, 22.2864845 ], [ 114.1419905, 22.2864937 ], [ 114.1421623, 22.2864885 ], [ 114.1421718, 22.2864791 ], [ 114.1421906, 22.2864605 ], [ 114.1422071, 22.2864441 ], [ 114.1421903, 22.2864446 ], [ 114.1421732, 22.2864452 ], [ 114.1421565, 22.2864457 ], [ 114.1421568, 22.2864561 ], [ 114.1421057, 22.2864576 ], [ 114.1420102, 22.2864606 ], [ 114.1419894, 22.2864612 ], [ 114.1419902, 22.2864845 ] ] ] } },
{ "type": "Feature", "properties": { "id": "1015253027", "name": "nan", "shop": "nan", "highway": "nan", "railway": "nan", "leisure": "nan", "landuse": "nan", "building": "roof" }, "geometry": { "type": "Polygon", "coordinates": [ [ [ 114.1421736, 22.2864553 ], [ 114.1421905, 22.2864548 ], [ 114.1422075, 22.2864543 ], [ 114.1422071, 22.2864441 ], [ 114.1421903, 22.2864446 ], [ 114.1421732, 22.2864452 ], [ 114.1421736, 22.2864553 ] ] ] } },
{ "type": "Feature", "properties": { "id": "1015253031", "name": "nan", "shop": "nan", "highway": "nan", "railway": "nan", "leisure": "nan", "landuse": "nan", "building": "roof" }, "geometry": { "type": "Polygon", "coordinates": [ [ [ 114.142379, 22.2857202 ], [ 114.1423788, 22.2857051 ], [ 114.1424823, 22.2857039 ], [ 114.1424825, 22.285719 ], [ 114.142379, 22.2857202 ] ] ] } },
{ "type": "Feature", "properties": { "id": "1015253033", "name": "nan", "shop": "nan", "highway": "nan", "railway": "nan", "leisure": "nan", "landuse": "nan", "building": "roof" }, "geometry": { "type": "Polygon", "coordinates": [ [ [ 114.1423072, 22.2858267 ], [ 114.1423504, 22.2858258 ], [ 114.1423497, 22.2858108 ], [ 114.1423493, 22.285794 ], [ 114.1423479, 22.2857213 ], [ 114.1423395, 22.2857215 ], [ 114.1423055, 22.2857224 ], [ 114.1423067, 22.2857968 ], [ 114.142307, 22.2858174 ], [ 114.1423072, 22.2858267 ] ] ] } },
{ "type": "Feature", "properties": { "id": "1021168142", "name": "天和樓 Teen Wo Building", "shop": "nan", "highway": "nan", "railway": "nan", "leisure": "nan", "landuse": "nan", "building": "apartments" }, "geometry": { "type": "Polygon", "coordinates": [ [ [ 114.1451657, 22.2866098 ], [ 114.1451135, 22.2865554 ], [ 114.1451467, 22.2865281 ], [ 114.1451989, 22.2865825 ], [ 114.145217, 22.2865677 ], [ 114.1452712, 22.2866242 ], [ 114.1452365, 22.2866527 ], [ 114.1452471, 22.2866636 ], [ 114.1452124, 22.2866921 ], [ 114.1451477, 22.2866247 ], [ 114.1451657, 22.2866098 ] ] ] } },
{ "type": "Feature", "properties": { "id": "1021168143", "name": "nan", "shop": "nan", "highway": "nan", "railway": "nan", "leisure": "nan", "landuse": "nan", "building": "apartments" }, "geometry": { "type": "Polygon", "coordinates": [ [ [ 114.1448246, 22.2868419 ], [ 114.1448826, 22.2869023 ], [ 114.1448679, 22.2869144 ], [ 114.144911, 22.2869594 ], [ 114.1449456, 22.2869309 ], [ 114.1449803, 22.2869024 ], [ 114.1449372, 22.2868575 ], [ 114.1449225, 22.2868696 ], [ 114.1448645, 22.2868092 ], [ 114.1448246, 22.2868419 ] ] ] } },
{ "type": "Feature", "properties": { "id": "1021168144", "name": "nan", "shop": "nan", "highway": "nan", "railway": "nan", "leisure": "nan", "landuse": "nan", "building": "apartments" }, "geometry": { "type": "Polygon", "coordinates": [ [ [ 114.1440842, 22.2867959 ], [ 114.1442037, 22.2867922 ], [ 114.144217, 22.2867663 ], [ 114.1442253, 22.28675 ], [ 114.1442372, 22.2867267 ], [ 114.1442551, 22.2866918 ], [ 114.1440754, 22.2865551 ], [ 114.1440842, 22.2867959 ] ] ] } },
{ "type": "Feature", "properties": { "id": "1021168145", "name": "nan", "shop": "nan", "highway": "nan", "railway": "nan", "leisure": "nan", "landuse": "nan", "building": "apartments" }, "geometry": { "type": "Polygon", "coordinates": [ [ [ 114.1442749, 22.2868234 ], [ 114.1442881, 22.2867975 ], [ 114.1442761, 22.2867922 ], [ 114.1442845, 22.2867759 ], [ 114.1442965, 22.2867812 ], [ 114.1443084, 22.2867579 ], [ 114.1442372, 22.2867267 ], [ 114.1442253, 22.28675 ], [ 114.1442374, 22.2867552 ], [ 114.144229, 22.2867715 ], [ 114.144217, 22.2867663 ], [ 114.1442037, 22.2867922 ], [ 114.1442749, 22.2868234 ] ] ] } },
{ "type": "Feature", "properties": { "id": "1021168146", "name": "仲成大廈 Fulful Building", "shop": "nan", "highway": "nan", "railway": "nan", "leisure": "nan", "landuse": "nan", "building": "apartments" }, "geometry": { "type": "Polygon", "coordinates": [ [ [ 114.1443084, 22.2867579 ], [ 114.1442965, 22.2867812 ], [ 114.1442881, 22.2867975 ], [ 114.1442749, 22.2868234 ], [ 114.144346, 22.2868546 ], [ 114.1443627, 22.286822 ], [ 114.1443795, 22.2867891 ], [ 114.1443084, 22.2867579 ] ] ] } },
{ "type": "Feature", "properties": { "id": "1021168147", "name": "富國大厦 Rich Court", "shop": "nan", "highway": "nan", "railway": "nan", "leisure": "nan", "landuse": "nan", "building": "apartments" }, "geometry": { "type": "Polygon", "coordinates": [ [ [ 114.1442109, 22.2869494 ], [ 114.1442141, 22.287035 ], [ 114.1442155, 22.2870746 ], [ 114.1443339, 22.2870709 ], [ 114.1443313, 22.2870022 ], [ 114.1442109, 22.2869494 ] ] ] } },
{ "type": "Feature", "properties": { "id": "1022548606", "name": "nan", "shop": "nan", "highway": "nan", "railway": "nan", "leisure": "nan", "landuse": "nan", "building": "apartments" }, "geometry": { "type": "Polygon", "coordinates": [ [ [ 114.1452682, 22.2865256 ], [ 114.145216, 22.2864712 ], [ 114.1451828, 22.2864985 ], [ 114.145235, 22.2865529 ], [ 114.145217, 22.2865677 ], [ 114.1452712, 22.2866242 ], [ 114.1453405, 22.2865672 ], [ 114.1452863, 22.2865107 ], [ 114.1452682, 22.2865256 ] ] ] } },
{ "type": "Feature", "properties": { "id": "1053029025", "name": "Hydroponic Garden", "shop": "nan", "highway": "nan", "railway": "nan", "leisure": "nan", "landuse": "nan", "building": "farm_auxiliary" }, "geometry": { "type": "Polygon", "coordinates": [ [ [ 114.1295047, 22.2852132 ], [ 114.1294932, 22.2852299 ], [ 114.129488, 22.2852491 ], [ 114.1294898, 22.2852689 ], [ 114.1294983, 22.2852871 ], [ 114.1295126, 22.2853019 ], [ 114.1295313, 22.2853117 ], [ 114.1295532, 22.2853154 ], [ 114.1295753, 22.2853122 ], [ 114.129595, 22.2853024 ], [ 114.12961, 22.285287 ], [ 114.1296187, 22.285268 ], [ 114.12962, 22.2852473 ], [ 114.1296138, 22.2852274 ], [ 114.1296009, 22.2852106 ], [ 114.1295834, 22.285199 ], [ 114.1295629, 22.2851933 ], [ 114.1295415, 22.2851938 ], [ 114.1295214, 22.2852007 ], [ 114.1295047, 22.2852132 ] ] ] } },
{ "type": "Feature", "properties": { "id": "1053029026", "name": "nan", "shop": "nan", "highway": "nan", "railway": "nan", "leisure": "nan", "landuse": "nan", "building": "yes" }, "geometry": { "type": "Polygon", "coordinates": [ [ [ 114.1294394, 22.2850926 ], [ 114.1294293, 22.2850959 ], [ 114.1294209, 22.2851021 ], [ 114.1294153, 22.2851105 ], [ 114.129413, 22.2851202 ], [ 114.1294143, 22.28513 ], [ 114.129419, 22.2851389 ], [ 114.1294267, 22.2851458 ], [ 114.1294359, 22.2851498 ], [ 114.1294461, 22.2851509 ], [ 114.1294561, 22.285149 ], [ 114.1294649, 22.2851442 ], [ 114.1294716, 22.2851371 ], [ 114.1294756, 22.2851284 ], [ 114.1294763, 22.285119 ], [ 114.1294738, 22.2851098 ], [ 114.1294682, 22.2851019 ], [ 114.1294602, 22.285096 ], [ 114.1294502, 22.2850926 ], [ 114.1294394, 22.2850926 ] ] ] } },
{ "type": "Feature", "properties": { "id": "1053029027", "name": "nan", "shop": "nan", "highway": "nan", "railway": "nan", "leisure": "nan", "landuse": "nan", "building": "yes" }, "geometry": { "type": "Polygon", "coordinates": [ [ [ 114.1292596, 22.2850054 ], [ 114.1292495, 22.2850086 ], [ 114.1292411, 22.2850148 ], [ 114.1292354, 22.2850232 ], [ 114.1292331, 22.2850329 ], [ 114.1292344, 22.2850428 ], [ 114.1292392, 22.2850517 ], [ 114.1292469, 22.2850586 ], [ 114.1292561, 22.2850626 ], [ 114.1292662, 22.2850637 ], [ 114.1292762, 22.2850618 ], [ 114.1292851, 22.285057 ], [ 114.1292918, 22.2850499 ], [ 114.1292957, 22.2850412 ], [ 114.1292965, 22.2850317 ], [ 114.1292939, 22.2850226 ], [ 114.1292884, 22.2850146 ], [ 114.1292804, 22.2850087 ], [ 114.1292703, 22.2850054 ], [ 114.1292596, 22.2850054 ] ] ] } },
{ "type": "Feature", "properties": { "id": "1053029028", "name": "nan", "shop": "nan", "highway": "nan", "railway": "nan", "leisure": "nan", "landuse": "nan", "building": "yes" }, "geometry": { "type": "Polygon", "coordinates": [ [ [ 114.1290576, 22.284825 ], [ 114.1290475, 22.2848283 ], [ 114.1290391, 22.2848345 ], [ 114.1290335, 22.2848429 ], [ 114.1290312, 22.2848526 ], [ 114.1290325, 22.2848624 ], [ 114.1290372, 22.2848713 ], [ 114.1290449, 22.2848782 ], [ 114.1290541, 22.2848822 ], [ 114.1290643, 22.2848833 ], [ 114.1290743, 22.2848814 ], [ 114.1290831, 22.2848766 ], [ 114.1290898, 22.2848695 ], [ 114.1290938, 22.2848608 ], [ 114.1290945, 22.2848514 ], [ 114.129092, 22.2848422 ], [ 114.1290864, 22.2848343 ], [ 114.1290784, 22.2848284 ], [ 114.1290684, 22.284825 ], [ 114.1290576, 22.284825 ] ] ] } },
{ "type": "Feature", "properties": { "id": "1053029029", "name": "nan", "shop": "nan", "highway": "nan", "railway": "nan", "leisure": "nan", "landuse": "nan", "building": "farm_auxiliary" }, "geometry": { "type": "Polygon", "coordinates": [ [ [ 114.1287539, 22.2845511 ], [ 114.1287438, 22.2845543 ], [ 114.1287354, 22.2845605 ], [ 114.1287298, 22.2845689 ], [ 114.1287274, 22.2845786 ], [ 114.1287287, 22.2845885 ], [ 114.1287335, 22.2845973 ], [ 114.1287412, 22.2846043 ], [ 114.1287504, 22.2846083 ], [ 114.1287606, 22.2846094 ], [ 114.1287706, 22.2846075 ], [ 114.1287794, 22.2846027 ], [ 114.1287861, 22.2845956 ], [ 114.1287901, 22.2845869 ], [ 114.1287908, 22.2845774 ], [ 114.1287883, 22.2845683 ], [ 114.1287827, 22.2845603 ], [ 114.1287747, 22.2845544 ], [ 114.1287646, 22.2845511 ], [ 114.1287539, 22.2845511 ] ] ] } },
{ "type": "Feature", "properties": { "id": "1053029030", "name": "nan", "shop": "nan", "highway": "nan", "railway": "nan", "leisure": "nan", "landuse": "nan", "building": "farm_auxiliary" }, "geometry": { "type": "Polygon", "coordinates": [ [ [ 114.1287974, 22.2845093 ], [ 114.1287888, 22.2845102 ], [ 114.1287809, 22.2845137 ], [ 114.1287746, 22.2845194 ], [ 114.1287707, 22.2845267 ], [ 114.1287696, 22.2845347 ], [ 114.1287713, 22.2845426 ], [ 114.1287757, 22.2845496 ], [ 114.1287823, 22.2845549 ], [ 114.1287905, 22.2845579 ], [ 114.1287992, 22.2845583 ], [ 114.1288076, 22.284556 ], [ 114.1288148, 22.2845514 ], [ 114.1288199, 22.2845448 ], [ 114.1288225, 22.2845371 ], [ 114.1288222, 22.284529 ], [ 114.1288191, 22.2845215 ], [ 114.1288135, 22.2845152 ], [ 114.128806, 22.284511 ], [ 114.1287974, 22.2845093 ] ] ] } },
{ "type": "Feature", "properties": { "id": "1053029031", "name": "Green Cook", "shop": "nan", "highway": "nan", "railway": "nan", "leisure": "nan", "landuse": "nan", "building": "farm_auxiliary" }, "geometry": { "type": "Polygon", "coordinates": [ [ [ 114.1288334, 22.2845492 ], [ 114.1288232, 22.2845525 ], [ 114.1288149, 22.2845587 ], [ 114.1288092, 22.2845671 ], [ 114.1288069, 22.2845768 ], [ 114.1288082, 22.2845866 ], [ 114.1288129, 22.2845955 ], [ 114.1288206, 22.2846024 ], [ 114.1288299, 22.2846064 ], [ 114.12884, 22.2846075 ], [ 114.12885, 22.2846056 ], [ 114.1288588, 22.2846008 ], [ 114.1288655, 22.2845937 ], [ 114.1288695, 22.284585 ], [ 114.1288702, 22.2845756 ], [ 114.1288677, 22.2845664 ], [ 114.1288621, 22.2845585 ], [ 114.1288542, 22.2845526 ], [ 114.1288441, 22.2845492 ], [ 114.1288334, 22.2845492 ] ] ] } },
{ "type": "Feature", "properties": { "id": "1053029032", "name": "nan", "shop": "nan", "highway": "nan", "railway": "nan", "leisure": "nan", "landuse": "nan", "building": "yes" }, "geometry": { "type": "Polygon", "coordinates": [ [ [ 114.1288966, 22.2850378 ], [ 114.128956, 22.2849808 ], [ 114.1289294, 22.2849571 ], [ 114.12887, 22.2850142 ], [ 114.1288966, 22.2850378 ] ] ] } },
{ "type": "Feature", "properties": { "id": "1053029033", "name": "nan", "shop": "nan", "highway": "nan", "railway": "nan", "leisure": "nan", "landuse": "nan", "building": "yes" }, "geometry": { "type": "Polygon", "coordinates": [ [ [ 114.1288545, 22.2849997 ], [ 114.1289139, 22.2849426 ], [ 114.1288873, 22.2849189 ], [ 114.128828, 22.284976 ], [ 114.1288545, 22.2849997 ] ] ] } },
{ "type": "Feature", "properties": { "id": "1056201843", "name": "龍虎山環境教育中心 Lung Fu Shan Environmental Education Centre", "shop": "nan", "highway": "nan", "railway": "nan", "leisure": "nan", "landuse": "nan", "building": "yes" }, "geometry": { "type": "Polygon", "coordinates": [ [ [ 114.1380777, 22.2808797 ], [ 114.1382624, 22.2809794 ], [ 114.1382952, 22.2809971 ], [ 114.1383695, 22.2808514 ], [ 114.1381366, 22.2807142 ], [ 114.1381103, 22.2807882 ], [ 114.1380777, 22.2808797 ] ] ] } },
{ "type": "Feature", "properties": { "id": "1057821912", "name": "nan", "shop": "nan", "highway": "nan", "railway": "nan", "leisure": "nan", "landuse": "nan", "building": "apartments" }, "geometry": { "type": "Polygon", "coordinates": [ [ [ 114.1438847, 22.2874951 ], [ 114.1438486, 22.2874962 ], [ 114.1438481, 22.287484 ], [ 114.1438094, 22.2874852 ], [ 114.1438123, 22.2875646 ], [ 114.1438511, 22.2875634 ], [ 114.1438506, 22.2875512 ], [ 114.1438867, 22.28755 ], [ 114.1438847, 22.2874951 ] ] ] } },
{ "type": "Feature", "properties": { "id": "1057821913", "name": "nan", "shop": "nan", "highway": "nan", "railway": "nan", "leisure": "nan", "landuse": "nan", "building": "apartments" }, "geometry": { "type": "Polygon", "coordinates": [ [ [ 114.1438838, 22.2874706 ], [ 114.1438477, 22.2874717 ], [ 114.1438481, 22.287484 ], [ 114.1438094, 22.2874852 ], [ 114.1438064, 22.2874058 ], [ 114.1438452, 22.2874045 ], [ 114.1438457, 22.2874168 ], [ 114.1438818, 22.2874157 ], [ 114.1438838, 22.2874706 ] ] ] } },
{ "type": "Feature", "properties": { "id": "1057821914", "name": "nan", "shop": "nan", "highway": "nan", "railway": "nan", "leisure": "nan", "landuse": "nan", "building": "apartments" }, "geometry": { "type": "Polygon", "coordinates": [ [ [ 114.1437933, 22.2870483 ], [ 114.1438682, 22.2870459 ], [ 114.1438697, 22.2870856 ], [ 114.1437948, 22.287088 ], [ 114.1437933, 22.2870483 ] ] ] } },
{ "type": "Feature", "properties": { "id": "1057821915", "name": "nan", "shop": "nan", "highway": "nan", "railway": "nan", "leisure": "nan", "landuse": "nan", "building": "apartments" }, "geometry": { "type": "Polygon", "coordinates": [ [ [ 114.1438789, 22.2873362 ], [ 114.1438428, 22.2873374 ], [ 114.1438423, 22.2873251 ], [ 114.1438035, 22.2873263 ], [ 114.1438064, 22.2874058 ], [ 114.1438452, 22.2874045 ], [ 114.1438448, 22.2873923 ], [ 114.1438809, 22.2873911 ], [ 114.1438789, 22.2873362 ] ] ] } },
{ "type": "Feature", "properties": { "id": "1057821916", "name": "nan", "shop": "nan", "highway": "nan", "railway": "nan", "leisure": "nan", "landuse": "nan", "building": "apartments" }, "geometry": { "type": "Polygon", "coordinates": [ [ [ 114.1438006, 22.2872469 ], [ 114.1438035, 22.2873263 ], [ 114.1438423, 22.2873251 ], [ 114.1438784, 22.287324 ], [ 114.1438755, 22.2872445 ], [ 114.1438006, 22.2872469 ] ] ] } },
{ "type": "Feature", "properties": { "id": "1057821917", "name": "nan", "shop": "nan", "highway": "nan", "railway": "nan", "leisure": "nan", "landuse": "nan", "building": "apartments" }, "geometry": { "type": "Polygon", "coordinates": [ [ [ 114.1437977, 22.2871674 ], [ 114.1438006, 22.2872469 ], [ 114.1438755, 22.2872445 ], [ 114.1438726, 22.2871651 ], [ 114.1437977, 22.2871674 ] ] ] } },
{ "type": "Feature", "properties": { "id": "1057821918", "name": "nan", "shop": "nan", "highway": "nan", "railway": "nan", "leisure": "nan", "landuse": "nan", "building": "apartments" }, "geometry": { "type": "Polygon", "coordinates": [ [ [ 114.1437948, 22.287088 ], [ 114.1437962, 22.2871277 ], [ 114.1437977, 22.2871674 ], [ 114.1438726, 22.2871651 ], [ 114.1438711, 22.2871253 ], [ 114.1438697, 22.2870856 ], [ 114.1437948, 22.287088 ] ] ] } },
{ "type": "Feature", "properties": { "id": "1159831955", "name": "nan", "shop": "nan", "highway": "nan", "railway": "nan", "leisure": "nan", "landuse": "nan", "building": "apartments" }, "geometry": { "type": "Polygon", "coordinates": [ [ [ 114.1301339, 22.2828459 ], [ 114.1301401, 22.2828383 ], [ 114.1301735, 22.2828616 ], [ 114.130223, 22.2828007 ], [ 114.1301978, 22.2827831 ], [ 114.1302106, 22.2827674 ], [ 114.1302225, 22.2827756 ], [ 114.1302285, 22.2827682 ], [ 114.130248, 22.2827442 ], [ 114.130235, 22.2827352 ], [ 114.1302637, 22.2827 ], [ 114.1301184, 22.2825987 ], [ 114.1301107, 22.2826082 ], [ 114.1300721, 22.2825813 ], [ 114.1300508, 22.2826074 ], [ 114.1300574, 22.2826119 ], [ 114.1300149, 22.2826641 ], [ 114.130086, 22.2827136 ], [ 114.1300816, 22.2827471 ], [ 114.130077, 22.2827466 ], [ 114.1300585, 22.2828881 ], [ 114.1300981, 22.2828925 ], [ 114.1301004, 22.282875 ], [ 114.1301156, 22.2828767 ], [ 114.1301199, 22.2828443 ], [ 114.1301339, 22.2828459 ] ] ] } },
{ "type": "Feature", "properties": { "id": "1159831956", "name": "nan", "shop": "nan", "highway": "nan", "railway": "nan", "leisure": "nan", "landuse": "nan", "building": "yes" }, "geometry": { "type": "Polygon", "coordinates": [ [ [ 114.1300864, 22.2829496 ], [ 114.1301352, 22.2828895 ], [ 114.1301453, 22.2828965 ], [ 114.1301735, 22.2828616 ], [ 114.130223, 22.2828007 ], [ 114.1302315, 22.2827903 ], [ 114.1302285, 22.2827682 ], [ 114.130248, 22.2827442 ], [ 114.1302845, 22.2826993 ], [ 114.1300771, 22.2825552 ], [ 114.1300019, 22.282674 ], [ 114.1299994, 22.2826789 ], [ 114.1299985, 22.2826843 ], [ 114.1299994, 22.2826897 ], [ 114.1300018, 22.2826947 ], [ 114.1300057, 22.2826988 ], [ 114.1300412, 22.2827235 ], [ 114.1300533, 22.2827336 ], [ 114.1300613, 22.2827443 ], [ 114.1300652, 22.2827556 ], [ 114.1300649, 22.2827674 ], [ 114.1300604, 22.2827797 ], [ 114.1300518, 22.2827926 ], [ 114.1300091, 22.2828453 ], [ 114.1300023, 22.2828542 ], [ 114.1299987, 22.2828646 ], [ 114.1299985, 22.2828755 ], [ 114.1300019, 22.282886 ], [ 114.1300086, 22.282895 ], [ 114.1300178, 22.2829018 ], [ 114.1300864, 22.2829496 ] ] ] } },
{ "type": "Feature", "properties": { "id": "1166277499", "name": "nan", "shop": "nan", "highway": "nan", "railway": "nan", "leisure": "nan", "landuse": "nan", "building": "residential" }, "geometry": { "type": "Polygon", "coordinates": [ [ [ 114.1307166, 22.2768359 ], [ 114.1310955, 22.2768662 ], [ 114.1311073, 22.2767395 ], [ 114.1310436, 22.2767344 ], [ 114.1310509, 22.276656 ], [ 114.1309838, 22.2766506 ], [ 114.1309766, 22.2767283 ], [ 114.1308549, 22.2767186 ], [ 114.1308623, 22.2766393 ], [ 114.1307942, 22.2766338 ], [ 114.1307867, 22.2767142 ], [ 114.1307284, 22.2767096 ], [ 114.1307166, 22.2768359 ] ] ] } },
{ "type": "Feature", "properties": { "id": "1166277500", "name": "碧林閣 Pokfulam Court", "shop": "nan", "highway": "nan", "railway": "nan", "leisure": "nan", "landuse": "residential", "building": "yes" }, "geometry": { "type": "Polygon", "coordinates": [ [ [ 114.1307427, 22.2766255 ], [ 114.130784, 22.2765786 ], [ 114.1308213, 22.2765905 ], [ 114.1308417, 22.2765915 ], [ 114.130885, 22.2765957 ], [ 114.1308956, 22.2765628 ], [ 114.1309002, 22.2765488 ], [ 114.1311163, 22.2766035 ], [ 114.131144, 22.2766099 ], [ 114.1311426, 22.2766278 ], [ 114.131122, 22.2768935 ], [ 114.1311199, 22.2769212 ], [ 114.130783, 22.2768913 ], [ 114.1307359, 22.2768644 ], [ 114.1307161, 22.2768448 ], [ 114.1307121, 22.2768141 ], [ 114.1307427, 22.2766255 ] ] ] } },
{ "type": "Feature", "properties": { "id": "1166277501", "name": "nan", "shop": "nan", "highway": "nan", "railway": "nan", "leisure": "nan", "landuse": "nan", "building": "residential" }, "geometry": { "type": "Polygon", "coordinates": [ [ [ 114.1311306, 22.2768202 ], [ 114.1312081, 22.2768274 ], [ 114.1312059, 22.2768481 ], [ 114.1312308, 22.2768504 ], [ 114.1312328, 22.2768324 ], [ 114.131313, 22.2768398 ], [ 114.1313107, 22.2768614 ], [ 114.1313424, 22.2768643 ], [ 114.1313446, 22.2768433 ], [ 114.1314218, 22.2768505 ], [ 114.1314317, 22.2767585 ], [ 114.1313387, 22.2767499 ], [ 114.1313455, 22.2766867 ], [ 114.1313126, 22.2766836 ], [ 114.1313141, 22.2766698 ], [ 114.131284, 22.276667 ], [ 114.1312821, 22.2766843 ], [ 114.1312397, 22.2766804 ], [ 114.1312328, 22.276744 ], [ 114.1311397, 22.2767354 ], [ 114.1311306, 22.2768202 ] ] ] } },
{ "type": "Feature", "properties": { "id": "1166277502", "name": "碧林大廈 Pokfulam Mansion", "shop": "nan", "highway": "nan", "railway": "nan", "leisure": "nan", "landuse": "residential", "building": "yes" }, "geometry": { "type": "Polygon", "coordinates": [ [ [ 114.131144, 22.2766099 ], [ 114.1312966, 22.2766435 ], [ 114.1314398, 22.2766561 ], [ 114.1314164, 22.2769156 ], [ 114.131122, 22.2768935 ], [ 114.1311426, 22.2766278 ], [ 114.131144, 22.2766099 ] ] ] } },
{ "type": "Feature", "properties": { "id": "1166277503", "name": "nan", "shop": "nan", "highway": "nan", "railway": "nan", "leisure": "nan", "landuse": "nan", "building": "residential" }, "geometry": { "type": "Polygon", "coordinates": [ [ [ 114.1315721, 22.2769592 ], [ 114.1314544, 22.2769156 ], [ 114.1314315, 22.2769518 ], [ 114.131648, 22.2770807 ], [ 114.1316849, 22.2770274 ], [ 114.1316618, 22.2770137 ], [ 114.1316861, 22.2769792 ], [ 114.1316738, 22.2769718 ], [ 114.1316933, 22.2769447 ], [ 114.1316556, 22.2769208 ], [ 114.1316304, 22.2769555 ], [ 114.1316114, 22.2769454 ], [ 114.1315951, 22.2769718 ], [ 114.1315721, 22.2769592 ] ] ] } },
{ "type": "Feature", "properties": { "id": "1166277504", "name": "nan", "shop": "nan", "highway": "nan", "railway": "nan", "leisure": "nan", "landuse": "nan", "building": "yes" }, "geometry": { "type": "Polygon", "coordinates": [ [ [ 114.1303396, 22.2767408 ], [ 114.130376, 22.2767656 ], [ 114.13039, 22.2767481 ], [ 114.1304202, 22.2767686 ], [ 114.1303674, 22.276835 ], [ 114.1304348, 22.2768809 ], [ 114.1304891, 22.2768126 ], [ 114.1304985, 22.276819 ], [ 114.1305196, 22.2767923 ], [ 114.1305107, 22.2767862 ], [ 114.1305656, 22.2767172 ], [ 114.130494, 22.2766684 ], [ 114.1304811, 22.2766845 ], [ 114.1304395, 22.2767368 ], [ 114.130417, 22.2767215 ], [ 114.130434, 22.2767002 ], [ 114.1303938, 22.2766728 ], [ 114.1303396, 22.2767408 ] ] ] } },
{ "type": "Feature", "properties": { "id": "1166277505", "name": "nan", "shop": "nan", "highway": "nan", "railway": "nan", "leisure": "nan", "landuse": "nan", "building": "yes" }, "geometry": { "type": "Polygon", "coordinates": [ [ [ 114.1303955, 22.2766025 ], [ 114.1304879, 22.2766625 ], [ 114.130507, 22.2766373 ], [ 114.1304959, 22.2766301 ], [ 114.1305208, 22.2765972 ], [ 114.1305432, 22.2766118 ], [ 114.1305604, 22.2765892 ], [ 114.1305359, 22.2765733 ], [ 114.1305624, 22.2765384 ], [ 114.1305722, 22.2765448 ], [ 114.1305934, 22.2765169 ], [ 114.1305453, 22.2764858 ], [ 114.1305044, 22.2764594 ], [ 114.1304909, 22.2764772 ], [ 114.1305026, 22.2764848 ], [ 114.1304782, 22.2765169 ], [ 114.1304506, 22.276499 ], [ 114.1304589, 22.2764879 ], [ 114.1304256, 22.2764663 ], [ 114.1303772, 22.2765303 ], [ 114.1304186, 22.2765571 ], [ 114.1304239, 22.2765502 ], [ 114.1304428, 22.2765625 ], [ 114.1304299, 22.2765795 ], [ 114.1304185, 22.2765722 ], [ 114.1303955, 22.2766025 ] ] ] } },
{ "type": "Feature", "properties": { "id": "1166277506", "name": "nan", "shop": "nan", "highway": "nan", "railway": "nan", "leisure": "nan", "landuse": "nan", "building": "yes" }, "geometry": { "type": "Polygon", "coordinates": [ [ [ 114.1304529, 22.276426 ], [ 114.1305044, 22.2764594 ], [ 114.1305453, 22.2764858 ], [ 114.1305643, 22.2764608 ], [ 114.1305532, 22.2764536 ], [ 114.1305782, 22.2764207 ], [ 114.1306006, 22.2764353 ], [ 114.1306178, 22.2764126 ], [ 114.1305933, 22.2763968 ], [ 114.1306198, 22.2763619 ], [ 114.1306296, 22.2763683 ], [ 114.1306507, 22.2763404 ], [ 114.1305618, 22.2762828 ], [ 114.1305483, 22.2763007 ], [ 114.1305599, 22.2763082 ], [ 114.1305356, 22.2763404 ], [ 114.1305079, 22.2763225 ], [ 114.1305163, 22.2763114 ], [ 114.1304829, 22.2762898 ], [ 114.1304346, 22.2763537 ], [ 114.130476, 22.2763805 ], [ 114.1304812, 22.2763736 ], [ 114.1305002, 22.2763859 ], [ 114.1304873, 22.276403 ], [ 114.1304759, 22.2763956 ], [ 114.1304529, 22.276426 ] ] ] } },
{ "type": "Feature", "properties": { "id": "1166277507", "name": "nan", "shop": "nan", "highway": "nan", "railway": "nan", "leisure": "nan", "landuse": "nan", "building": "yes" }, "geometry": { "type": "Polygon", "coordinates": [ [ [ 114.1306681, 22.2763609 ], [ 114.1306935, 22.2762706 ], [ 114.1307268, 22.2762786 ], [ 114.1307249, 22.2762854 ], [ 114.1307729, 22.2762969 ], [ 114.130782, 22.2762643 ], [ 114.1307664, 22.2762606 ], [ 114.1307786, 22.2762172 ], [ 114.1308522, 22.2762349 ], [ 114.1308399, 22.2762786 ], [ 114.1308246, 22.2762749 ], [ 114.1308155, 22.2763073 ], [ 114.1308627, 22.2763186 ], [ 114.1308642, 22.2763132 ], [ 114.1309037, 22.2763227 ], [ 114.1308779, 22.2764147 ], [ 114.1307971, 22.2763953 ], [ 114.1307947, 22.2764038 ], [ 114.1307418, 22.2763911 ], [ 114.1307451, 22.2763794 ], [ 114.1306681, 22.2763609 ] ] ] } },
{ "type": "Feature", "properties": { "id": "1167751899", "name": "nan", "shop": "nan", "highway": "nan", "railway": "nan", "leisure": "nan", "landuse": "nan", "building": "house" }, "geometry": { "type": "Polygon", "coordinates": [ [ [ 114.1319994, 22.2772601 ], [ 114.1320584, 22.2772822 ], [ 114.1321616, 22.2773038 ], [ 114.1321795, 22.2772293 ], [ 114.1320153, 22.2771914 ], [ 114.1319994, 22.2772601 ] ] ] } },
{ "type": "Feature", "properties": { "id": "1167751900", "name": "nan", "shop": "nan", "highway": "nan", "railway": "nan", "leisure": "nan", "landuse": "nan", "building": "house" }, "geometry": { "type": "Polygon", "coordinates": [ [ [ 114.1319462, 22.2771757 ], [ 114.1321049, 22.2772124 ], [ 114.1321241, 22.2771414 ], [ 114.1319654, 22.2771047 ], [ 114.1319462, 22.2771757 ] ] ] } },
{ "type": "Feature", "properties": { "id": "1167751901", "name": "nan", "shop": "nan", "highway": "nan", "railway": "nan", "leisure": "nan", "landuse": "nan", "building": "house" }, "geometry": { "type": "Polygon", "coordinates": [ [ [ 114.1319283, 22.277096 ], [ 114.132087, 22.2771328 ], [ 114.1321062, 22.2770618 ], [ 114.1319474, 22.277025 ], [ 114.1319283, 22.277096 ] ] ] } },
{ "type": "Feature", "properties": { "id": "1167751902", "name": "nan", "shop": "nan", "highway": "nan", "railway": "nan", "leisure": "nan", "landuse": "nan", "building": "house" }, "geometry": { "type": "Polygon", "coordinates": [ [ [ 114.1319276, 22.2770202 ], [ 114.1320864, 22.2770569 ], [ 114.1321056, 22.2769859 ], [ 114.1319468, 22.2769492 ], [ 114.1319276, 22.2770202 ] ] ] } },
{ "type": "Feature", "properties": { "id": "1167751903", "name": "nan", "shop": "nan", "highway": "nan", "railway": "nan", "leisure": "nan", "landuse": "nan", "building": "house" }, "geometry": { "type": "Polygon", "coordinates": [ [ [ 114.1319364, 22.2769473 ], [ 114.1319641, 22.2768518 ], [ 114.1320195, 22.2768653 ], [ 114.1320863, 22.2769256 ], [ 114.1320705, 22.2769789 ], [ 114.1319364, 22.2769473 ] ] ] } },
{ "type": "Feature", "properties": { "id": "1167751904", "name": "nan", "shop": "nan", "highway": "nan", "railway": "nan", "leisure": "nan", "landuse": "nan", "building": "yes" }, "geometry": { "type": "Polygon", "coordinates": [ [ [ 114.1320195, 22.2768653 ], [ 114.1319419, 22.2768012 ], [ 114.1319211, 22.2769062 ], [ 114.1319187, 22.2769985 ], [ 114.1318951, 22.277027 ], [ 114.1319205, 22.2770468 ], [ 114.1318944, 22.2770802 ], [ 114.1318835, 22.2770681 ], [ 114.1318713, 22.2770807 ], [ 114.1318513, 22.2770657 ], [ 114.1318322, 22.2770908 ], [ 114.1318742, 22.2771234 ], [ 114.1318882, 22.2771806 ], [ 114.1319106, 22.2772247 ], [ 114.1319431, 22.2772453 ], [ 114.1319994, 22.2772601 ], [ 114.1320584, 22.2772822 ], [ 114.1321616, 22.2773038 ], [ 114.1321795, 22.2772293 ], [ 114.1321049, 22.2772124 ], [ 114.1321241, 22.2771414 ], [ 114.132087, 22.2771328 ], [ 114.1321062, 22.2770618 ], [ 114.1320864, 22.2770569 ], [ 114.1321056, 22.2769859 ], [ 114.1320705, 22.2769789 ], [ 114.1320863, 22.2769256 ], [ 114.1320195, 22.2768653 ] ] ] } },
{ "type": "Feature", "properties": { "id": "1167751911", "name": "nan", "shop": "nan", "highway": "nan", "railway": "nan", "leisure": "nan", "landuse": "nan", "building": "yes" }, "geometry": { "type": "Polygon", "coordinates": [ [ [ 114.1312057, 22.2779734 ], [ 114.1311818, 22.2779948 ], [ 114.1311927, 22.2780035 ], [ 114.1311823, 22.2780253 ], [ 114.1311971, 22.2780249 ], [ 114.1311993, 22.2780694 ], [ 114.131191, 22.2780698 ], [ 114.1312196, 22.2780992 ], [ 114.1312061, 22.2781188 ], [ 114.1311579, 22.2780828 ], [ 114.1311484, 22.2780508 ], [ 114.1311485, 22.2780224 ], [ 114.1311388, 22.2780141 ], [ 114.1311896, 22.2779592 ], [ 114.1312057, 22.2779734 ] ] ] } },
{ "type": "Feature", "properties": { "id": "1167771735", "name": "翠林苑 Green Villa", "shop": "nan", "highway": "nan", "railway": "nan", "leisure": "nan", "landuse": "nan", "building": "yes" }, "geometry": { "type": "Polygon", "coordinates": [ [ [ 114.1319261, 22.2779437 ], [ 114.1320095, 22.277945 ], [ 114.1320101, 22.2779117 ], [ 114.1320308, 22.277912 ], [ 114.1320301, 22.2779478 ], [ 114.1320886, 22.2779487 ], [ 114.1320914, 22.2777978 ], [ 114.1320391, 22.2777969 ], [ 114.1320387, 22.2778208 ], [ 114.1320166, 22.2778205 ], [ 114.1320171, 22.2777943 ], [ 114.1319288, 22.2777929 ], [ 114.1319261, 22.2779437 ] ] ] } },
{ "type": "Feature", "properties": { "id": "1167771736", "name": "nan", "shop": "nan", "highway": "nan", "railway": "nan", "leisure": "nan", "landuse": "nan", "building": "house" }, "geometry": { "type": "Polygon", "coordinates": [ [ [ 114.1323771, 22.2782236 ], [ 114.1323166, 22.278195 ], [ 114.1323126, 22.2782043 ], [ 114.1322348, 22.2781668 ], [ 114.1322406, 22.2780919 ], [ 114.1322172, 22.2780906 ], [ 114.1322211, 22.2779993 ], [ 114.132241, 22.2780015 ], [ 114.1322445, 22.2779484 ], [ 114.1323376, 22.2779537 ], [ 114.1323336, 22.2780526 ], [ 114.1323785, 22.2780732 ], [ 114.1323534, 22.2781232 ], [ 114.1323721, 22.2781343 ], [ 114.1323771, 22.2781449 ], [ 114.1323639, 22.2781718 ], [ 114.1323941, 22.2781868 ], [ 114.1323771, 22.2782236 ] ] ] } },
{ "type": "Feature", "properties": { "id": "1167771737", "name": "nan", "shop": "nan", "highway": "nan", "railway": "nan", "leisure": "nan", "landuse": "nan", "building": "yes" }, "geometry": { "type": "Polygon", "coordinates": [ [ [ 114.1322792, 22.2778965 ], [ 114.1324221, 22.2779014 ], [ 114.132425, 22.2778281 ], [ 114.132386, 22.2778268 ], [ 114.1323867, 22.2778091 ], [ 114.1322979, 22.2778061 ], [ 114.1322964, 22.2778412 ], [ 114.1322814, 22.2778407 ], [ 114.1322792, 22.2778965 ] ] ] } },
{ "type": "Feature", "properties": { "id": "1167771738", "name": "嘉瑜園 Emerald Garden", "shop": "nan", "highway": "nan", "railway": "nan", "leisure": "nan", "landuse": "nan", "building": "residential" }, "geometry": { "type": "Polygon", "coordinates": [ [ [ 114.1315849, 22.278995 ], [ 114.1317432, 22.2790868 ], [ 114.1317859, 22.2790237 ], [ 114.1317459, 22.2790005 ], [ 114.1317321, 22.2790209 ], [ 114.1317164, 22.2790118 ], [ 114.1317512, 22.2789605 ], [ 114.1316982, 22.2789298 ], [ 114.1316653, 22.2789784 ], [ 114.1316548, 22.2789723 ], [ 114.131667, 22.2789544 ], [ 114.1316278, 22.2789316 ], [ 114.1315849, 22.278995 ] ] ] } },
{ "type": "Feature", "properties": { "id": "1167773080", "name": "nan", "shop": "nan", "highway": "nan", "railway": "nan", "leisure": "nan", "landuse": "nan", "building": "yes" }, "geometry": { "type": "Polygon", "coordinates": [ [ [ 114.1319117, 22.2798676 ], [ 114.1320334, 22.2797835 ], [ 114.132047, 22.2797989 ], [ 114.1320319, 22.2798094 ], [ 114.1320475, 22.2798286 ], [ 114.1320061, 22.2798573 ], [ 114.1320594, 22.2799231 ], [ 114.1319928, 22.2799693 ], [ 114.1319117, 22.2798676 ] ] ] } },
{ "type": "Feature", "properties": { "id": "1167773081", "name": "nan", "shop": "nan", "highway": "nan", "railway": "nan", "leisure": "nan", "landuse": "nan", "building": "yes" }, "geometry": { "type": "Polygon", "coordinates": [ [ [ 114.1319115, 22.2798671 ], [ 114.1318296, 22.2797656 ], [ 114.1319018, 22.2797158 ], [ 114.1319532, 22.2797795 ], [ 114.1319851, 22.2797575 ], [ 114.1320049, 22.279782 ], [ 114.1320226, 22.2797698 ], [ 114.1320333, 22.279783 ], [ 114.1319115, 22.2798671 ] ] ] } },
{ "type": "Feature", "properties": { "id": "1167773082", "name": "nan", "shop": "nan", "highway": "nan", "railway": "nan", "leisure": "nan", "landuse": "nan", "building": "yes" }, "geometry": { "type": "Polygon", "coordinates": [ [ [ 114.1316569, 22.2799309 ], [ 114.1316057, 22.279811 ], [ 114.1317265, 22.2797668 ], [ 114.131733, 22.2797818 ], [ 114.1317263, 22.2797843 ], [ 114.1317391, 22.2798142 ], [ 114.1317081, 22.2798255 ], [ 114.1317401, 22.2799005 ], [ 114.1316569, 22.2799309 ] ] ] } },
{ "type": "Feature", "properties": { "id": "1167773083", "name": "nan", "shop": "nan", "highway": "nan", "railway": "nan", "leisure": "nan", "landuse": "nan", "building": "yes" }, "geometry": { "type": "Polygon", "coordinates": [ [ [ 114.1316057, 22.2798109 ], [ 114.1315553, 22.2796931 ], [ 114.1316362, 22.2796632 ], [ 114.1316684, 22.2797375 ], [ 114.1317021, 22.279725 ], [ 114.1317144, 22.2797534 ], [ 114.13172, 22.2797513 ], [ 114.1317266, 22.2797667 ], [ 114.1316057, 22.2798109 ] ] ] } },
{ "type": "Feature", "properties": { "id": "1167773084", "name": "nan", "shop": "nan", "highway": "nan", "railway": "nan", "leisure": "nan", "landuse": "nan", "building": "yes" }, "geometry": { "type": "Polygon", "coordinates": [ [ [ 114.1315452, 22.2796729 ], [ 114.1314939, 22.279553 ], [ 114.1316148, 22.2795088 ], [ 114.1316212, 22.2795238 ], [ 114.1316145, 22.2795263 ], [ 114.1316273, 22.2795562 ], [ 114.1315963, 22.2795675 ], [ 114.1316284, 22.2796425 ], [ 114.1315452, 22.2796729 ] ] ] } },
{ "type": "Feature", "properties": { "id": "1167773085", "name": "nan", "shop": "nan", "highway": "nan", "railway": "nan", "leisure": "nan", "landuse": "nan", "building": "yes" }, "geometry": { "type": "Polygon", "coordinates": [ [ [ 114.131494, 22.2795529 ], [ 114.1314436, 22.2794351 ], [ 114.1315245, 22.2794052 ], [ 114.1315566, 22.2794795 ], [ 114.1315904, 22.279467 ], [ 114.1316027, 22.2794954 ], [ 114.1316082, 22.2794934 ], [ 114.1316149, 22.2795087 ], [ 114.131494, 22.2795529 ] ] ] } },
{ "type": "Feature", "properties": { "id": "1167773086", "name": "nan", "shop": "nan", "highway": "nan", "railway": "nan", "leisure": "nan", "landuse": "nan", "building": "yes" }, "geometry": { "type": "Polygon", "coordinates": [ [ [ 114.1317619, 22.2794118 ], [ 114.131876, 22.2793732 ], [ 114.1319088, 22.2794572 ], [ 114.1318413, 22.2794808 ], [ 114.1318549, 22.279512 ], [ 114.1318243, 22.2795235 ], [ 114.1318289, 22.2795334 ], [ 114.1318127, 22.2795395 ], [ 114.1317619, 22.2794118 ] ] ] } },
{ "type": "Feature", "properties": { "id": "1167773087", "name": "nan", "shop": "nan", "highway": "nan", "railway": "nan", "leisure": "nan", "landuse": "nan", "building": "yes" }, "geometry": { "type": "Polygon", "coordinates": [ [ [ 114.1317619, 22.2794118 ], [ 114.1316489, 22.2794499 ], [ 114.1316825, 22.2795336 ], [ 114.1317504, 22.2795114 ], [ 114.1317618, 22.2795434 ], [ 114.1317932, 22.2795338 ], [ 114.1317966, 22.2795441 ], [ 114.1318127, 22.2795395 ], [ 114.1317619, 22.2794118 ] ] ] } },
{ "type": "Feature", "properties": { "id": "1167867644", "name": "王植庭堂 Wong Chik Ting Hall", "shop": "nan", "highway": "nan", "railway": "nan", "leisure": "nan", "landuse": "nan", "building": "yes" }, "geometry": { "type": "Polygon", "coordinates": [ [ [ 114.1317723, 22.2802707 ], [ 114.1317234, 22.2802718 ], [ 114.1317222, 22.2802268 ], [ 114.1317436, 22.2802263 ], [ 114.1317365, 22.2802144 ], [ 114.1316846, 22.280242 ], [ 114.1316577, 22.2801969 ], [ 114.1316719, 22.2801888 ], [ 114.1316458, 22.2801475 ], [ 114.1318335, 22.2800469 ], [ 114.1318518, 22.2800762 ], [ 114.1318884, 22.2800565 ], [ 114.132025, 22.2802866 ], [ 114.1319405, 22.2803298 ], [ 114.1318663, 22.2802077 ], [ 114.1318457, 22.280213 ], [ 114.1318322, 22.2801912 ], [ 114.1318474, 22.2801749 ], [ 114.131839, 22.2801616 ], [ 114.1317448, 22.280211 ], [ 114.1317498, 22.2802177 ], [ 114.131757, 22.2802143 ], [ 114.1317573, 22.280226 ], [ 114.131771, 22.2802262 ], [ 114.1317723, 22.2802707 ] ] ] } },
{ "type": "Feature", "properties": { "id": "1167867645", "name": "胡文虎樓 Aw Boon Haw Wing", "shop": "nan", "highway": "nan", "railway": "nan", "leisure": "nan", "landuse": "nan", "building": "yes" }, "geometry": { "type": "Polygon", "coordinates": [ [ [ 114.1320336, 22.2806326 ], [ 114.1320481, 22.2806252 ], [ 114.1319983, 22.2805423 ], [ 114.1320113, 22.2805356 ], [ 114.1319629, 22.2804551 ], [ 114.1319724, 22.2804502 ], [ 114.1319474, 22.2804086 ], [ 114.1319253, 22.2803719 ], [ 114.1319756, 22.280346 ], [ 114.1319907, 22.280371 ], [ 114.1320123, 22.28036 ], [ 114.1321122, 22.2805262 ], [ 114.1320863, 22.2805395 ], [ 114.132146, 22.2806388 ], [ 114.1321352, 22.2806444 ], [ 114.1321684, 22.2806994 ], [ 114.1321248, 22.2807218 ], [ 114.1321101, 22.2806973 ], [ 114.1320814, 22.2807121 ], [ 114.1320336, 22.2806326 ] ] ] } },
{ "type": "Feature", "properties": { "id": "1167867646", "name": "梁基浩堂 Liang Chi Hao Centre", "shop": "nan", "highway": "nan", "railway": "nan", "leisure": "nan", "landuse": "nan", "building": "yes" }, "geometry": { "type": "Polygon", "coordinates": [ [ [ 114.1318288, 22.2806688 ], [ 114.1317417, 22.2805853 ], [ 114.1317075, 22.2804942 ], [ 114.1317772, 22.2804605 ], [ 114.1318031, 22.2804834 ], [ 114.1319474, 22.2804086 ], [ 114.1319724, 22.2804502 ], [ 114.1319629, 22.2804551 ], [ 114.1320113, 22.2805356 ], [ 114.1319983, 22.2805423 ], [ 114.1320481, 22.2806252 ], [ 114.1320336, 22.2806326 ], [ 114.1319859, 22.2805539 ], [ 114.1318722, 22.2806124 ], [ 114.1318884, 22.2806384 ], [ 114.1318288, 22.2806688 ] ] ] } },
{ "type": "Feature", "properties": { "id": "1167867647", "name": "馬登樓 Marden Wing", "shop": "nan", "highway": "nan", "railway": "nan", "leisure": "nan", "landuse": "nan", "building": "yes" }, "geometry": { "type": "Polygon", "coordinates": [ [ [ 114.1324552, 22.2807001 ], [ 114.1325008, 22.2807772 ], [ 114.1323289, 22.2808642 ], [ 114.1323561, 22.2809102 ], [ 114.1322119, 22.2809832 ], [ 114.1322442, 22.2810379 ], [ 114.1321695, 22.2810757 ], [ 114.1321762, 22.2810871 ], [ 114.1320922, 22.2811296 ], [ 114.1320599, 22.281075 ], [ 114.1320391, 22.2810856 ], [ 114.1319595, 22.2809511 ], [ 114.1324552, 22.2807001 ] ] ] } },
{ "type": "Feature", "properties": { "id": "1208661069", "name": "nan", "shop": "nan", "highway": "nan", "railway": "nan", "leisure": "nan", "landuse": "nan", "building": "apartments" }, "geometry": { "type": "Polygon", "coordinates": [ [ [ 114.1417775, 22.2881484 ], [ 114.1417769, 22.2881305 ], [ 114.1418225, 22.288129 ], [ 114.1418201, 22.288066 ], [ 114.1417882, 22.2880671 ], [ 114.1417782, 22.2880584 ], [ 114.1417418, 22.2880596 ], [ 114.1417324, 22.2880688 ], [ 114.1417005, 22.2880698 ], [ 114.1417028, 22.2881328 ], [ 114.1417484, 22.2881314 ], [ 114.1417491, 22.2881493 ], [ 114.1417775, 22.2881484 ] ] ] } },
{ "type": "Feature", "properties": { "id": "1208661070", "name": "nan", "shop": "nan", "highway": "nan", "railway": "nan", "leisure": "nan", "landuse": "nan", "building": "apartments" }, "geometry": { "type": "Polygon", "coordinates": [ [ [ 114.1414177, 22.2882029 ], [ 114.1414151, 22.2881339 ], [ 114.1414139, 22.2880992 ], [ 114.1415002, 22.2880965 ], [ 114.1415005, 22.2881039 ], [ 114.141504, 22.2882002 ], [ 114.1414177, 22.2882029 ] ] ] } },
{ "type": "Feature", "properties": { "id": "1208661071", "name": "nan", "shop": "nan", "highway": "nan", "railway": "nan", "leisure": "nan", "landuse": "nan", "building": "apartments" }, "geometry": { "type": "Polygon", "coordinates": [ [ [ 114.1422247, 22.2881318 ], [ 114.1422235, 22.288105 ], [ 114.1422351, 22.2881045 ], [ 114.1422317, 22.2880259 ], [ 114.1421885, 22.2880275 ], [ 114.1421928, 22.2881281 ], [ 114.1422003, 22.2881278 ], [ 114.1422005, 22.2881323 ], [ 114.1422075, 22.2881389 ], [ 114.1422177, 22.2881386 ], [ 114.1422247, 22.2881318 ] ] ] } },
{ "type": "Feature", "properties": { "id": "1208661072", "name": "KAZA", "shop": "nan", "highway": "nan", "railway": "nan", "leisure": "nan", "landuse": "nan", "building": "apartments" }, "geometry": { "type": "Polygon", "coordinates": [ [ [ 114.1412208, 22.2881821 ], [ 114.1412196, 22.2881492 ], [ 114.1412428, 22.2881484 ], [ 114.1412414, 22.2881112 ], [ 114.1412396, 22.2880626 ], [ 114.1411532, 22.2880654 ], [ 114.1411564, 22.2881512 ], [ 114.1411796, 22.2881504 ], [ 114.1411808, 22.2881833 ], [ 114.1412208, 22.2881821 ] ] ] } },
{ "type": "Feature", "properties": { "id": "1208661073", "name": "nan", "shop": "nan", "highway": "nan", "railway": "nan", "leisure": "nan", "landuse": "nan", "building": "apartments" }, "geometry": { "type": "Polygon", "coordinates": [ [ [ 114.1413965, 22.2881765 ], [ 114.141395, 22.2881346 ], [ 114.1414151, 22.2881339 ], [ 114.1414139, 22.2880992 ], [ 114.1414123, 22.2880572 ], [ 114.141326, 22.2880599 ], [ 114.1413278, 22.2881085 ], [ 114.1413288, 22.2881367 ], [ 114.141349, 22.288136 ], [ 114.1413505, 22.288178 ], [ 114.1413965, 22.2881765 ] ] ] } },
{ "type": "Feature", "properties": { "id": "1208661074", "name": "華立大樓 Wah Lap House", "shop": "nan", "highway": "nan", "railway": "nan", "leisure": "nan", "landuse": "nan", "building": "apartments" }, "geometry": { "type": "Polygon", "coordinates": [ [ [ 114.141326, 22.2880599 ], [ 114.1412396, 22.2880626 ], [ 114.1412414, 22.2881112 ], [ 114.1412631, 22.2881105 ], [ 114.1412667, 22.2882077 ], [ 114.1413097, 22.2882064 ], [ 114.1413061, 22.2881092 ], [ 114.1413278, 22.2881085 ], [ 114.141326, 22.2880599 ] ] ] } },
{ "type": "Feature", "properties": { "id": "1208661075", "name": "兆安大廈 Siu On Building", "shop": "nan", "highway": "nan", "railway": "nan", "leisure": "nan", "landuse": "nan", "building": "residential" }, "geometry": { "type": "Polygon", "coordinates": [ [ [ 114.1414123, 22.2880572 ], [ 114.1414139, 22.2880992 ], [ 114.1414151, 22.2881339 ], [ 114.1414177, 22.2882029 ], [ 114.141504, 22.2882002 ], [ 114.1415005, 22.2881039 ], [ 114.1414987, 22.2880544 ], [ 114.1414123, 22.2880572 ] ] ] } },
{ "type": "Feature", "properties": { "id": "1208661076", "name": "德美樓 Tak May House", "shop": "nan", "highway": "nan", "railway": "nan", "leisure": "nan", "landuse": "nan", "building": "apartments" }, "geometry": { "type": "Polygon", "coordinates": [ [ [ 114.1415677, 22.2881836 ], [ 114.1415647, 22.2881018 ], [ 114.1415868, 22.2881011 ], [ 114.141585, 22.2880517 ], [ 114.1414987, 22.2880544 ], [ 114.1415005, 22.2881039 ], [ 114.1415226, 22.2881032 ], [ 114.1415256, 22.2881849 ], [ 114.1415677, 22.2881836 ] ] ] } },
{ "type": "Feature", "properties": { "id": "1208661077", "name": "nan", "shop": "nan", "highway": "nan", "railway": "nan", "leisure": "nan", "landuse": "nan", "building": "apartments" }, "geometry": { "type": "Polygon", "coordinates": [ [ [ 114.1416554, 22.2881808 ], [ 114.1416531, 22.2881208 ], [ 114.141674, 22.2881202 ], [ 114.1416714, 22.288049 ], [ 114.141585, 22.2880517 ], [ 114.1415868, 22.2881011 ], [ 114.1415876, 22.2881229 ], [ 114.1416085, 22.2881222 ], [ 114.1416107, 22.2881822 ], [ 114.1416554, 22.2881808 ] ] ] } },
{ "type": "Feature", "properties": { "id": "1208661078", "name": "nan", "shop": "nan", "highway": "nan", "railway": "nan", "leisure": "nan", "landuse": "nan", "building": "apartments" }, "geometry": { "type": "Polygon", "coordinates": [ [ [ 114.1418872, 22.2880421 ], [ 114.1418901, 22.2881201 ], [ 114.141891, 22.2881443 ], [ 114.1418478, 22.2881457 ], [ 114.1418441, 22.2880435 ], [ 114.1418872, 22.2880421 ] ] ] } },
{ "type": "Feature", "properties": { "id": "1208661079", "name": "nan", "shop": "nan", "highway": "nan", "railway": "nan", "leisure": "nan", "landuse": "residential", "building": "apartments" }, "geometry": { "type": "Polygon", "coordinates": [ [ [ 114.1419736, 22.2880394 ], [ 114.1419765, 22.2881174 ], [ 114.1419774, 22.2881416 ], [ 114.1420205, 22.2881402 ], [ 114.1420183, 22.2880807 ], [ 114.1420168, 22.288038 ], [ 114.1419736, 22.2880394 ] ] ] } },
{ "type": "Feature", "properties": { "id": "1208661080", "name": "得安樓 Tak On Lau", "shop": "nan", "highway": "nan", "railway": "nan", "leisure": "nan", "landuse": "residential", "building": "apartments" }, "geometry": { "type": "Polygon", "coordinates": [ [ [ 114.1419655, 22.2881538 ], [ 114.1419642, 22.2881178 ], [ 114.1419765, 22.2881174 ], [ 114.1419736, 22.2880394 ], [ 114.1418872, 22.2880421 ], [ 114.1418901, 22.2881201 ], [ 114.1419024, 22.2881197 ], [ 114.1419038, 22.2881557 ], [ 114.1419655, 22.2881538 ] ] ] } },
{ "type": "Feature", "properties": { "id": "1208661081", "name": "nan", "shop": "nan", "highway": "nan", "railway": "nan", "leisure": "nan", "landuse": "nan", "building": "apartments" }, "geometry": { "type": "Polygon", "coordinates": [ [ [ 114.1420902, 22.2881675 ], [ 114.1420888, 22.2881302 ], [ 114.1420972, 22.2881299 ], [ 114.142096, 22.2880971 ], [ 114.1420876, 22.2880973 ], [ 114.1420869, 22.2880785 ], [ 114.1420963, 22.2880782 ], [ 114.1420963, 22.2880355 ], [ 114.1420168, 22.288038 ], [ 114.1420183, 22.2880807 ], [ 114.1420361, 22.2880801 ], [ 114.1420368, 22.288099 ], [ 114.1420284, 22.2880992 ], [ 114.1420296, 22.2881321 ], [ 114.142038, 22.2881318 ], [ 114.1420394, 22.2881691 ], [ 114.1420902, 22.2881675 ] ] ] } },
{ "type": "Feature", "properties": { "id": "1208661082", "name": "同興大廈 Tone Hing Building", "shop": "nan", "highway": "nan", "railway": "nan", "leisure": "nan", "landuse": "residential", "building": "apartments" }, "geometry": { "type": "Polygon", "coordinates": [ [ [ 114.1421665, 22.288165 ], [ 114.142166, 22.288149 ], [ 114.142176, 22.2881487 ], [ 114.1421752, 22.2881274 ], [ 114.1421836, 22.2881272 ], [ 114.1421823, 22.2880943 ], [ 114.142174, 22.2880946 ], [ 114.1421733, 22.2880757 ], [ 114.1421899, 22.2880687 ], [ 114.142184, 22.2880328 ], [ 114.1421099, 22.2880351 ], [ 114.142111, 22.2880777 ], [ 114.1421224, 22.2880774 ], [ 114.1421231, 22.2880962 ], [ 114.1421148, 22.2880965 ], [ 114.142116, 22.2881293 ], [ 114.1421244, 22.2881291 ], [ 114.1421252, 22.2881503 ], [ 114.1421352, 22.28815 ], [ 114.1421358, 22.288166 ], [ 114.1421665, 22.288165 ] ] ] } },
{ "type": "Feature", "properties": { "id": "1208661084", "name": "nan", "shop": "nan", "highway": "nan", "railway": "nan", "leisure": "nan", "landuse": "nan", "building": "yes" }, "geometry": { "type": "Polygon", "coordinates": [ [ [ 114.1422891, 22.2883887 ], [ 114.1422822, 22.2882025 ], [ 114.1421334, 22.2882072 ], [ 114.1421403, 22.2883934 ], [ 114.1422891, 22.2883887 ] ] ] } },
{ "type": "Feature", "properties": { "id": "1208665030", "name": "錦添工業大廈 Kam Teem Industrial Building", "shop": "nan", "highway": "nan", "railway": "nan", "leisure": "nan", "landuse": "nan", "building": "industrial" }, "geometry": { "type": "Polygon", "coordinates": [ [ [ 114.1433689, 22.2881703 ], [ 114.1433713, 22.2882337 ], [ 114.1433728, 22.2882743 ], [ 114.1433787, 22.2884352 ], [ 114.1434676, 22.2884324 ], [ 114.1434622, 22.288286 ], [ 114.1434601, 22.2882309 ], [ 114.1434578, 22.2881675 ], [ 114.1433689, 22.2881703 ] ] ] } },
{ "type": "Feature", "properties": { "id": "1208665031", "name": "The Connaught", "shop": "nan", "highway": "nan", "railway": "nan", "leisure": "nan", "landuse": "nan", "building": "residential" }, "geometry": { "type": "Polygon", "coordinates": [ [ [ 114.1432801, 22.2881732 ], [ 114.1432826, 22.2882418 ], [ 114.1432839, 22.2882772 ], [ 114.1432862, 22.2883386 ], [ 114.1432899, 22.288438 ], [ 114.1433787, 22.2884352 ], [ 114.1433728, 22.2882743 ], [ 114.1433713, 22.2882337 ], [ 114.1433689, 22.2881703 ], [ 114.1432801, 22.2881732 ] ] ] } },
{ "type": "Feature", "properties": { "id": "1208665032", "name": "興泰大廈 Hing Tai Building", "shop": "nan", "highway": "nan", "railway": "nan", "leisure": "nan", "landuse": "nan", "building": "apartments" }, "geometry": { "type": "Polygon", "coordinates": [ [ [ 114.1431912, 22.288176 ], [ 114.1431937, 22.2882446 ], [ 114.1431973, 22.2883415 ], [ 114.1431997, 22.2884046 ], [ 114.143201, 22.2884408 ], [ 114.1432899, 22.288438 ], [ 114.1432862, 22.2883386 ], [ 114.1432839, 22.2882772 ], [ 114.1432826, 22.2882418 ], [ 114.1432801, 22.2881732 ], [ 114.1431912, 22.288176 ] ] ] } },
{ "type": "Feature", "properties": { "id": "1208665033", "name": "保栢中心 Bupa Centre", "shop": "nan", "highway": "nan", "railway": "nan", "leisure": "nan", "landuse": "nan", "building": "commercial" }, "geometry": { "type": "Polygon", "coordinates": [ [ [ 114.1430592, 22.2881802 ], [ 114.1430636, 22.2882966 ], [ 114.1430677, 22.2884088 ], [ 114.1430691, 22.288445 ], [ 114.143201, 22.2884408 ], [ 114.1431997, 22.2884046 ], [ 114.1431973, 22.2883415 ], [ 114.1431937, 22.2882446 ], [ 114.1431912, 22.288176 ], [ 114.1430592, 22.2881802 ] ] ] } },
{ "type": "Feature", "properties": { "id": "1208665037", "name": "nan", "shop": "nan", "highway": "nan", "railway": "nan", "leisure": "nan", "landuse": "nan", "building": "apartments" }, "geometry": { "type": "Polygon", "coordinates": [ [ [ 114.1435752, 22.2881491 ], [ 114.1435768, 22.2881935 ], [ 114.1436551, 22.288191 ], [ 114.1437236, 22.2881888 ], [ 114.1437219, 22.2881444 ], [ 114.1435752, 22.2881491 ] ] ] } },
{ "type": "Feature", "properties": { "id": "1208665038", "name": "金坤大廈 Kam Kwan Building", "shop": "nan", "highway": "nan", "railway": "nan", "leisure": "nan", "landuse": "nan", "building": "apartments" }, "geometry": { "type": "Polygon", "coordinates": [ [ [ 114.1432849, 22.2879979 ], [ 114.1432866, 22.2880432 ], [ 114.1432904, 22.2881458 ], [ 114.1435456, 22.2881378 ], [ 114.1435451, 22.2881231 ], [ 114.1435402, 22.2879898 ], [ 114.1432849, 22.2879979 ] ] ] } },
{ "type": "Feature", "properties": { "id": "1208665039", "name": "nan", "shop": "nan", "highway": "nan", "railway": "nan", "leisure": "nan", "landuse": "nan", "building": "apartments" }, "geometry": { "type": "Polygon", "coordinates": [ [ [ 114.1432164, 22.2881015 ], [ 114.1432143, 22.2880455 ], [ 114.1431985, 22.288046 ], [ 114.1431969, 22.2880007 ], [ 114.1432849, 22.2879979 ], [ 114.1432866, 22.2880432 ], [ 114.1432708, 22.2880437 ], [ 114.1432729, 22.2880997 ], [ 114.1432164, 22.2881015 ] ] ] } },
{ "type": "Feature", "properties": { "id": "1208665040", "name": "永發樓 Wing Fat Mansion", "shop": "nan", "highway": "nan", "railway": "nan", "leisure": "nan", "landuse": "nan", "building": "apartments" }, "geometry": { "type": "Polygon", "coordinates": [ [ [ 114.1431848, 22.2881025 ], [ 114.1431827, 22.2880465 ], [ 114.1431985, 22.288046 ], [ 114.1431969, 22.2880007 ], [ 114.1431088, 22.2880035 ], [ 114.1431105, 22.2880488 ], [ 114.1431263, 22.2880483 ], [ 114.1431284, 22.2881043 ], [ 114.1431848, 22.2881025 ] ] ] } },
{ "type": "Feature", "properties": { "id": "1208665041", "name": "nan", "shop": "nan", "highway": "nan", "railway": "nan", "leisure": "nan", "landuse": "nan", "building": "apartments" }, "geometry": { "type": "Polygon", "coordinates": [ [ [ 114.1430208, 22.2880063 ], [ 114.1430222, 22.2880449 ], [ 114.1430236, 22.2880825 ], [ 114.1430427, 22.2880818 ], [ 114.1430442, 22.2881205 ], [ 114.1430939, 22.288119 ], [ 114.1430925, 22.2880803 ], [ 114.1431116, 22.2880797 ], [ 114.1431105, 22.2880488 ], [ 114.1431088, 22.2880035 ], [ 114.1430208, 22.2880063 ] ] ] } },
{ "type": "Feature", "properties": { "id": "1208665043", "name": "高陞大廈 Koosing Building", "shop": "nan", "highway": "nan", "railway": "nan", "leisure": "nan", "landuse": "nan", "building": "residential" }, "geometry": { "type": "Polygon", "coordinates": [ [ [ 114.1430208, 22.2880063 ], [ 114.1430222, 22.2880449 ], [ 114.1430236, 22.2880825 ], [ 114.1430262, 22.2881542 ], [ 114.1429382, 22.288157 ], [ 114.1429341, 22.2880477 ], [ 114.1429327, 22.288009 ], [ 114.1430208, 22.2880063 ] ] ] } },
{ "type": "Feature", "properties": { "id": "1208665044", "name": "nan", "shop": "nan", "highway": "nan", "railway": "nan", "leisure": "nan", "landuse": "residential", "building": "apartments" }, "geometry": { "type": "Polygon", "coordinates": [ [ [ 114.1429205, 22.2881338 ], [ 114.1429173, 22.2880482 ], [ 114.1429341, 22.2880477 ], [ 114.1429327, 22.288009 ], [ 114.1428447, 22.2880118 ], [ 114.1428461, 22.2880505 ], [ 114.1428629, 22.28805 ], [ 114.1428661, 22.2881356 ], [ 114.1429205, 22.2881338 ] ] ] } },
{ "type": "Feature", "properties": { "id": "1208665045", "name": "nan", "shop": "nan", "highway": "nan", "railway": "nan", "leisure": "nan", "landuse": "residential", "building": "apartments" }, "geometry": { "type": "Polygon", "coordinates": [ [ [ 114.1428006, 22.2880132 ], [ 114.1428031, 22.2880792 ], [ 114.1428052, 22.2881375 ], [ 114.1428493, 22.2881361 ], [ 114.1428447, 22.2880118 ], [ 114.1428006, 22.2880132 ] ] ] } },
{ "type": "Feature", "properties": { "id": "1208665046", "name": "nan", "shop": "nan", "highway": "nan", "railway": "nan", "leisure": "nan", "landuse": "residential", "building": "apartments" }, "geometry": { "type": "Polygon", "coordinates": [ [ [ 114.1427242, 22.2880817 ], [ 114.1427263, 22.28814 ], [ 114.1427961, 22.2881378 ], [ 114.1427939, 22.2880795 ], [ 114.1428031, 22.2880792 ], [ 114.1428006, 22.2880132 ], [ 114.1425805, 22.2880202 ], [ 114.1425851, 22.2881445 ], [ 114.14262, 22.2881434 ], [ 114.1426178, 22.2880851 ], [ 114.1426361, 22.2880845 ], [ 114.1426383, 22.2881428 ], [ 114.142708, 22.2881406 ], [ 114.1427059, 22.2880823 ], [ 114.1427242, 22.2880817 ] ] ] } },
{ "type": "Feature", "properties": { "id": "1208847286", "name": "nan", "shop": "nan", "highway": "nan", "railway": "nan", "leisure": "nan", "landuse": "nan", "building": "apartments" }, "geometry": { "type": "Polygon", "coordinates": [ [ [ 114.1443358, 22.287749 ], [ 114.1443718, 22.2877478 ], [ 114.1443681, 22.2876477 ], [ 114.1443322, 22.2876488 ], [ 114.1443358, 22.287749 ] ] ] } },
{ "type": "Feature", "properties": { "id": "1208847287", "name": "nan", "shop": "nan", "highway": "nan", "railway": "nan", "leisure": "nan", "landuse": "nan", "building": "yes" }, "geometry": { "type": "Polygon", "coordinates": [ [ [ 114.1443634, 22.2872996 ], [ 114.1443928, 22.2872591 ], [ 114.1444227, 22.2872776 ], [ 114.1444917, 22.2871825 ], [ 114.1444767, 22.2871732 ], [ 114.1444618, 22.287164 ], [ 114.1445123, 22.2870942 ], [ 114.1444816, 22.2870752 ], [ 114.144451, 22.2870561 ], [ 114.1444004, 22.2871259 ], [ 114.1443705, 22.2871073 ], [ 114.1443016, 22.2872024 ], [ 114.1443315, 22.287221 ], [ 114.1443021, 22.2872615 ], [ 114.1443634, 22.2872996 ] ] ] } },
{ "type": "Feature", "properties": { "id": "1208847288", "name": "nan", "shop": "nan", "highway": "nan", "railway": "nan", "leisure": "nan", "landuse": "nan", "building": "apartments" }, "geometry": { "type": "Polygon", "coordinates": [ [ [ 114.1439212, 22.2870442 ], [ 114.1440009, 22.2870418 ], [ 114.1439971, 22.286938 ], [ 114.1439175, 22.2869405 ], [ 114.1439212, 22.2870442 ] ] ] } },
{ "type": "Feature", "properties": { "id": "1208847289", "name": "nan", "shop": "nan", "highway": "nan", "railway": "nan", "leisure": "nan", "landuse": "nan", "building": "apartments" }, "geometry": { "type": "Polygon", "coordinates": [ [ [ 114.1437895, 22.2869445 ], [ 114.1437929, 22.2870371 ], [ 114.1438599, 22.287035 ], [ 114.1438565, 22.2869424 ], [ 114.1437895, 22.2869445 ] ] ] } },
{ "type": "Feature", "properties": { "id": "1208847290", "name": "nan", "shop": "nan", "highway": "nan", "railway": "nan", "leisure": "nan", "landuse": "nan", "building": "apartments" }, "geometry": { "type": "Polygon", "coordinates": [ [ [ 114.1440009, 22.2870418 ], [ 114.1440407, 22.2870405 ], [ 114.1440369, 22.2869368 ], [ 114.1439971, 22.286938 ], [ 114.1440009, 22.2870418 ] ] ] } },
{ "type": "Feature", "properties": { "id": "1208847291", "name": "nan", "shop": "nan", "highway": "nan", "railway": "nan", "leisure": "nan", "landuse": "nan", "building": "apartments" }, "geometry": { "type": "Polygon", "coordinates": [ [ [ 114.1439053, 22.2877625 ], [ 114.1439008, 22.2876414 ], [ 114.143858, 22.2876427 ], [ 114.1438624, 22.2877639 ], [ 114.1439053, 22.2877625 ] ] ] } },
{ "type": "Feature", "properties": { "id": "1208847308", "name": "nan", "shop": "nan", "highway": "nan", "railway": "nan", "leisure": "nan", "landuse": "nan", "building": "commercial" }, "geometry": { "type": "Polygon", "coordinates": [ [ [ 114.1429597, 22.2877581 ], [ 114.142943, 22.2877644 ], [ 114.1429254, 22.2877678 ], [ 114.1429074, 22.2877683 ], [ 114.1428896, 22.287766 ], [ 114.1428725, 22.2877607 ], [ 114.1428692, 22.2876753 ], [ 114.1428963, 22.2876744 ], [ 114.1428956, 22.2876545 ], [ 114.1429558, 22.2876526 ], [ 114.1429597, 22.2877581 ] ] ] } },
{ "type": "Feature", "properties": { "id": "1208847310", "name": "nan", "shop": "nan", "highway": "nan", "railway": "nan", "leisure": "nan", "landuse": "nan", "building": "apartments" }, "geometry": { "type": "Polygon", "coordinates": [ [ [ 114.1428899, 22.2870912 ], [ 114.1429211, 22.2870902 ], [ 114.1429196, 22.2870495 ], [ 114.1428884, 22.2870505 ], [ 114.1428874, 22.287024 ], [ 114.1428453, 22.2870254 ], [ 114.1428484, 22.2871086 ], [ 114.1428905, 22.2871073 ], [ 114.1428899, 22.2870912 ] ] ] } },
{ "type": "Feature", "properties": { "id": "1208847311", "name": "永桂樓 Wing Kwai House", "shop": "nan", "highway": "nan", "railway": "nan", "leisure": "nan", "landuse": "nan", "building": "apartments" }, "geometry": { "type": "Polygon", "coordinates": [ [ [ 114.1427752, 22.2873049 ], [ 114.1429429, 22.2872996 ], [ 114.1429396, 22.2872106 ], [ 114.1427719, 22.2872159 ], [ 114.1427752, 22.2873049 ] ] ] } },
{ "type": "Feature", "properties": { "id": "1208847312", "name": "nan", "shop": "nan", "highway": "nan", "railway": "nan", "leisure": "nan", "landuse": "nan", "building": "apartments" }, "geometry": { "type": "Polygon", "coordinates": [ [ [ 114.1428499, 22.2876037 ], [ 114.1428708, 22.287603 ], [ 114.1428682, 22.2875312 ], [ 114.1428473, 22.2875319 ], [ 114.1428463, 22.287505 ], [ 114.1427974, 22.2875065 ], [ 114.1428021, 22.2876321 ], [ 114.1428509, 22.2876306 ], [ 114.1428499, 22.2876037 ] ] ] } },
{ "type": "Feature", "properties": { "id": "1208847315", "name": "Flora Court", "shop": "nan", "highway": "nan", "railway": "nan", "leisure": "nan", "landuse": "nan", "building": "apartments" }, "geometry": { "type": "Polygon", "coordinates": [ [ [ 114.1428435, 22.2869744 ], [ 114.1428451, 22.287019 ], [ 114.1428453, 22.2870254 ], [ 114.1428484, 22.2871086 ], [ 114.142849, 22.2871244 ], [ 114.1429363, 22.2871217 ], [ 114.1429317, 22.2869965 ], [ 114.142904, 22.2869725 ], [ 114.1428435, 22.2869744 ] ] ] } },
{ "type": "Feature", "properties": { "id": "1208847316", "name": "nan", "shop": "nan", "highway": "nan", "railway": "nan", "leisure": "nan", "landuse": "nan", "building": "apartments" }, "geometry": { "type": "Polygon", "coordinates": [ [ [ 114.1425175, 22.2870681 ], [ 114.1425156, 22.2870191 ], [ 114.1425407, 22.2870183 ], [ 114.1425395, 22.286984 ], [ 114.1424491, 22.2869869 ], [ 114.1424504, 22.2870212 ], [ 114.1424755, 22.2870204 ], [ 114.1424773, 22.2870694 ], [ 114.1425175, 22.2870681 ] ] ] } },
{ "type": "Feature", "properties": { "id": "1208847317", "name": "nan", "shop": "nan", "highway": "nan", "railway": "nan", "leisure": "nan", "landuse": "nan", "building": "apartments" }, "geometry": { "type": "Polygon", "coordinates": [ [ [ 114.1424074, 22.2870829 ], [ 114.1424292, 22.2870822 ], [ 114.1424285, 22.2870616 ], [ 114.1424518, 22.2870608 ], [ 114.1424504, 22.2870212 ], [ 114.1424491, 22.2869869 ], [ 114.1424039, 22.2869883 ], [ 114.1424066, 22.2870623 ], [ 114.1424074, 22.2870829 ] ] ] } },
{ "type": "Feature", "properties": { "id": "1208847318", "name": "nan", "shop": "nan", "highway": "nan", "railway": "nan", "leisure": "nan", "landuse": "nan", "building": "apartments" }, "geometry": { "type": "Polygon", "coordinates": [ [ [ 114.1423622, 22.2870843 ], [ 114.142384, 22.2870836 ], [ 114.1423833, 22.287063 ], [ 114.1424066, 22.2870623 ], [ 114.1424039, 22.2869883 ], [ 114.1423587, 22.2869897 ], [ 114.1423622, 22.2870843 ] ] ] } },
{ "type": "Feature", "properties": { "id": "1208847319", "name": "nan", "shop": "nan", "highway": "nan", "railway": "nan", "leisure": "nan", "landuse": "nan", "building": "apartments" }, "geometry": { "type": "Polygon", "coordinates": [ [ [ 114.1423685, 22.2872539 ], [ 114.1424281, 22.287252 ], [ 114.1424413, 22.2872516 ], [ 114.1424407, 22.2872346 ], [ 114.1424898, 22.287233 ], [ 114.1424888, 22.2872084 ], [ 114.142367, 22.2872122 ], [ 114.1423685, 22.2872539 ] ] ] } },
{ "type": "Feature", "properties": { "id": "1208847320", "name": "浩榮商業大廈 Glorious Commercial Building", "shop": "nan", "highway": "nan", "railway": "nan", "leisure": "nan", "landuse": "nan", "building": "commercial" }, "geometry": { "type": "Polygon", "coordinates": [ [ [ 114.1426939, 22.287661 ], [ 114.1426991, 22.2878006 ], [ 114.1427863, 22.2877979 ], [ 114.1427811, 22.2876582 ], [ 114.1426939, 22.287661 ] ] ] } },
{ "type": "Feature", "properties": { "id": "1208847322", "name": "nan", "shop": "nan", "highway": "nan", "railway": "nan", "leisure": "nan", "landuse": "nan", "building": "apartments" }, "geometry": { "type": "Polygon", "coordinates": [ [ [ 114.1425017, 22.2876926 ], [ 114.1425023, 22.2877085 ], [ 114.1424907, 22.2877088 ], [ 114.1424918, 22.287738 ], [ 114.1425034, 22.2877376 ], [ 114.1425044, 22.2877647 ], [ 114.1424779, 22.2877656 ], [ 114.1424785, 22.2877806 ], [ 114.1424795, 22.2878076 ], [ 114.1425698, 22.2878047 ], [ 114.1425683, 22.2877627 ], [ 114.1425417, 22.2877635 ], [ 114.1425407, 22.2877364 ], [ 114.1425524, 22.2877361 ], [ 114.1425513, 22.2877069 ], [ 114.1425396, 22.2877073 ], [ 114.1425391, 22.2876914 ], [ 114.1425017, 22.2876926 ] ] ] } },
{ "type": "Feature", "properties": { "id": "1208847323", "name": "nan", "shop": "nan", "highway": "nan", "railway": "nan", "leisure": "nan", "landuse": "nan", "building": "residential" }, "geometry": { "type": "Polygon", "coordinates": [ [ [ 114.1431337, 22.2873027 ], [ 114.1431322, 22.287261 ], [ 114.1431282, 22.2871519 ], [ 114.1430105, 22.2871556 ], [ 114.1430141, 22.2872542 ], [ 114.1430147, 22.2872701 ], [ 114.1430153, 22.2872869 ], [ 114.1430159, 22.2873027 ], [ 114.1430194, 22.2873982 ], [ 114.1431371, 22.2873945 ], [ 114.1431337, 22.2873027 ] ] ] } },
{ "type": "Feature", "properties": { "id": "1208847324", "name": "nan", "shop": "nan", "highway": "nan", "railway": "nan", "leisure": "nan", "landuse": "nan", "building": "apartments" }, "geometry": { "type": "Polygon", "coordinates": [ [ [ 114.1430248, 22.2872866 ], [ 114.1430153, 22.2872869 ], [ 114.1430159, 22.2873027 ], [ 114.1430203, 22.2873026 ], [ 114.1430211, 22.287325 ], [ 114.1430296, 22.2873247 ], [ 114.1430301, 22.2873385 ], [ 114.14304, 22.2873382 ], [ 114.1430403, 22.2873467 ], [ 114.1430346, 22.2873469 ], [ 114.1430354, 22.2873689 ], [ 114.1430825, 22.2873674 ], [ 114.1430822, 22.2873615 ], [ 114.1430899, 22.2873612 ], [ 114.1430889, 22.2873331 ], [ 114.1430912, 22.287333 ], [ 114.1430903, 22.28731 ], [ 114.1431276, 22.2873088 ], [ 114.1431337, 22.2873027 ], [ 114.1431322, 22.287261 ], [ 114.1431069, 22.2872392 ], [ 114.1430919, 22.2872397 ], [ 114.1430912, 22.2872209 ], [ 114.143087, 22.287221 ], [ 114.1430859, 22.2871911 ], [ 114.143076, 22.2871914 ], [ 114.1430758, 22.2871855 ], [ 114.1430287, 22.2871869 ], [ 114.1430295, 22.2872089 ], [ 114.1430352, 22.2872088 ], [ 114.1430355, 22.2872173 ], [ 114.1430257, 22.2872176 ], [ 114.1430262, 22.2872314 ], [ 114.1430177, 22.2872317 ], [ 114.1430185, 22.2872541 ], [ 114.1430141, 22.2872542 ], [ 114.1430147, 22.2872701 ], [ 114.1430241, 22.2872698 ], [ 114.1430248, 22.2872866 ] ] ] } },
{ "type": "Feature", "properties": { "id": "1208847325", "name": "nan", "shop": "nan", "highway": "nan", "railway": "nan", "leisure": "nan", "landuse": "nan", "building": "apartments" }, "geometry": { "type": "Polygon", "coordinates": [ [ [ 114.1431576, 22.2870086 ], [ 114.1431561, 22.286969 ], [ 114.1431095, 22.2869705 ], [ 114.1431115, 22.2870259 ], [ 114.1430682, 22.2870272 ], [ 114.1430699, 22.2870756 ], [ 114.143188, 22.2870719 ], [ 114.1431898, 22.2871217 ], [ 114.1432428, 22.28712 ], [ 114.1432409, 22.2870702 ], [ 114.1432633, 22.2870695 ], [ 114.1432616, 22.2870211 ], [ 114.1432182, 22.2870225 ], [ 114.1432162, 22.2869671 ], [ 114.1431695, 22.2869686 ], [ 114.143171, 22.2870082 ], [ 114.1431576, 22.2870086 ] ] ] } },
{ "type": "Feature", "properties": { "id": "1208847326", "name": "桂香街公廁 Kwai Heung Street Public Toilet", "shop": "nan", "highway": "nan", "railway": "nan", "leisure": "nan", "landuse": "nan", "building": "toilets" }, "geometry": { "type": "Polygon", "coordinates": [ [ [ 114.1431608, 22.2874184 ], [ 114.1430548, 22.2874218 ], [ 114.1430592, 22.287543 ], [ 114.1430743, 22.2875425 ], [ 114.1431653, 22.2875397 ], [ 114.1431608, 22.2874184 ] ] ] } },
{ "type": "Feature", "properties": { "id": "1208847327", "name": "nan", "shop": "nan", "highway": "nan", "railway": "nan", "leisure": "nan", "landuse": "nan", "building": "yes" }, "geometry": { "type": "Polygon", "coordinates": [ [ [ 114.1432986, 22.2873318 ], [ 114.1432954, 22.2872456 ], [ 114.1431546, 22.2872501 ], [ 114.1431578, 22.2873362 ], [ 114.1432986, 22.2873318 ] ] ] } },
{ "type": "Feature", "properties": { "id": "1208847328", "name": "nan", "shop": "nan", "highway": "nan", "railway": "nan", "leisure": "nan", "landuse": "nan", "building": "apartments" }, "geometry": { "type": "Polygon", "coordinates": [ [ [ 114.1431885, 22.2876274 ], [ 114.1433093, 22.2876236 ], [ 114.1433077, 22.2875794 ], [ 114.1431869, 22.2875832 ], [ 114.1431885, 22.2876274 ] ] ] } },
{ "type": "Feature", "properties": { "id": "1208847329", "name": "nan", "shop": "nan", "highway": "nan", "railway": "nan", "leisure": "nan", "landuse": "nan", "building": "apartments" }, "geometry": { "type": "Polygon", "coordinates": [ [ [ 114.1430279, 22.2876324 ], [ 114.1430775, 22.2876309 ], [ 114.1430769, 22.2876141 ], [ 114.1431145, 22.287613 ], [ 114.1431125, 22.2875581 ], [ 114.1430749, 22.2875593 ], [ 114.1430743, 22.2875425 ], [ 114.1430592, 22.287543 ], [ 114.1430247, 22.2875441 ], [ 114.1430279, 22.2876324 ] ] ] } },
{ "type": "Feature", "properties": { "id": "1208847331", "name": "nan", "shop": "nan", "highway": "nan", "railway": "nan", "leisure": "nan", "landuse": "nan", "building": "hotel" }, "geometry": { "type": "Polygon", "coordinates": [ [ [ 114.1433609, 22.2870572 ], [ 114.1434582, 22.2870541 ], [ 114.143459, 22.2870772 ], [ 114.1434683, 22.2870852 ], [ 114.1434854, 22.2870846 ], [ 114.1434941, 22.287076 ], [ 114.1434932, 22.287053 ], [ 114.1436816, 22.2870471 ], [ 114.1436779, 22.286948 ], [ 114.1433573, 22.286958 ], [ 114.1433609, 22.2870572 ] ] ] } },
{ "type": "Feature", "properties": { "id": "1208847332", "name": "nan", "shop": "nan", "highway": "nan", "railway": "nan", "leisure": "nan", "landuse": "nan", "building": "apartments" }, "geometry": { "type": "Polygon", "coordinates": [ [ [ 114.1435435, 22.2873213 ], [ 114.143542, 22.2872808 ], [ 114.14369, 22.2872762 ], [ 114.1436915, 22.2873167 ], [ 114.1435435, 22.2873213 ] ] ] } },
{ "type": "Feature", "properties": { "id": "1208847333", "name": "nan", "shop": "nan", "highway": "nan", "railway": "nan", "leisure": "nan", "landuse": "nan", "building": "apartments" }, "geometry": { "type": "Polygon", "coordinates": [ [ [ 114.1434747, 22.2875742 ], [ 114.1433805, 22.2875771 ], [ 114.1433821, 22.2876213 ], [ 114.1434764, 22.2876183 ], [ 114.1434747, 22.2875742 ] ] ] } },
{ "type": "Feature", "properties": { "id": "1208847334", "name": "nan", "shop": "nan", "highway": "nan", "railway": "nan", "leisure": "nan", "landuse": "nan", "building": "apartments" }, "geometry": { "type": "Polygon", "coordinates": [ [ [ 114.1433805, 22.2875771 ], [ 114.1434747, 22.2875742 ], [ 114.1434731, 22.28753 ], [ 114.1433788, 22.287533 ], [ 114.1433805, 22.2875771 ] ] ] } },
{ "type": "Feature", "properties": { "id": "1208847335", "name": "伯惠酒店 WE hotel", "shop": "nan", "highway": "nan", "railway": "nan", "leisure": "nan", "landuse": "nan", "building": "apartments" }, "geometry": { "type": "Polygon", "coordinates": [ [ [ 114.1435435, 22.2873213 ], [ 114.1435465, 22.2874024 ], [ 114.1436944, 22.2873977 ], [ 114.1436915, 22.2873167 ], [ 114.1435435, 22.2873213 ] ] ] } },
{ "type": "Feature", "properties": { "id": "1208847337", "name": "nan", "shop": "nan", "highway": "nan", "railway": "nan", "leisure": "nan", "landuse": "nan", "building": "apartments" }, "geometry": { "type": "Polygon", "coordinates": [ [ [ 114.1435375, 22.2871593 ], [ 114.1435405, 22.2872403 ], [ 114.1436885, 22.2872356 ], [ 114.1436855, 22.2871546 ], [ 114.143565, 22.2871584 ], [ 114.1435375, 22.2871593 ] ] ] } },
{ "type": "Feature", "properties": { "id": "1208847346", "name": "nan", "shop": "nan", "highway": "nan", "railway": "nan", "leisure": "nan", "landuse": "nan", "building": "apartments" }, "geometry": { "type": "Polygon", "coordinates": [ [ [ 114.141306, 22.2874504 ], [ 114.141307, 22.2874792 ], [ 114.1412985, 22.2874794 ], [ 114.1412997, 22.2875127 ], [ 114.1413209, 22.2875121 ], [ 114.1413212, 22.2875208 ], [ 114.1413824, 22.287519 ], [ 114.1413821, 22.2875102 ], [ 114.1414033, 22.2875096 ], [ 114.1414021, 22.2874763 ], [ 114.1413936, 22.2874766 ], [ 114.1413934, 22.2874706 ], [ 114.1414024, 22.2874703 ], [ 114.1414023, 22.2874685 ], [ 114.1414129, 22.2874682 ], [ 114.1414122, 22.2874481 ], [ 114.1414016, 22.2874484 ], [ 114.1413998, 22.2873977 ], [ 114.1414104, 22.2873974 ], [ 114.1414089, 22.2873536 ], [ 114.1413983, 22.287354 ], [ 114.1413966, 22.2873055 ], [ 114.1414072, 22.2873052 ], [ 114.1414057, 22.2872618 ], [ 114.1413951, 22.2872621 ], [ 114.1413942, 22.2872357 ], [ 114.1413344, 22.2872375 ], [ 114.141335, 22.2872533 ], [ 114.1412982, 22.2872544 ], [ 114.1412989, 22.2872759 ], [ 114.1412809, 22.2872764 ], [ 114.1412816, 22.2872956 ], [ 114.1412925, 22.2872953 ], [ 114.141293, 22.2873091 ], [ 114.1412821, 22.2873094 ], [ 114.1412833, 22.2873449 ], [ 114.1412942, 22.2873446 ], [ 114.1412954, 22.287379 ], [ 114.1412845, 22.2873793 ], [ 114.1412851, 22.2873973 ], [ 114.141296, 22.287397 ], [ 114.1412976, 22.2874432 ], [ 114.141306, 22.2874504 ] ] ] } },
{ "type": "Feature", "properties": { "id": "1208847347", "name": "nan", "shop": "nan", "highway": "nan", "railway": "nan", "leisure": "nan", "landuse": "nan", "building": "yes" }, "geometry": { "type": "Polygon", "coordinates": [ [ [ 114.141777, 22.287603 ], [ 114.1418002, 22.2876023 ], [ 114.1418006, 22.2876086 ], [ 114.1418098, 22.2876083 ], [ 114.1418087, 22.287577 ], [ 114.1418075, 22.2875449 ], [ 114.1418038, 22.2874445 ], [ 114.1418024, 22.2874079 ], [ 114.1418006, 22.2873605 ], [ 114.1417992, 22.2873424 ], [ 114.1417923, 22.2873426 ], [ 114.1417927, 22.287348 ], [ 114.1417569, 22.2873491 ], [ 114.1417505, 22.2873493 ], [ 114.1417527, 22.2873127 ], [ 114.1416834, 22.2873149 ], [ 114.1416816, 22.2873452 ], [ 114.1416724, 22.2873455 ], [ 114.1416738, 22.2873827 ], [ 114.1416751, 22.2874183 ], [ 114.1416763, 22.2874522 ], [ 114.1416776, 22.287486 ], [ 114.1416788, 22.2875199 ], [ 114.1416802, 22.2875558 ], [ 114.1416816, 22.2875933 ], [ 114.141683, 22.2876114 ], [ 114.141686, 22.2876113 ], [ 114.1416836, 22.2876517 ], [ 114.1417742, 22.2876488 ], [ 114.141777, 22.287603 ] ] ] } },
{ "type": "Feature", "properties": { "id": "1208847352", "name": "nan", "shop": "nan", "highway": "nan", "railway": "nan", "leisure": "nan", "landuse": "nan", "building": "apartments" }, "geometry": { "type": "Polygon", "coordinates": [ [ [ 114.1418804, 22.2873203 ], [ 114.1418821, 22.2873642 ], [ 114.1419961, 22.2873606 ], [ 114.1419944, 22.2873166 ], [ 114.1419467, 22.2873182 ], [ 114.1418804, 22.2873203 ] ] ] } },
{ "type": "Feature", "properties": { "id": "1208847354", "name": "nan", "shop": "nan", "highway": "nan", "railway": "nan", "leisure": "nan", "landuse": "nan", "building": "apartments" }, "geometry": { "type": "Polygon", "coordinates": [ [ [ 114.142146, 22.2873825 ], [ 114.1421475, 22.2874236 ], [ 114.1421656, 22.287423 ], [ 114.1422533, 22.2874202 ], [ 114.1422517, 22.2873792 ], [ 114.142146, 22.2873825 ] ] ] } },
{ "type": "Feature", "properties": { "id": "1208847355", "name": "nan", "shop": "nan", "highway": "nan", "railway": "nan", "leisure": "nan", "landuse": "nan", "building": "apartments" }, "geometry": { "type": "Polygon", "coordinates": [ [ [ 114.1421445, 22.2873414 ], [ 114.142146, 22.2873825 ], [ 114.1422517, 22.2873792 ], [ 114.1422502, 22.2873381 ], [ 114.1421445, 22.2873414 ] ] ] } },
{ "type": "Feature", "properties": { "id": "1208847356", "name": "nan", "shop": "nan", "highway": "nan", "railway": "nan", "leisure": "nan", "landuse": "nan", "building": "apartments" }, "geometry": { "type": "Polygon", "coordinates": [ [ [ 114.142143, 22.2873004 ], [ 114.1421445, 22.2873414 ], [ 114.1422502, 22.2873381 ], [ 114.1422487, 22.287297 ], [ 114.142143, 22.2873004 ] ] ] } },
{ "type": "Feature", "properties": { "id": "1208847357", "name": "nan", "shop": "nan", "highway": "nan", "railway": "nan", "leisure": "nan", "landuse": "nan", "building": "apartments" }, "geometry": { "type": "Polygon", "coordinates": [ [ [ 114.1421415, 22.2872593 ], [ 114.142143, 22.2873004 ], [ 114.1422487, 22.287297 ], [ 114.1422472, 22.287256 ], [ 114.1421415, 22.2872593 ] ] ] } },
{ "type": "Feature", "properties": { "id": "1208847358", "name": "nan", "shop": "nan", "highway": "nan", "railway": "nan", "leisure": "nan", "landuse": "nan", "building": "apartments" }, "geometry": { "type": "Polygon", "coordinates": [ [ [ 114.1421384, 22.2871772 ], [ 114.1421415, 22.2872593 ], [ 114.1422472, 22.287256 ], [ 114.1422442, 22.2871738 ], [ 114.1421384, 22.2871772 ] ] ] } },
{ "type": "Feature", "properties": { "id": "1208847359", "name": "nan", "shop": "nan", "highway": "nan", "railway": "nan", "leisure": "nan", "landuse": "nan", "building": "apartments" }, "geometry": { "type": "Polygon", "coordinates": [ [ [ 114.1416189, 22.2870666 ], [ 114.1416392, 22.287066 ], [ 114.1416372, 22.2870126 ], [ 114.1414428, 22.2870187 ], [ 114.1414476, 22.2871476 ], [ 114.1415001, 22.2871459 ], [ 114.1415005, 22.2871562 ], [ 114.1415904, 22.2871534 ], [ 114.1415896, 22.2871317 ], [ 114.1416212, 22.2871307 ], [ 114.1416189, 22.2870666 ] ] ] } },
{ "type": "Feature", "properties": { "id": "1208847360", "name": "nan", "shop": "nan", "highway": "nan", "railway": "nan", "leisure": "nan", "landuse": "nan", "building": "apartments" }, "geometry": { "type": "Polygon", "coordinates": [ [ [ 114.1421932, 22.2870686 ], [ 114.1421936, 22.2870811 ], [ 114.1422212, 22.2870803 ], [ 114.1422203, 22.2870583 ], [ 114.1422399, 22.2870577 ], [ 114.1422375, 22.2869936 ], [ 114.1421904, 22.2869951 ], [ 114.1421932, 22.2870686 ] ] ] } },
{ "type": "Feature", "properties": { "id": "1208847361", "name": "nan", "shop": "nan", "highway": "nan", "railway": "nan", "leisure": "nan", "landuse": "nan", "building": "apartments" }, "geometry": { "type": "Polygon", "coordinates": [ [ [ 114.1421461, 22.2870701 ], [ 114.1421932, 22.2870686 ], [ 114.1421904, 22.2869951 ], [ 114.1421434, 22.2869966 ], [ 114.1421461, 22.2870701 ] ] ] } },
{ "type": "Feature", "properties": { "id": "1208847362", "name": "nan", "shop": "nan", "highway": "nan", "railway": "nan", "leisure": "nan", "landuse": "nan", "building": "apartments" }, "geometry": { "type": "Polygon", "coordinates": [ [ [ 114.1420963, 22.2869981 ], [ 114.1420985, 22.2870554 ], [ 114.1420991, 22.2870716 ], [ 114.1421461, 22.2870701 ], [ 114.1421434, 22.2869966 ], [ 114.1420963, 22.2869981 ] ] ] } },
{ "type": "Feature", "properties": { "id": "1208847363", "name": "nan", "shop": "nan", "highway": "nan", "railway": "nan", "leisure": "nan", "landuse": "nan", "building": "apartments" }, "geometry": { "type": "Polygon", "coordinates": [ [ [ 114.1420022, 22.287001 ], [ 114.1420044, 22.2870584 ], [ 114.1420049, 22.2870746 ], [ 114.1419579, 22.2870761 ], [ 114.1419552, 22.2870025 ], [ 114.1420022, 22.287001 ] ] ] } },
{ "type": "Feature", "properties": { "id": "1208847364", "name": "nan", "shop": "nan", "highway": "nan", "railway": "nan", "leisure": "nan", "landuse": "nan", "building": "apartments" }, "geometry": { "type": "Polygon", "coordinates": [ [ [ 114.1420816, 22.2870841 ], [ 114.1420806, 22.287056 ], [ 114.1420985, 22.2870554 ], [ 114.1420963, 22.2869981 ], [ 114.1420022, 22.287001 ], [ 114.1420044, 22.2870584 ], [ 114.1420222, 22.2870578 ], [ 114.1420233, 22.2870859 ], [ 114.1420816, 22.2870841 ] ] ] } },
{ "type": "Feature", "properties": { "id": "1208847365", "name": "nan", "shop": "nan", "highway": "nan", "railway": "nan", "leisure": "nan", "landuse": "nan", "building": "apartments" }, "geometry": { "type": "Polygon", "coordinates": [ [ [ 114.1416762, 22.2872368 ], [ 114.1416778, 22.2872798 ], [ 114.1418205, 22.2872753 ], [ 114.1418189, 22.2872323 ], [ 114.1416762, 22.2872368 ] ] ] } },
{ "type": "Feature", "properties": { "id": "1208847366", "name": "nan", "shop": "nan", "highway": "nan", "railway": "nan", "leisure": "nan", "landuse": "nan", "building": "apartments" }, "geometry": { "type": "Polygon", "coordinates": [ [ [ 114.1416746, 22.2871938 ], [ 114.1416762, 22.2872368 ], [ 114.1418189, 22.2872323 ], [ 114.1418173, 22.2871893 ], [ 114.1416746, 22.2871938 ] ] ] } },
{ "type": "Feature", "properties": { "id": "1208847370", "name": "nan", "shop": "nan", "highway": "nan", "railway": "nan", "leisure": "nan", "landuse": "nan", "building": "yes" }, "geometry": { "type": "Polygon", "coordinates": [ [ [ 114.1414703, 22.2876076 ], [ 114.1415061, 22.2876065 ], [ 114.1415419, 22.2876054 ], [ 114.1415357, 22.2874379 ], [ 114.1414642, 22.2874402 ], [ 114.1414703, 22.2876076 ] ] ] } },
{ "type": "Feature", "properties": { "id": "1208847371", "name": "nan", "shop": "nan", "highway": "nan", "railway": "nan", "leisure": "nan", "landuse": "nan", "building": "apartments" }, "geometry": { "type": "Polygon", "coordinates": [ [ [ 114.1411458, 22.2871789 ], [ 114.1411975, 22.2871773 ], [ 114.1411958, 22.2871296 ], [ 114.1412167, 22.287129 ], [ 114.1412155, 22.2870977 ], [ 114.1411946, 22.2870984 ], [ 114.1411928, 22.2870507 ], [ 114.1411411, 22.2870524 ], [ 114.1411429, 22.2871 ], [ 114.141125, 22.2871006 ], [ 114.1411261, 22.2871318 ], [ 114.141144, 22.2871313 ], [ 114.1411458, 22.2871789 ] ] ] } },
{ "type": "Feature", "properties": { "id": "1208847372", "name": "nan", "shop": "nan", "highway": "nan", "railway": "nan", "leisure": "nan", "landuse": "nan", "building": "apartments" }, "geometry": { "type": "Polygon", "coordinates": [ [ [ 114.1408549, 22.287155 ], [ 114.1408837, 22.2871541 ], [ 114.140885, 22.2871876 ], [ 114.1409216, 22.2871864 ], [ 114.1409176, 22.2870786 ], [ 114.140881, 22.2870797 ], [ 114.1408822, 22.2871133 ], [ 114.1408534, 22.2871142 ], [ 114.1408549, 22.287155 ] ] ] } },
{ "type": "Feature", "properties": { "id": "1208847373", "name": "nan", "shop": "nan", "highway": "nan", "railway": "nan", "leisure": "nan", "landuse": "nan", "building": "apartments" }, "geometry": { "type": "Polygon", "coordinates": [ [ [ 114.140956, 22.287165 ], [ 114.1409544, 22.2871226 ], [ 114.1409645, 22.2871223 ], [ 114.1409637, 22.2871007 ], [ 114.1409436, 22.2871013 ], [ 114.1409412, 22.2870346 ], [ 114.1410317, 22.2870318 ], [ 114.1410342, 22.2870985 ], [ 114.1410142, 22.2870991 ], [ 114.141015, 22.2871207 ], [ 114.141025, 22.2871204 ], [ 114.1410266, 22.2871627 ], [ 114.140956, 22.287165 ] ] ] } },
{ "type": "Feature", "properties": { "id": "1208847374", "name": "nan", "shop": "nan", "highway": "nan", "railway": "nan", "leisure": "nan", "landuse": "nan", "building": "apartments" }, "geometry": { "type": "Polygon", "coordinates": [ [ [ 114.1411172, 22.2871599 ], [ 114.1411156, 22.2871175 ], [ 114.1411055, 22.2871179 ], [ 114.1411047, 22.2870962 ], [ 114.1411248, 22.2870956 ], [ 114.1411223, 22.2870289 ], [ 114.1410317, 22.2870318 ], [ 114.1410342, 22.2870985 ], [ 114.1410543, 22.2870978 ], [ 114.1410551, 22.2871195 ], [ 114.141045, 22.2871198 ], [ 114.1410465, 22.2871621 ], [ 114.1411172, 22.2871599 ] ] ] } },
{ "type": "Feature", "properties": { "id": "1208847375", "name": "nan", "shop": "nan", "highway": "nan", "railway": "nan", "leisure": "nan", "landuse": "nan", "building": "residential" }, "geometry": { "type": "Polygon", "coordinates": [ [ [ 114.1410711, 22.2876432 ], [ 114.141089, 22.2876427 ], [ 114.1411165, 22.2876418 ], [ 114.1411842, 22.2876398 ], [ 114.1411839, 22.2876291 ], [ 114.141183, 22.2876044 ], [ 114.1411823, 22.2875858 ], [ 114.1411815, 22.287564 ], [ 114.141181, 22.2875402 ], [ 114.1411793, 22.2874924 ], [ 114.1411777, 22.2874467 ], [ 114.141176, 22.2873997 ], [ 114.1411748, 22.2873653 ], [ 114.1411254, 22.2873669 ], [ 114.1411126, 22.2873673 ], [ 114.1411122, 22.2873551 ], [ 114.1410936, 22.2873557 ], [ 114.1410938, 22.2873591 ], [ 114.1410674, 22.2873599 ], [ 114.1410613, 22.2873601 ], [ 114.1410624, 22.287391 ], [ 114.14105, 22.2873914 ], [ 114.1410505, 22.287405 ], [ 114.1410556, 22.2874048 ], [ 114.1410564, 22.2874289 ], [ 114.141059, 22.2875004 ], [ 114.1410597, 22.2875203 ], [ 114.1410576, 22.2875203 ], [ 114.1410585, 22.2875448 ], [ 114.1410592, 22.287564 ], [ 114.1410595, 22.2875718 ], [ 114.1410685, 22.2875716 ], [ 114.1410711, 22.2876432 ] ] ] } },
{ "type": "Feature", "properties": { "id": "1208847377", "name": "nan", "shop": "nan", "highway": "nan", "railway": "nan", "leisure": "nan", "landuse": "nan", "building": "apartments" }, "geometry": { "type": "Polygon", "coordinates": [ [ [ 114.1408629, 22.2873708 ], [ 114.1408964, 22.2873697 ], [ 114.1408957, 22.2873492 ], [ 114.1409317, 22.2873481 ], [ 114.1409314, 22.287341 ], [ 114.1409967, 22.287339 ], [ 114.1409957, 22.2873123 ], [ 114.1409304, 22.2873143 ], [ 114.1409302, 22.2873073 ], [ 114.1408941, 22.2873084 ], [ 114.1408934, 22.2872879 ], [ 114.1408599, 22.287289 ], [ 114.1408629, 22.2873708 ] ] ] } },
{ "type": "Feature", "properties": { "id": "1208847378", "name": "nan", "shop": "nan", "highway": "nan", "railway": "nan", "leisure": "nan", "landuse": "nan", "building": "apartments" }, "geometry": { "type": "Polygon", "coordinates": [ [ [ 114.1408629, 22.2873708 ], [ 114.1408644, 22.2874117 ], [ 114.1409669, 22.2874084 ], [ 114.1409654, 22.2873675 ], [ 114.1408964, 22.2873697 ], [ 114.1408629, 22.2873708 ] ] ] } },
{ "type": "Feature", "properties": { "id": "1208847379", "name": "nan", "shop": "nan", "highway": "nan", "railway": "nan", "leisure": "nan", "landuse": "nan", "building": "apartments" }, "geometry": { "type": "Polygon", "coordinates": [ [ [ 114.1408659, 22.2874526 ], [ 114.1409684, 22.2874493 ], [ 114.1409669, 22.2874084 ], [ 114.1408644, 22.2874117 ], [ 114.1408659, 22.2874526 ] ] ] } },
{ "type": "Feature", "properties": { "id": "1208847380", "name": "nan", "shop": "nan", "highway": "nan", "railway": "nan", "leisure": "nan", "landuse": "nan", "building": "apartments" }, "geometry": { "type": "Polygon", "coordinates": [ [ [ 114.1408674, 22.2874935 ], [ 114.1409662, 22.2874904 ], [ 114.1410017, 22.2874892 ], [ 114.1410002, 22.2874483 ], [ 114.1409684, 22.2874493 ], [ 114.1408659, 22.2874526 ], [ 114.1408674, 22.2874935 ] ] ] } },
{ "type": "Feature", "properties": { "id": "1208847381", "name": "nan", "shop": "nan", "highway": "nan", "railway": "nan", "leisure": "nan", "landuse": "nan", "building": "apartments" }, "geometry": { "type": "Polygon", "coordinates": [ [ [ 114.140872, 22.2876162 ], [ 114.1409444, 22.2876139 ], [ 114.1410062, 22.2876119 ], [ 114.1410047, 22.287571 ], [ 114.1409693, 22.2875722 ], [ 114.1408705, 22.2875753 ], [ 114.140872, 22.2876162 ] ] ] } },
{ "type": "Feature", "properties": { "id": "1208847382", "name": "nan", "shop": "nan", "highway": "nan", "railway": "nan", "leisure": "nan", "landuse": "nan", "building": "apartments" }, "geometry": { "type": "Polygon", "coordinates": [ [ [ 114.1408809, 22.2878582 ], [ 114.1409766, 22.2878552 ], [ 114.1409713, 22.2877129 ], [ 114.1408757, 22.287716 ], [ 114.1408762, 22.2877307 ], [ 114.1408809, 22.2878582 ] ] ] } },
{ "type": "Feature", "properties": { "id": "1208847383", "name": "nan", "shop": "nan", "highway": "nan", "railway": "nan", "leisure": "nan", "landuse": "nan", "building": "apartments" }, "geometry": { "type": "Polygon", "coordinates": [ [ [ 114.1409766, 22.2878552 ], [ 114.1410722, 22.2878522 ], [ 114.141067, 22.2877099 ], [ 114.1409713, 22.2877129 ], [ 114.1409766, 22.2878552 ] ] ] } },
{ "type": "Feature", "properties": { "id": "1208847384", "name": "明興大廈 Ming Hing Building", "shop": "nan", "highway": "nan", "railway": "nan", "leisure": "nan", "landuse": "residential", "building": "apartments" }, "geometry": { "type": "Polygon", "coordinates": [ [ [ 114.1410722, 22.2878522 ], [ 114.1411679, 22.2878491 ], [ 114.1411626, 22.2877069 ], [ 114.141067, 22.2877099 ], [ 114.1410722, 22.2878522 ] ] ] } },
{ "type": "Feature", "properties": { "id": "1208847385", "name": "nan", "shop": "nan", "highway": "nan", "railway": "nan", "leisure": "nan", "landuse": "nan", "building": "apartments" }, "geometry": { "type": "Polygon", "coordinates": [ [ [ 114.1422161, 22.287816 ], [ 114.1422678, 22.2878143 ], [ 114.1422627, 22.2876752 ], [ 114.142211, 22.2876768 ], [ 114.1422161, 22.287816 ] ] ] } },
{ "type": "Feature", "properties": { "id": "1208847387", "name": "nan", "shop": "nan", "highway": "nan", "railway": "nan", "leisure": "nan", "landuse": "nan", "building": "apartments" }, "geometry": { "type": "Polygon", "coordinates": [ [ [ 114.1421128, 22.2878192 ], [ 114.1421076, 22.2876801 ], [ 114.142211, 22.2876768 ], [ 114.1422161, 22.287816 ], [ 114.1421128, 22.2878192 ] ] ] } },
{ "type": "Feature", "properties": { "id": "1210302040", "name": "nan", "shop": "nan", "highway": "nan", "railway": "nan", "leisure": "nan", "landuse": "nan", "building": "apartments" }, "geometry": { "type": "Polygon", "coordinates": [ [ [ 114.1437569, 22.2866661 ], [ 114.1438478, 22.2866633 ], [ 114.1438464, 22.2866254 ], [ 114.1437952, 22.286627 ], [ 114.1437555, 22.2866283 ], [ 114.1437569, 22.2866661 ] ] ] } },
{ "type": "Feature", "properties": { "id": "1210302090", "name": "nan", "shop": "nan", "highway": "nan", "railway": "nan", "leisure": "nan", "landuse": "nan", "building": "commercial" }, "geometry": { "type": "Polygon", "coordinates": [ [ [ 114.1440482, 22.2879961 ], [ 114.1440503, 22.2880519 ], [ 114.1440194, 22.2880529 ], [ 114.1440211, 22.288099 ], [ 114.1440218, 22.2881167 ], [ 114.1441778, 22.2881118 ], [ 114.1441754, 22.2880479 ], [ 114.1441445, 22.2880489 ], [ 114.1441424, 22.2879931 ], [ 114.1440482, 22.2879961 ] ] ] } },
{ "type": "Feature", "properties": { "id": "1210302091", "name": "鴻昌商業大廈 Hung Cheong House", "shop": "nan", "highway": "nan", "railway": "nan", "leisure": "nan", "landuse": "nan", "building": "commercial" }, "geometry": { "type": "Polygon", "coordinates": [ [ [ 114.1440173, 22.287997 ], [ 114.1440194, 22.2880529 ], [ 114.1440211, 22.288099 ], [ 114.1440218, 22.2881167 ], [ 114.1440233, 22.2881589 ], [ 114.1441794, 22.2881539 ], [ 114.1441778, 22.2881118 ], [ 114.1441754, 22.2880479 ], [ 114.1441733, 22.2879921 ], [ 114.1441424, 22.2879931 ], [ 114.1440482, 22.2879961 ], [ 114.1440173, 22.287997 ] ] ] } },
{ "type": "Feature", "properties": { "id": "1210302092", "name": "確利達中心 Qualipak Tower", "shop": "nan", "highway": "nan", "railway": "nan", "leisure": "nan", "landuse": "nan", "building": "commercial" }, "geometry": { "type": "Polygon", "coordinates": [ [ [ 114.1441164, 22.2882479 ], [ 114.1441225, 22.2884116 ], [ 114.1442121, 22.2884087 ], [ 114.144206, 22.288245 ], [ 114.1441164, 22.2882479 ] ] ] } },
{ "type": "Feature", "properties": { "id": "1210302093", "name": "安順大廈 On Shun Building", "shop": "nan", "highway": "nan", "railway": "nan", "leisure": "nan", "landuse": "nan", "building": "apartments" }, "geometry": { "type": "Polygon", "coordinates": [ [ [ 114.1439372, 22.2882535 ], [ 114.1439433, 22.2884173 ], [ 114.1440329, 22.2884144 ], [ 114.1440268, 22.2882507 ], [ 114.1439372, 22.2882535 ] ] ] } },
{ "type": "Feature", "properties": { "id": "1210302094", "name": "寶豐大廈 Po Fung Mansion", "shop": "nan", "highway": "nan", "railway": "nan", "leisure": "nan", "landuse": "nan", "building": "apartments" }, "geometry": { "type": "Polygon", "coordinates": [ [ [ 114.1438475, 22.2882564 ], [ 114.1438535, 22.2884201 ], [ 114.1439433, 22.2884173 ], [ 114.1439372, 22.2882535 ], [ 114.1438475, 22.2882564 ] ] ] } },
{ "type": "Feature", "properties": { "id": "1210302095", "name": "nan", "shop": "nan", "highway": "nan", "railway": "nan", "leisure": "nan", "landuse": "nan", "building": "apartments" }, "geometry": { "type": "Polygon", "coordinates": [ [ [ 114.1440165, 22.2879746 ], [ 114.1439269, 22.2879775 ], [ 114.1439297, 22.2880528 ], [ 114.1439315, 22.2881018 ], [ 114.1440211, 22.288099 ], [ 114.1440194, 22.2880529 ], [ 114.1440173, 22.287997 ], [ 114.1440165, 22.2879746 ] ] ] } },
{ "type": "Feature", "properties": { "id": "1210302112", "name": "nan", "shop": "nan", "highway": "nan", "railway": "nan", "leisure": "nan", "landuse": "nan", "building": "residential" }, "geometry": { "type": "Polygon", "coordinates": [ [ [ 114.1448857, 22.2867688 ], [ 114.1449379, 22.2868232 ], [ 114.1449706, 22.2868573 ], [ 114.1449991, 22.286887 ], [ 114.145201, 22.286721 ], [ 114.1451725, 22.2866914 ], [ 114.1451398, 22.2866572 ], [ 114.1450876, 22.2866029 ], [ 114.1448857, 22.2867688 ] ] ] } },
{ "type": "Feature", "properties": { "id": "1210302113", "name": "nan", "shop": "nan", "highway": "nan", "railway": "nan", "leisure": "nan", "landuse": "nan", "building": "apartments" }, "geometry": { "type": "Polygon", "coordinates": [ [ [ 114.1450834, 22.286776 ], [ 114.1450927, 22.2867857 ], [ 114.1451455, 22.2867423 ], [ 114.1451382, 22.2867347 ], [ 114.1451732, 22.2867059 ], [ 114.1451651, 22.2866975 ], [ 114.1451725, 22.2866914 ], [ 114.1451398, 22.2866572 ], [ 114.1451062, 22.2866848 ], [ 114.1450941, 22.2866722 ], [ 114.1450479, 22.2867102 ], [ 114.1450359, 22.2866977 ], [ 114.1450264, 22.2866971 ], [ 114.1450213, 22.2867013 ], [ 114.1450129, 22.2866925 ], [ 114.1449692, 22.2867285 ], [ 114.1449815, 22.2867413 ], [ 114.14497, 22.2867506 ], [ 114.1449827, 22.2867638 ], [ 114.1449593, 22.286783 ], [ 114.1449714, 22.2867956 ], [ 114.1449379, 22.2868232 ], [ 114.1449706, 22.2868573 ], [ 114.144978, 22.2868512 ], [ 114.1449861, 22.2868596 ], [ 114.1450212, 22.2868308 ], [ 114.1450285, 22.2868385 ], [ 114.1450813, 22.2867951 ], [ 114.145072, 22.2867854 ], [ 114.1450834, 22.286776 ] ] ] } },
{ "type": "Feature", "properties": { "id": "1210302114", "name": "nan", "shop": "nan", "highway": "nan", "railway": "nan", "leisure": "nan", "landuse": "nan", "building": "apartments" }, "geometry": { "type": "Polygon", "coordinates": [ [ [ 114.1447952, 22.2868661 ], [ 114.1448531, 22.2869265 ], [ 114.1448679, 22.2869144 ], [ 114.144911, 22.2869594 ], [ 114.1448763, 22.2869879 ], [ 114.1448417, 22.2870163 ], [ 114.1447986, 22.2869714 ], [ 114.1448133, 22.2869593 ], [ 114.1447553, 22.2868989 ], [ 114.1447952, 22.2868661 ] ] ] } },
{ "type": "Feature", "properties": { "id": "1210302122", "name": "nan", "shop": "nan", "highway": "nan", "railway": "nan", "leisure": "nan", "landuse": "nan", "building": "apartments" }, "geometry": { "type": "Polygon", "coordinates": [ [ [ 114.1452556, 22.2869895 ], [ 114.1452273, 22.2869601 ], [ 114.1452156, 22.2869697 ], [ 114.1451789, 22.2869314 ], [ 114.1452475, 22.286875 ], [ 114.1452842, 22.2869133 ], [ 114.1452726, 22.2869229 ], [ 114.1453009, 22.2869523 ], [ 114.1452556, 22.2869895 ] ] ] } },
{ "type": "Feature", "properties": { "id": "1210302123", "name": "nan", "shop": "nan", "highway": "nan", "railway": "nan", "leisure": "nan", "landuse": "nan", "building": "apartments" }, "geometry": { "type": "Polygon", "coordinates": [ [ [ 114.1452323, 22.2870087 ], [ 114.145204, 22.2869793 ], [ 114.1452156, 22.2869697 ], [ 114.1451789, 22.2869314 ], [ 114.1451103, 22.2869878 ], [ 114.145147, 22.2870261 ], [ 114.1451587, 22.2870165 ], [ 114.145187, 22.287046 ], [ 114.1452323, 22.2870087 ] ] ] } },
{ "type": "Feature", "properties": { "id": "1210302124", "name": "達興樓 Tat Hing Building", "shop": "nan", "highway": "nan", "railway": "nan", "leisure": "nan", "landuse": "nan", "building": "apartments" }, "geometry": { "type": "Polygon", "coordinates": [ [ [ 114.1446183, 22.2869739 ], [ 114.1446259, 22.2869589 ], [ 114.1446057, 22.2869501 ], [ 114.1446129, 22.2869362 ], [ 114.1446332, 22.2869451 ], [ 114.1446403, 22.2869314 ], [ 114.144616, 22.2869207 ], [ 114.1446109, 22.2869308 ], [ 114.1445839, 22.286919 ], [ 114.1445932, 22.2869008 ], [ 114.1445654, 22.2868886 ], [ 114.1445561, 22.2869068 ], [ 114.1445421, 22.2869007 ], [ 114.1445473, 22.2868906 ], [ 114.1445199, 22.2868787 ], [ 114.1445098, 22.2868911 ], [ 114.1445233, 22.2868969 ], [ 114.1445162, 22.2869109 ], [ 114.1444994, 22.2869036 ], [ 114.1444884, 22.286917 ], [ 114.1446183, 22.2869739 ] ] ] } },
{ "type": "Feature", "properties": { "id": "1210302125", "name": "nan", "shop": "nan", "highway": "nan", "railway": "nan", "leisure": "nan", "landuse": "nan", "building": "apartments" }, "geometry": { "type": "Polygon", "coordinates": [ [ [ 114.1444884, 22.286917 ], [ 114.1444994, 22.2869036 ], [ 114.144491, 22.2868976 ], [ 114.14451, 22.2868746 ], [ 114.144463, 22.2868414 ], [ 114.144444, 22.2868644 ], [ 114.1444324, 22.2868562 ], [ 114.1444172, 22.2868858 ], [ 114.1444884, 22.286917 ] ] ] } },
{ "type": "Feature", "properties": { "id": "1210302126", "name": "華利樓 Wah Lee Building", "shop": "nan", "highway": "nan", "railway": "nan", "leisure": "nan", "landuse": "nan", "building": "residential" }, "geometry": { "type": "Polygon", "coordinates": [ [ [ 114.1440842, 22.2867959 ], [ 114.1440754, 22.2865551 ], [ 114.1440747, 22.2865371 ], [ 114.1438788, 22.2865433 ], [ 114.1438808, 22.2865957 ], [ 114.1438823, 22.2866373 ], [ 114.1438837, 22.2866762 ], [ 114.1438849, 22.2867091 ], [ 114.1438852, 22.2867178 ], [ 114.1438883, 22.2868021 ], [ 114.1440842, 22.2867959 ] ] ] } },
{ "type": "Feature", "properties": { "id": "1210302127", "name": "nan", "shop": "nan", "highway": "nan", "railway": "nan", "leisure": "nan", "landuse": "nan", "building": "yes" }, "geometry": { "type": "Polygon", "coordinates": [ [ [ 114.1438849, 22.2867091 ], [ 114.1438428, 22.2867104 ], [ 114.1438445, 22.2867555 ], [ 114.1438462, 22.2868034 ], [ 114.1438883, 22.2868021 ], [ 114.1438852, 22.2867178 ], [ 114.1438849, 22.2867091 ] ] ] } },
{ "type": "Feature", "properties": { "id": "1210302128", "name": "皇后酒店 Queen's Hotel", "shop": "nan", "highway": "nan", "railway": "nan", "leisure": "nan", "landuse": "nan", "building": "hotel" }, "geometry": { "type": "Polygon", "coordinates": [ [ [ 114.1446596, 22.2871461 ], [ 114.1446661, 22.2872416 ], [ 114.1445488, 22.2872485 ], [ 114.1445389, 22.2870932 ], [ 114.1446596, 22.2871461 ] ] ] } },
{ "type": "Feature", "properties": { "id": "1210302129", "name": "nan", "shop": "nan", "highway": "nan", "railway": "nan", "leisure": "nan", "landuse": "nan", "building": "apartments" }, "geometry": { "type": "Polygon", "coordinates": [ [ [ 114.1446672, 22.2872576 ], [ 114.1446661, 22.2872416 ], [ 114.1446596, 22.2871461 ], [ 114.1447009, 22.2871641 ], [ 114.1447071, 22.2872552 ], [ 114.1446672, 22.2872576 ] ] ] } },
{ "type": "Feature", "properties": { "id": "1210302130", "name": "威利樓 Wai Lee Building", "shop": "nan", "highway": "nan", "railway": "nan", "leisure": "nan", "landuse": "nan", "building": "apartments" }, "geometry": { "type": "Polygon", "coordinates": [ [ [ 114.1447849, 22.2873107 ], [ 114.1446793, 22.2873169 ], [ 114.1446141, 22.2873207 ], [ 114.1445971, 22.2873217 ], [ 114.144593, 22.2872619 ], [ 114.1446672, 22.2872576 ], [ 114.1447071, 22.2872552 ], [ 114.1447808, 22.2872509 ], [ 114.1447849, 22.2873107 ] ] ] } },
{ "type": "Feature", "properties": { "id": "1210302132", "name": "nan", "shop": "nan", "highway": "nan", "railway": "nan", "leisure": "nan", "landuse": "nan", "building": "apartments" }, "geometry": { "type": "Polygon", "coordinates": [ [ [ 114.1446115, 22.2876333 ], [ 114.1446603, 22.2876326 ], [ 114.1446665, 22.2877426 ], [ 114.1446173, 22.2877433 ], [ 114.1446115, 22.2876333 ] ] ] } },
{ "type": "Feature", "properties": { "id": "1210302133", "name": "nan", "shop": "nan", "highway": "nan", "railway": "nan", "leisure": "nan", "landuse": "nan", "building": "apartments" }, "geometry": { "type": "Polygon", "coordinates": [ [ [ 114.1445188, 22.2877447 ], [ 114.1444695, 22.2877455 ], [ 114.1444651, 22.2876355 ], [ 114.1445139, 22.2876347 ], [ 114.1445188, 22.2877447 ] ] ] } },
{ "type": "Feature", "properties": { "id": "1210302134", "name": "nan", "shop": "nan", "highway": "nan", "railway": "nan", "leisure": "nan", "landuse": "nan", "building": "apartments" }, "geometry": { "type": "Polygon", "coordinates": [ [ [ 114.1445139, 22.2876347 ], [ 114.1445627, 22.287634 ], [ 114.144568, 22.287744 ], [ 114.1445188, 22.2877447 ], [ 114.1445139, 22.2876347 ] ] ] } },
{ "type": "Feature", "properties": { "id": "1210302135", "name": "nan", "shop": "nan", "highway": "nan", "railway": "nan", "leisure": "nan", "landuse": "nan", "building": "apartments" }, "geometry": { "type": "Polygon", "coordinates": [ [ [ 114.1444079, 22.2874106 ], [ 114.1444094, 22.2874522 ], [ 114.1444579, 22.2874507 ], [ 114.1444994, 22.2874494 ], [ 114.1444979, 22.2874078 ], [ 114.1444079, 22.2874106 ] ] ] } },
{ "type": "Feature", "properties": { "id": "1210302136", "name": "nan", "shop": "nan", "highway": "nan", "railway": "nan", "leisure": "nan", "landuse": "nan", "building": "apartments" }, "geometry": { "type": "Polygon", "coordinates": [ [ [ 114.1444094, 22.2874522 ], [ 114.1444579, 22.2874507 ], [ 114.1444585, 22.2874656 ], [ 114.1445, 22.2874643 ], [ 114.1445019, 22.2875176 ], [ 114.1444604, 22.2875189 ], [ 114.144461, 22.2875338 ], [ 114.1444125, 22.2875354 ], [ 114.1444094, 22.2874522 ] ] ] } },
{ "type": "Feature", "properties": { "id": "1210302137", "name": "威利麻街6號變壓站 Wilmer St 6 Substation", "shop": "nan", "highway": "nan", "railway": "nan", "leisure": "nan", "landuse": "nan", "building": "yes" }, "geometry": { "type": "Polygon", "coordinates": [ [ [ 114.1444052, 22.2873387 ], [ 114.1444073, 22.2873948 ], [ 114.1444973, 22.287392 ], [ 114.1444952, 22.2873359 ], [ 114.1444052, 22.2873387 ] ] ] } },
{ "type": "Feature", "properties": { "id": "1210302138", "name": "nan", "shop": "nan", "highway": "nan", "railway": "nan", "leisure": "nan", "landuse": "nan", "building": "apartments" }, "geometry": { "type": "Polygon", "coordinates": [ [ [ 114.1446173, 22.2877433 ], [ 114.144568, 22.287744 ], [ 114.1445627, 22.287634 ], [ 114.1446115, 22.2876333 ], [ 114.1446173, 22.2877433 ] ] ] } },
{ "type": "Feature", "properties": { "id": "1215621464", "name": "恒柏園A座 Park View Court Block A", "shop": "nan", "highway": "nan", "railway": "nan", "leisure": "nan", "landuse": "nan", "building": "yes" }, "geometry": { "type": "Polygon", "coordinates": [ [ [ 114.1449627, 22.2833515 ], [ 114.1450321, 22.2833837 ], [ 114.1450695, 22.2833148 ], [ 114.1449979, 22.2832815 ], [ 114.1450289, 22.2832195 ], [ 114.1453139, 22.2833537 ], [ 114.1452734, 22.2834273 ], [ 114.1451943, 22.28339 ], [ 114.1451651, 22.283443 ], [ 114.1452581, 22.2834868 ], [ 114.1452163, 22.2835629 ], [ 114.1449254, 22.2834259 ], [ 114.1449627, 22.2833515 ] ] ] } },
{ "type": "Feature", "properties": { "id": "1215855374", "name": "福華洋樓 Fook Wah Mansions", "shop": "nan", "highway": "nan", "railway": "nan", "leisure": "nan", "landuse": "nan", "building": "apartments" }, "geometry": { "type": "Polygon", "coordinates": [ [ [ 114.1415692, 22.283327 ], [ 114.1416229, 22.283377 ], [ 114.1417073, 22.2834216 ], [ 114.1417557, 22.2834356 ], [ 114.1418338, 22.2834477 ], [ 114.1418442, 22.2833872 ], [ 114.141821, 22.2833845 ], [ 114.1418257, 22.2833497 ], [ 114.1418145, 22.2833484 ], [ 114.1418216, 22.2832967 ], [ 114.1417654, 22.2832901 ], [ 114.1417564, 22.2833558 ], [ 114.1417389, 22.2833537 ], [ 114.1417363, 22.2833726 ], [ 114.1417282, 22.2833683 ], [ 114.1417126, 22.2833573 ], [ 114.1417265, 22.2833404 ], [ 114.1417106, 22.2833292 ], [ 114.1417363, 22.2832981 ], [ 114.1416903, 22.2832656 ], [ 114.1416646, 22.2832967 ], [ 114.1416614, 22.2832945 ], [ 114.1416548, 22.2833025 ], [ 114.141646, 22.2832963 ], [ 114.1416387, 22.2833052 ], [ 114.1416062, 22.2832822 ], [ 114.1416209, 22.2832768 ], [ 114.1416417, 22.2832672 ], [ 114.1416556, 22.2832503 ], [ 114.1416736, 22.2832523 ], [ 114.1416782, 22.2832166 ], [ 114.1415625, 22.2832039 ], [ 114.1415461, 22.2832116 ], [ 114.1415384, 22.2832219 ], [ 114.1415391, 22.2832405 ], [ 114.1415444, 22.2832743 ], [ 114.1415528, 22.2833038 ], [ 114.1415692, 22.283327 ] ] ] } },
{ "type": "Feature", "properties": { "id": "1215855383", "name": "nan", "shop": "nan", "highway": "nan", "railway": "nan", "leisure": "nan", "landuse": "nan", "building": "yes" }, "geometry": { "type": "Polygon", "coordinates": [ [ [ 114.1419339, 22.2832994 ], [ 114.1418993, 22.2832945 ], [ 114.1418923, 22.2833377 ], [ 114.1418822, 22.2833363 ], [ 114.141877, 22.2833683 ], [ 114.1418479, 22.2833642 ], [ 114.1418442, 22.2833872 ], [ 114.1418338, 22.2834477 ], [ 114.1419081, 22.2834577 ], [ 114.1419339, 22.2832994 ] ] ] } },
{ "type": "Feature", "properties": { "id": "1215855384", "name": "nan", "shop": "nan", "highway": "nan", "railway": "nan", "leisure": "nan", "landuse": "nan", "building": "yes" }, "geometry": { "type": "Polygon", "coordinates": [ [ [ 114.1419081, 22.2834577 ], [ 114.1419778, 22.2834675 ], [ 114.1419876, 22.2834079 ], [ 114.1419916, 22.2833834 ], [ 114.1419641, 22.2833796 ], [ 114.1419693, 22.2833479 ], [ 114.1419604, 22.2833467 ], [ 114.1419674, 22.2833041 ], [ 114.1419339, 22.2832994 ], [ 114.1419081, 22.2834577 ] ] ] } },
{ "type": "Feature", "properties": { "id": "1215855388", "name": "nan", "shop": "nan", "highway": "nan", "railway": "nan", "leisure": "nan", "landuse": "nan", "building": "yes" }, "geometry": { "type": "Polygon", "coordinates": [ [ [ 114.1440818, 22.2821878 ], [ 114.1440625, 22.2821844 ], [ 114.1440814, 22.2820937 ], [ 114.1440939, 22.2820959 ], [ 114.1440996, 22.2820687 ], [ 114.1440295, 22.2820562 ], [ 114.1440245, 22.2820799 ], [ 114.144007, 22.2820768 ], [ 114.1439963, 22.2821279 ], [ 114.1440145, 22.2821311 ], [ 114.144013, 22.2821384 ], [ 114.1439825, 22.282133 ], [ 114.1439716, 22.2821853 ], [ 114.1439852, 22.2821877 ], [ 114.1439741, 22.2822409 ], [ 114.1439923, 22.2822442 ], [ 114.143985, 22.2822791 ], [ 114.144024, 22.2822861 ], [ 114.1440203, 22.2823041 ], [ 114.1440386, 22.2823074 ], [ 114.1440366, 22.2823171 ], [ 114.1440542, 22.2823202 ], [ 114.1440818, 22.2821878 ] ] ] } },
{ "type": "Feature", "properties": { "id": "1215855389", "name": "nan", "shop": "nan", "highway": "nan", "railway": "nan", "leisure": "nan", "landuse": "nan", "building": "yes" }, "geometry": { "type": "Polygon", "coordinates": [ [ [ 114.1440542, 22.2823202 ], [ 114.1440693, 22.2823229 ], [ 114.1440714, 22.2823127 ], [ 114.1440847, 22.2823151 ], [ 114.1440886, 22.2822966 ], [ 114.1441284, 22.2823037 ], [ 114.1441358, 22.2822683 ], [ 114.1441617, 22.2822729 ], [ 114.1441728, 22.2822194 ], [ 114.1441795, 22.2822206 ], [ 114.1441903, 22.2821685 ], [ 114.1441566, 22.2821625 ], [ 114.1441581, 22.2821553 ], [ 114.1441771, 22.2821587 ], [ 114.1441877, 22.2821076 ], [ 114.1441681, 22.2821041 ], [ 114.1441729, 22.2820811 ], [ 114.1441141, 22.2820706 ], [ 114.1441083, 22.2820982 ], [ 114.1441248, 22.2821012 ], [ 114.1441059, 22.2821921 ], [ 114.1440818, 22.2821878 ], [ 114.1440542, 22.2823202 ] ] ] } },
{ "type": "Feature", "properties": { "id": "1215855392", "name": "大學閣三座 University Heights Tower 3", "shop": "nan", "highway": "nan", "railway": "nan", "leisure": "nan", "landuse": "nan", "building": "apartments" }, "geometry": { "type": "Polygon", "coordinates": [ [ [ 114.1411545, 22.2820076 ], [ 114.141146, 22.2820074 ], [ 114.1411471, 22.2819707 ], [ 114.1410986, 22.2819694 ], [ 114.1410959, 22.2820597 ], [ 114.1411044, 22.2820599 ], [ 114.1411002, 22.2822011 ], [ 114.1410917, 22.2822009 ], [ 114.1410891, 22.2822881 ], [ 114.1411377, 22.2822893 ], [ 114.1411387, 22.2822556 ], [ 114.1411471, 22.2822558 ], [ 114.141149, 22.2821934 ], [ 114.1411614, 22.2821937 ], [ 114.1411612, 22.2821987 ], [ 114.1412625, 22.2822013 ], [ 114.1412665, 22.2820669 ], [ 114.1411652, 22.2820643 ], [ 114.1411647, 22.2820831 ], [ 114.1411523, 22.2820828 ], [ 114.1411545, 22.2820076 ] ] ] } },
{ "type": "Feature", "properties": { "id": "1215855393", "name": "大學閣二座 University Heights Tower 2", "shop": "nan", "highway": "nan", "railway": "nan", "leisure": "nan", "landuse": "nan", "building": "apartments" }, "geometry": { "type": "Polygon", "coordinates": [ [ [ 114.1409918, 22.2816727 ], [ 114.141021, 22.2817478 ], [ 114.1410334, 22.2817437 ], [ 114.1410838, 22.2818734 ], [ 114.1410674, 22.2818788 ], [ 114.1410977, 22.2819568 ], [ 114.1411548, 22.2819378 ], [ 114.1411185, 22.2818444 ], [ 114.1411648, 22.281829 ], [ 114.1411607, 22.2818184 ], [ 114.141233, 22.2817943 ], [ 114.1411922, 22.2816895 ], [ 114.1410916, 22.2817231 ], [ 114.1410971, 22.2817373 ], [ 114.1410791, 22.2817433 ], [ 114.141074, 22.2817301 ], [ 114.1410448, 22.281655 ], [ 114.1409918, 22.2816727 ] ] ] } },
{ "type": "Feature", "properties": { "id": "1215855394", "name": "大學閣一座 University Heights Tower 1", "shop": "nan", "highway": "nan", "railway": "nan", "leisure": "nan", "landuse": "nan", "building": "apartments" }, "geometry": { "type": "Polygon", "coordinates": [ [ [ 114.1407461, 22.2814386 ], [ 114.1408118, 22.2814904 ], [ 114.1408203, 22.2814811 ], [ 114.1409337, 22.2815705 ], [ 114.1409224, 22.2815828 ], [ 114.1409906, 22.2816366 ], [ 114.1410299, 22.2815938 ], [ 114.1409483, 22.2815294 ], [ 114.1409802, 22.2814948 ], [ 114.1409709, 22.2814875 ], [ 114.1410207, 22.2814333 ], [ 114.1409291, 22.2813611 ], [ 114.1408598, 22.2814364 ], [ 114.1408722, 22.2814463 ], [ 114.1408598, 22.2814597 ], [ 114.1408483, 22.2814506 ], [ 114.1407827, 22.2813989 ], [ 114.1407461, 22.2814386 ] ] ] } },
{ "type": "Feature", "properties": { "id": "1215855401", "name": "nan", "shop": "nan", "highway": "nan", "railway": "nan", "leisure": "nan", "landuse": "nan", "building": "apartments" }, "geometry": { "type": "Polygon", "coordinates": [ [ [ 114.1417745, 22.2821614 ], [ 114.1416859, 22.2821488 ], [ 114.1416732, 22.2822251 ], [ 114.1417617, 22.2822378 ], [ 114.1417607, 22.282244 ], [ 114.1418436, 22.2822559 ], [ 114.1418446, 22.2822496 ], [ 114.1419163, 22.2822599 ], [ 114.141929, 22.2821835 ], [ 114.1418574, 22.2821733 ], [ 114.1418616, 22.2821478 ], [ 114.1417787, 22.282136 ], [ 114.1417745, 22.2821614 ] ] ] } },
{ "type": "Feature", "properties": { "id": "1215855402", "name": "nan", "shop": "nan", "highway": "nan", "railway": "nan", "leisure": "nan", "landuse": "nan", "building": "apartments" }, "geometry": { "type": "Polygon", "coordinates": [ [ [ 114.1414496, 22.2820982 ], [ 114.1415237, 22.2821 ], [ 114.1415311, 22.2818438 ], [ 114.1414569, 22.2818419 ], [ 114.1414496, 22.2820982 ] ] ] } },
{ "type": "Feature", "properties": { "id": "1215855406", "name": "nan", "shop": "nan", "highway": "nan", "railway": "nan", "leisure": "nan", "landuse": "nan", "building": "apartments" }, "geometry": { "type": "Polygon", "coordinates": [ [ [ 114.1442865, 22.2830501 ], [ 114.1442062, 22.2830514 ], [ 114.1442073, 22.2831116 ], [ 114.144178, 22.2831121 ], [ 114.144179, 22.2831619 ], [ 114.1442129, 22.2831613 ], [ 114.1442136, 22.283194 ], [ 114.1443327, 22.283192 ], [ 114.144332, 22.2831594 ], [ 114.1443674, 22.2831588 ], [ 114.1443665, 22.2831089 ], [ 114.1442877, 22.2831102 ], [ 114.1442865, 22.2830501 ] ] ] } },
{ "type": "Feature", "properties": { "id": "1266335202", "name": "nan", "shop": "nan", "highway": "nan", "railway": "nan", "leisure": "nan", "landuse": "nan", "building": "apartments" }, "geometry": { "type": "Polygon", "coordinates": [ [ [ 114.1432439, 22.2840264 ], [ 114.1434387, 22.2839846 ], [ 114.1434281, 22.2839423 ], [ 114.1432333, 22.283984 ], [ 114.1432439, 22.2840264 ] ] ] } },
{ "type": "Feature", "properties": { "id": "1274544879", "name": "nan", "shop": "nan", "highway": "nan", "railway": "nan", "leisure": "nan", "landuse": "nan", "building": "apartments" }, "geometry": { "type": "Polygon", "coordinates": [ [ [ 114.1414046, 22.2842361 ], [ 114.1414477, 22.2842495 ], [ 114.1414986, 22.2841088 ], [ 114.1415247, 22.2841169 ], [ 114.1415271, 22.2841103 ], [ 114.1415386, 22.2840784 ], [ 114.1414694, 22.284057 ], [ 114.1414046, 22.2842361 ] ] ] } },
{ "type": "Feature", "properties": { "id": "1274544884", "name": "nan", "shop": "nan", "highway": "nan", "railway": "nan", "leisure": "nan", "landuse": "nan", "building": "retail" }, "geometry": { "type": "Polygon", "coordinates": [ [ [ 114.1410754, 22.2847875 ], [ 114.1410714, 22.2847933 ], [ 114.1410026, 22.2848919 ], [ 114.1410161, 22.2848999 ], [ 114.1409699, 22.2849661 ], [ 114.1409492, 22.2849662 ], [ 114.1409446, 22.2848295 ], [ 114.1409413, 22.2847287 ], [ 114.1409367, 22.284591 ], [ 114.1409483, 22.2845907 ], [ 114.1409534, 22.2845906 ], [ 114.1409674, 22.284628 ], [ 114.1409841, 22.2846644 ], [ 114.1410036, 22.2846996 ], [ 114.1410257, 22.2847335 ], [ 114.1410422, 22.284758 ], [ 114.1410634, 22.2847791 ], [ 114.1410754, 22.2847875 ] ] ] } },
{ "type": "Feature", "properties": { "id": "1274544885", "name": "nan", "shop": "nan", "highway": "nan", "railway": "nan", "leisure": "nan", "landuse": "nan", "building": "apartments" }, "geometry": { "type": "Polygon", "coordinates": [ [ [ 114.1409647, 22.2848415 ], [ 114.1409561, 22.2848538 ], [ 114.1409843, 22.2848614 ], [ 114.1409747, 22.2848752 ], [ 114.1410026, 22.2848919 ], [ 114.1410714, 22.2847933 ], [ 114.1410149, 22.2847595 ], [ 114.1409986, 22.28476 ], [ 114.1409965, 22.2846992 ], [ 114.1409464, 22.2847006 ], [ 114.1409474, 22.2847285 ], [ 114.1409413, 22.2847287 ], [ 114.1409446, 22.2848295 ], [ 114.1409647, 22.2848415 ] ] ] } },
{ "type": "Feature", "properties": { "id": "1274544886", "name": "nan", "shop": "nan", "highway": "nan", "railway": "nan", "leisure": "nan", "landuse": "nan", "building": "apartments" }, "geometry": { "type": "Polygon", "coordinates": [ [ [ 114.1413798, 22.2848624 ], [ 114.1415119, 22.2848557 ], [ 114.1415149, 22.2849415 ], [ 114.1414963, 22.284942 ], [ 114.1414967, 22.2849551 ], [ 114.1414064, 22.2849578 ], [ 114.141406, 22.2849447 ], [ 114.1413825, 22.2849454 ], [ 114.1413798, 22.2848624 ] ] ] } },
{ "type": "Feature", "properties": { "id": "1274544888", "name": "nan", "shop": "nan", "highway": "nan", "railway": "nan", "leisure": "nan", "landuse": "nan", "building": "apartments" }, "geometry": { "type": "Polygon", "coordinates": [ [ [ 114.1428211, 22.285058 ], [ 114.1428477, 22.2850566 ], [ 114.1428464, 22.2850337 ], [ 114.1428197, 22.2850351 ], [ 114.1428182, 22.2850091 ], [ 114.1427545, 22.2850123 ], [ 114.142756, 22.2850383 ], [ 114.1427293, 22.2850396 ], [ 114.1427307, 22.2850625 ], [ 114.1427573, 22.2850612 ], [ 114.1427594, 22.2850964 ], [ 114.1428231, 22.2850932 ], [ 114.1428211, 22.285058 ] ] ] } },
{ "type": "Feature", "properties": { "id": "1274544889", "name": "nan", "shop": "nan", "highway": "nan", "railway": "nan", "leisure": "nan", "landuse": "nan", "building": "apartments" }, "geometry": { "type": "Polygon", "coordinates": [ [ [ 114.1425973, 22.2851046 ], [ 114.1425575, 22.2851066 ], [ 114.1425522, 22.2850152 ], [ 114.142572, 22.2850142 ], [ 114.1425731, 22.2850315 ], [ 114.1425929, 22.2850305 ], [ 114.1425973, 22.2851046 ] ] ] } },
{ "type": "Feature", "properties": { "id": "1274544890", "name": "nan", "shop": "nan", "highway": "nan", "railway": "nan", "leisure": "nan", "landuse": "nan", "building": "apartments" }, "geometry": { "type": "Polygon", "coordinates": [ [ [ 114.1424779, 22.2850462 ], [ 114.1424758, 22.2850042 ], [ 114.1422989, 22.2850117 ], [ 114.1423011, 22.2850549 ], [ 114.1423595, 22.2850524 ], [ 114.1423626, 22.2851145 ], [ 114.1423942, 22.2851132 ], [ 114.1423928, 22.285083 ], [ 114.142413, 22.2850821 ], [ 114.1424144, 22.2851116 ], [ 114.1424423, 22.2851104 ], [ 114.1424392, 22.2850478 ], [ 114.1424779, 22.2850462 ] ] ] } },
{ "type": "Feature", "properties": { "id": "1274544892", "name": "nan", "shop": "nan", "highway": "nan", "railway": "nan", "leisure": "nan", "landuse": "nan", "building": "house" }, "geometry": { "type": "Polygon", "coordinates": [ [ [ 114.142637, 22.2851026 ], [ 114.1427206, 22.2850984 ], [ 114.1427174, 22.2850401 ], [ 114.1427136, 22.28497 ], [ 114.142712, 22.2849507 ], [ 114.1426946, 22.2849516 ], [ 114.1426955, 22.2849699 ], [ 114.1426475, 22.2849721 ], [ 114.1426459, 22.2849541 ], [ 114.1426286, 22.284955 ], [ 114.1426299, 22.2849822 ], [ 114.142637, 22.2851026 ] ] ] } },
{ "type": "Feature", "properties": { "id": "1274544893", "name": "nan", "shop": "nan", "highway": "nan", "railway": "nan", "leisure": "nan", "landuse": "nan", "building": "apartments" }, "geometry": { "type": "Polygon", "coordinates": [ [ [ 114.1426096, 22.2849826 ], [ 114.1426116, 22.2850173 ], [ 114.1425922, 22.2850183 ], [ 114.1425929, 22.2850305 ], [ 114.1425973, 22.2851046 ], [ 114.142637, 22.2851026 ], [ 114.1426299, 22.2849822 ], [ 114.1426096, 22.2849826 ] ] ] } },
{ "type": "Feature", "properties": { "id": "1274544894", "name": "nan", "shop": "nan", "highway": "nan", "railway": "nan", "leisure": "nan", "landuse": "nan", "building": "apartments" }, "geometry": { "type": "Polygon", "coordinates": [ [ [ 114.1425178, 22.2851086 ], [ 114.1425575, 22.2851066 ], [ 114.1425522, 22.2850152 ], [ 114.1425323, 22.2850162 ], [ 114.1425333, 22.2850335 ], [ 114.1425139, 22.2850345 ], [ 114.1425167, 22.2850904 ], [ 114.1425178, 22.2851086 ] ] ] } },
{ "type": "Feature", "properties": { "id": "1274544896", "name": "nan", "shop": "nan", "highway": "nan", "railway": "nan", "leisure": "nan", "landuse": "nan", "building": "apartments" }, "geometry": { "type": "Polygon", "coordinates": [ [ [ 114.1426905, 22.2848203 ], [ 114.1426933, 22.284865 ], [ 114.1426939, 22.2848761 ], [ 114.1428481, 22.2848679 ], [ 114.1428445, 22.2848122 ], [ 114.1428058, 22.2848142 ], [ 114.1428033, 22.2847745 ], [ 114.1427268, 22.2847786 ], [ 114.1427293, 22.2848183 ], [ 114.1426905, 22.2848203 ] ] ] } },
{ "type": "Feature", "properties": { "id": "1274544897", "name": "nan", "shop": "nan", "highway": "nan", "railway": "nan", "leisure": "nan", "landuse": "nan", "building": "apartments" }, "geometry": { "type": "Polygon", "coordinates": [ [ [ 114.1425525, 22.2848725 ], [ 114.1426933, 22.284865 ], [ 114.1426905, 22.2848203 ], [ 114.1426663, 22.2848216 ], [ 114.1426637, 22.2847799 ], [ 114.1425714, 22.2847848 ], [ 114.142574, 22.2848265 ], [ 114.1425497, 22.2848277 ], [ 114.1425525, 22.2848725 ] ] ] } },
{ "type": "Feature", "properties": { "id": "1274544908", "name": "nan", "shop": "nan", "highway": "nan", "railway": "nan", "leisure": "nan", "landuse": "nan", "building": "retail" }, "geometry": { "type": "Polygon", "coordinates": [ [ [ 114.1428435, 22.2844537 ], [ 114.1428469, 22.2845063 ], [ 114.1428507, 22.2845658 ], [ 114.1430064, 22.2845573 ], [ 114.1430026, 22.2844978 ], [ 114.1429985, 22.2844328 ], [ 114.1429214, 22.2844432 ], [ 114.1428825, 22.2844484 ], [ 114.1428435, 22.2844537 ] ] ] } },
{ "type": "Feature", "properties": { "id": "1274544910", "name": "nan", "shop": "nan", "highway": "nan", "railway": "nan", "leisure": "nan", "landuse": "nan", "building": "apartments" }, "geometry": { "type": "Polygon", "coordinates": [ [ [ 114.1440647, 22.2840745 ], [ 114.1441515, 22.2840559 ], [ 114.1441126, 22.2839002 ], [ 114.1440258, 22.2839188 ], [ 114.144031, 22.2839395 ], [ 114.1440647, 22.2840745 ] ] ] } },
{ "type": "Feature", "properties": { "id": "1274544911", "name": "nan", "shop": "nan", "highway": "nan", "railway": "nan", "leisure": "nan", "landuse": "nan", "building": "apartments" }, "geometry": { "type": "Polygon", "coordinates": [ [ [ 114.1439939, 22.2840897 ], [ 114.1440647, 22.2840745 ], [ 114.144031, 22.2839395 ], [ 114.1439601, 22.2839547 ], [ 114.1439939, 22.2840897 ] ] ] } },
{ "type": "Feature", "properties": { "id": "1274544912", "name": "nan", "shop": "nan", "highway": "nan", "railway": "nan", "leisure": "nan", "landuse": "nan", "building": "apartments" }, "geometry": { "type": "Polygon", "coordinates": [ [ [ 114.1437719, 22.2841169 ], [ 114.1439176, 22.2840857 ], [ 114.1439033, 22.2840285 ], [ 114.143882, 22.284033 ], [ 114.1438599, 22.2839446 ], [ 114.1437568, 22.2839667 ], [ 114.1437789, 22.2840551 ], [ 114.1437576, 22.2840597 ], [ 114.1437719, 22.2841169 ] ] ] } },
{ "type": "Feature", "properties": { "id": "1274544913", "name": "蔚庭軒 Wilton Place", "shop": "nan", "highway": "nan", "railway": "nan", "leisure": "nan", "landuse": "residential", "building": "parking" }, "geometry": { "type": "Polygon", "coordinates": [ [ [ 114.1429646, 22.2840383 ], [ 114.1429065, 22.2840639 ], [ 114.142851, 22.2840943 ], [ 114.1427987, 22.284129 ], [ 114.142761, 22.2841584 ], [ 114.1427256, 22.2841901 ], [ 114.1427092, 22.2842167 ], [ 114.1426979, 22.2842454 ], [ 114.1426922, 22.2842756 ], [ 114.142692, 22.2843062 ], [ 114.1426966, 22.2843195 ], [ 114.1427054, 22.2843308 ], [ 114.1427177, 22.2843389 ], [ 114.1427321, 22.284343 ], [ 114.1427472, 22.2843428 ], [ 114.1430208, 22.284322 ], [ 114.1430029, 22.2842287 ], [ 114.1429876, 22.2841572 ], [ 114.1429646, 22.2840383 ] ] ] } },
{ "type": "Feature", "properties": { "id": "1274544914", "name": "栢苑 Park Height", "shop": "nan", "highway": "nan", "railway": "nan", "leisure": "nan", "landuse": "residential", "building": "parking" }, "geometry": { "type": "Polygon", "coordinates": [ [ [ 114.1430948, 22.2840137 ], [ 114.1431215, 22.2841215 ], [ 114.1431232, 22.2841285 ], [ 114.1431378, 22.2841877 ], [ 114.1431417, 22.2842033 ], [ 114.1431647, 22.2842963 ], [ 114.1433053, 22.2842719 ], [ 114.1432768, 22.2841583 ], [ 114.1432621, 22.2840991 ], [ 114.1432439, 22.2840264 ], [ 114.1432333, 22.283984 ], [ 114.1430948, 22.2840137 ] ] ] } },
{ "type": "Feature", "properties": { "id": "1274544915", "name": "nan", "shop": "nan", "highway": "nan", "railway": "nan", "leisure": "nan", "landuse": "nan", "building": "parking" }, "geometry": { "type": "Polygon", "coordinates": [ [ [ 114.143589, 22.2841298 ], [ 114.1435704, 22.2840552 ], [ 114.1435362, 22.2839184 ], [ 114.1434787, 22.2839307 ], [ 114.1434948, 22.2839952 ], [ 114.1432721, 22.2840429 ], [ 114.1433281, 22.284267 ], [ 114.1436083, 22.284207 ], [ 114.143589, 22.2841298 ] ] ] } },
{ "type": "Feature", "properties": { "id": "1274544917", "name": "nan", "shop": "nan", "highway": "nan", "railway": "nan", "leisure": "nan", "landuse": "nan", "building": "apartments" }, "geometry": { "type": "Polygon", "coordinates": [ [ [ 114.1436335, 22.2841502 ], [ 114.1436435, 22.284148 ], [ 114.1436549, 22.284194 ], [ 114.1437418, 22.2841754 ], [ 114.1437347, 22.2841472 ], [ 114.1437579, 22.2841423 ], [ 114.143751, 22.2841146 ], [ 114.1436722, 22.2841314 ], [ 114.1436501, 22.284043 ], [ 114.1437289, 22.2840262 ], [ 114.143722, 22.2839985 ], [ 114.1436988, 22.2840034 ], [ 114.1436917, 22.2839753 ], [ 114.1436049, 22.2839939 ], [ 114.1436164, 22.2840398 ], [ 114.1436065, 22.2840419 ], [ 114.1436335, 22.2841502 ] ] ] } },
{ "type": "Feature", "properties": { "id": "1274544918", "name": "nan", "shop": "nan", "highway": "nan", "railway": "nan", "leisure": "nan", "landuse": "residential", "building": "apartments" }, "geometry": { "type": "Polygon", "coordinates": [ [ [ 114.1440061, 22.2841385 ], [ 114.1439338, 22.2841507 ], [ 114.1439176, 22.2840857 ], [ 114.1439033, 22.2840285 ], [ 114.1438585, 22.2838494 ], [ 114.14393, 22.2838341 ], [ 114.1439601, 22.2839547 ], [ 114.1439939, 22.2840897 ], [ 114.1440061, 22.2841385 ] ] ] } },
{ "type": "Feature", "properties": { "id": "1274544919", "name": "怡基閣 Yee Ga Court", "shop": "nan", "highway": "nan", "railway": "nan", "leisure": "nan", "landuse": "residential", "building": "yes" }, "geometry": { "type": "Polygon", "coordinates": [ [ [ 114.1437866, 22.2841756 ], [ 114.1436387, 22.2842005 ], [ 114.1435665, 22.2839119 ], [ 114.1437128, 22.2838806 ], [ 114.1437576, 22.2840597 ], [ 114.1437719, 22.2841169 ], [ 114.1437866, 22.2841756 ] ] ] } },
{ "type": "Feature", "properties": { "id": "1274544920", "name": "般柏苑 Parksdale", "shop": "nan", "highway": "nan", "railway": "nan", "leisure": "nan", "landuse": "residential", "building": "retail" }, "geometry": { "type": "Polygon", "coordinates": [ [ [ 114.14393, 22.2838341 ], [ 114.1440008, 22.2838189 ], [ 114.1440258, 22.2839188 ], [ 114.144031, 22.2839395 ], [ 114.1440647, 22.2840745 ], [ 114.1440777, 22.2841264 ], [ 114.1440061, 22.2841385 ], [ 114.1439939, 22.2840897 ], [ 114.1439601, 22.2839547 ], [ 114.14393, 22.2838341 ] ] ] } },
{ "type": "Feature", "properties": { "id": "1274769882", "name": "nan", "shop": "nan", "highway": "nan", "railway": "nan", "leisure": "nan", "landuse": "nan", "building": "apartments" }, "geometry": { "type": "Polygon", "coordinates": [ [ [ 114.1418731, 22.2858667 ], [ 114.1415634, 22.2858766 ], [ 114.1415663, 22.2859563 ], [ 114.141876, 22.2859464 ], [ 114.1418731, 22.2858667 ] ] ] } },
{ "type": "Feature", "properties": { "id": "1274769904", "name": "nan", "shop": "nan", "highway": "nan", "railway": "nan", "leisure": "nan", "landuse": "nan", "building": "apartments" }, "geometry": { "type": "Polygon", "coordinates": [ [ [ 114.1435377, 22.2859441 ], [ 114.1436157, 22.2859415 ], [ 114.1436141, 22.2859006 ], [ 114.1435259, 22.2859036 ], [ 114.1435276, 22.2859445 ], [ 114.1435377, 22.2859441 ] ] ] } },
{ "type": "Feature", "properties": { "id": "1274769905", "name": "nan", "shop": "nan", "highway": "nan", "railway": "nan", "leisure": "nan", "landuse": "nan", "building": "apartments" }, "geometry": { "type": "Polygon", "coordinates": [ [ [ 114.1434957, 22.2860275 ], [ 114.1435409, 22.286026 ], [ 114.143619, 22.2860233 ], [ 114.1436207, 22.2860642 ], [ 114.143524, 22.2860675 ], [ 114.1435235, 22.2860556 ], [ 114.1434969, 22.2860566 ], [ 114.1434957, 22.2860275 ] ] ] } },
{ "type": "Feature", "properties": { "id": "1274769912", "name": "榮華大廈 Wing Wah Building", "shop": "nan", "highway": "nan", "railway": "nan", "leisure": "nan", "landuse": "nan", "building": "apartments" }, "geometry": { "type": "Polygon", "coordinates": [ [ [ 114.1429111, 22.2857486 ], [ 114.14291, 22.2857218 ], [ 114.1430559, 22.2857168 ], [ 114.1430582, 22.2857748 ], [ 114.1429123, 22.2857798 ], [ 114.1429111, 22.2857486 ] ] ] } },
{ "type": "Feature", "properties": { "id": "1274769913", "name": "利基閣 Topworth Court", "shop": "nan", "highway": "nan", "railway": "nan", "leisure": "nan", "landuse": "nan", "building": "apartments" }, "geometry": { "type": "Polygon", "coordinates": [ [ [ 114.1433752, 22.2857641 ], [ 114.143453, 22.2857614 ], [ 114.1434489, 22.2856597 ], [ 114.1433712, 22.2856623 ], [ 114.1433752, 22.2857641 ] ] ] } },
{ "type": "Feature", "properties": { "id": "1274769914", "name": "nan", "shop": "nan", "highway": "nan", "railway": "nan", "leisure": "nan", "landuse": "nan", "building": "apartments" }, "geometry": { "type": "Polygon", "coordinates": [ [ [ 114.1434489, 22.2856597 ], [ 114.143453, 22.2857614 ], [ 114.1435307, 22.2857588 ], [ 114.1435267, 22.2856571 ], [ 114.1434489, 22.2856597 ] ] ] } },
{ "type": "Feature", "properties": { "id": "1274769916", "name": "nan", "shop": "nan", "highway": "nan", "railway": "nan", "leisure": "nan", "landuse": "nan", "building": "apartments" }, "geometry": { "type": "Polygon", "coordinates": [ [ [ 114.1429083, 22.285678 ], [ 114.1427825, 22.2856822 ], [ 114.1427853, 22.2857529 ], [ 114.1429111, 22.2857486 ], [ 114.14291, 22.2857218 ], [ 114.1429083, 22.285678 ] ] ] } },
{ "type": "Feature", "properties": { "id": "1274769918", "name": "nan", "shop": "nan", "highway": "nan", "railway": "nan", "leisure": "nan", "landuse": "nan", "building": "apartments" }, "geometry": { "type": "Polygon", "coordinates": [ [ [ 114.1432516, 22.2860768 ], [ 114.1432968, 22.2860752 ], [ 114.1432955, 22.2860406 ], [ 114.1432935, 22.2859909 ], [ 114.1432482, 22.2859925 ], [ 114.1432494, 22.2860228 ], [ 114.1432516, 22.2860768 ] ] ] } },
{ "type": "Feature", "properties": { "id": "1274769919", "name": "nan", "shop": "nan", "highway": "nan", "railway": "nan", "leisure": "nan", "landuse": "nan", "building": "apartments" }, "geometry": { "type": "Polygon", "coordinates": [ [ [ 114.1431157, 22.2860814 ], [ 114.1431124, 22.2859971 ], [ 114.1431577, 22.2859955 ], [ 114.1431589, 22.2860259 ], [ 114.143161, 22.2860799 ], [ 114.1431157, 22.2860814 ] ] ] } },
{ "type": "Feature", "properties": { "id": "1274769920", "name": "nan", "shop": "nan", "highway": "nan", "railway": "nan", "leisure": "nan", "landuse": "nan", "building": "apartments" }, "geometry": { "type": "Polygon", "coordinates": [ [ [ 114.1430704, 22.2860829 ], [ 114.143068, 22.2860224 ], [ 114.1430555, 22.2860228 ], [ 114.1430539, 22.2859817 ], [ 114.1429884, 22.2859839 ], [ 114.14299, 22.286025 ], [ 114.1429775, 22.2860255 ], [ 114.1429799, 22.286086 ], [ 114.1430704, 22.2860829 ] ] ] } },
{ "type": "Feature", "properties": { "id": "1274769921", "name": "nan", "shop": "nan", "highway": "nan", "railway": "nan", "leisure": "nan", "landuse": "nan", "building": "apartments" }, "geometry": { "type": "Polygon", "coordinates": [ [ [ 114.1427988, 22.2860921 ], [ 114.1427945, 22.2859849 ], [ 114.1428398, 22.2859834 ], [ 114.142844, 22.2860906 ], [ 114.1427988, 22.2860921 ] ] ] } },
{ "type": "Feature", "properties": { "id": "1274769922", "name": "東南大廈 Tong Nam Mansion", "shop": "nan", "highway": "nan", "railway": "nan", "leisure": "nan", "landuse": "nan", "building": "yes" }, "geometry": { "type": "Polygon", "coordinates": [ [ [ 114.1426096, 22.2858959 ], [ 114.1426134, 22.2859911 ], [ 114.142704, 22.285988 ], [ 114.1427082, 22.2860952 ], [ 114.1427535, 22.2860937 ], [ 114.1427492, 22.2859865 ], [ 114.1427945, 22.2859849 ], [ 114.1428398, 22.2859834 ], [ 114.1429084, 22.2859811 ], [ 114.1429003, 22.2857759 ], [ 114.1428212, 22.2857786 ], [ 114.1427365, 22.2857815 ], [ 114.1427346, 22.2857336 ], [ 114.1427327, 22.2856838 ], [ 114.1426014, 22.2856882 ], [ 114.1426053, 22.2857859 ], [ 114.1426072, 22.2858336 ], [ 114.1426077, 22.2858482 ], [ 114.1426096, 22.2858959 ] ] ] } },
{ "type": "Feature", "properties": { "id": "1274769926", "name": "滕王閣 Tang Wong Court", "shop": "nan", "highway": "nan", "railway": "nan", "leisure": "nan", "landuse": "nan", "building": "apartments" }, "geometry": { "type": "Polygon", "coordinates": [ [ [ 114.1421315, 22.2858041 ], [ 114.1421305, 22.2857726 ], [ 114.1421279, 22.2857034 ], [ 114.1421725, 22.2857019 ], [ 114.1421759, 22.2858026 ], [ 114.1421315, 22.2858041 ] ] ] } },
{ "type": "Feature", "properties": { "id": "1274769927", "name": "nan", "shop": "nan", "highway": "nan", "railway": "nan", "leisure": "nan", "landuse": "nan", "building": "apartments" }, "geometry": { "type": "Polygon", "coordinates": [ [ [ 114.1420382, 22.2857064 ], [ 114.1420403, 22.2857582 ], [ 114.142041, 22.2857753 ], [ 114.1420675, 22.2857745 ], [ 114.1420687, 22.2858061 ], [ 114.1421054, 22.2858049 ], [ 114.1421042, 22.2857735 ], [ 114.1421305, 22.2857726 ], [ 114.1421279, 22.2857034 ], [ 114.1420382, 22.2857064 ] ] ] } },
{ "type": "Feature", "properties": { "id": "1274769928", "name": "興華樓 Hing Wah House", "shop": "nan", "highway": "nan", "railway": "nan", "leisure": "nan", "landuse": "nan", "building": "apartments" }, "geometry": { "type": "Polygon", "coordinates": [ [ [ 114.1419051, 22.2857109 ], [ 114.1419072, 22.2857628 ], [ 114.1419517, 22.2857613 ], [ 114.1419536, 22.28581 ], [ 114.1419981, 22.2858085 ], [ 114.1419962, 22.2857597 ], [ 114.1420403, 22.2857582 ], [ 114.1420382, 22.2857064 ], [ 114.1419051, 22.2857109 ] ] ] } },
{ "type": "Feature", "properties": { "id": "1274769929", "name": "nan", "shop": "nan", "highway": "nan", "railway": "nan", "leisure": "nan", "landuse": "nan", "building": "apartments" }, "geometry": { "type": "Polygon", "coordinates": [ [ [ 114.1421883, 22.2861134 ], [ 114.1421867, 22.2860731 ], [ 114.1421744, 22.2860735 ], [ 114.1421731, 22.2860404 ], [ 114.1421117, 22.2860424 ], [ 114.142113, 22.2860756 ], [ 114.1421007, 22.286076 ], [ 114.1421023, 22.2861164 ], [ 114.1421883, 22.2861134 ] ] ] } },
{ "type": "Feature", "properties": { "id": "1274769930", "name": "nan", "shop": "nan", "highway": "nan", "railway": "nan", "leisure": "nan", "landuse": "nan", "building": "apartments" }, "geometry": { "type": "Polygon", "coordinates": [ [ [ 114.1420577, 22.2860789 ], [ 114.1420744, 22.2860783 ], [ 114.1420727, 22.2860355 ], [ 114.142099, 22.2860346 ], [ 114.1421007, 22.286076 ], [ 114.1421023, 22.2861164 ], [ 114.1420592, 22.2861178 ], [ 114.1420577, 22.2860789 ] ] ] } },
{ "type": "Feature", "properties": { "id": "1274769931", "name": "nan", "shop": "nan", "highway": "nan", "railway": "nan", "leisure": "nan", "landuse": "nan", "building": "apartments" }, "geometry": { "type": "Polygon", "coordinates": [ [ [ 114.1419732, 22.2861207 ], [ 114.1419697, 22.2860315 ], [ 114.1420469, 22.2860288 ], [ 114.1420481, 22.2860591 ], [ 114.1420323, 22.2860597 ], [ 114.1420331, 22.2860797 ], [ 114.1420577, 22.2860789 ], [ 114.1420592, 22.2861178 ], [ 114.1419732, 22.2861207 ] ] ] } },
{ "type": "Feature", "properties": { "id": "1274769932", "name": "宜順大廈 Yee Shun Mansion", "shop": "nan", "highway": "nan", "railway": "nan", "leisure": "nan", "landuse": "nan", "building": "apartments" }, "geometry": { "type": "Polygon", "coordinates": [ [ [ 114.1417497, 22.2861279 ], [ 114.1418614, 22.2861242 ], [ 114.1418567, 22.2860008 ], [ 114.141745, 22.2860045 ], [ 114.1417497, 22.2861279 ] ] ] } },
{ "type": "Feature", "properties": { "id": "1274769933", "name": "nan", "shop": "nan", "highway": "nan", "railway": "nan", "leisure": "nan", "landuse": "nan", "building": "yes" }, "geometry": { "type": "Polygon", "coordinates": [ [ [ 114.1406424, 22.2857669 ], [ 114.1406438, 22.2858193 ], [ 114.1406445, 22.2858474 ], [ 114.1406459, 22.2858998 ], [ 114.1406491, 22.2860173 ], [ 114.1405337, 22.28602 ], [ 114.1405273, 22.2857808 ], [ 114.1405559, 22.2857801 ], [ 114.1405556, 22.2857689 ], [ 114.1406353, 22.2857671 ], [ 114.1406424, 22.2857669 ] ] ] } },
{ "type": "Feature", "properties": { "id": "1274769945", "name": "nan", "shop": "nan", "highway": "nan", "railway": "nan", "leisure": "nan", "landuse": "nan", "building": "apartments" }, "geometry": { "type": "Polygon", "coordinates": [ [ [ 114.1433126, 22.2868163 ], [ 114.1433105, 22.2867598 ], [ 114.1432928, 22.2867603 ], [ 114.14329, 22.2866853 ], [ 114.1432354, 22.286687 ], [ 114.1432382, 22.2867621 ], [ 114.1432205, 22.2867626 ], [ 114.1432226, 22.2868192 ], [ 114.1433126, 22.2868163 ] ] ] } },
{ "type": "Feature", "properties": { "id": "1274769946", "name": "nan", "shop": "nan", "highway": "nan", "railway": "nan", "leisure": "nan", "landuse": "nan", "building": "apartments" }, "geometry": { "type": "Polygon", "coordinates": [ [ [ 114.1431776, 22.2868206 ], [ 114.1431754, 22.2867616 ], [ 114.1431727, 22.286689 ], [ 114.1432177, 22.2866876 ], [ 114.1432205, 22.2867626 ], [ 114.1432226, 22.2868192 ], [ 114.1431776, 22.2868206 ] ] ] } },
{ "type": "Feature", "properties": { "id": "1274769947", "name": "nan", "shop": "nan", "highway": "nan", "railway": "nan", "leisure": "nan", "landuse": "nan", "building": "apartments" }, "geometry": { "type": "Polygon", "coordinates": [ [ [ 114.1430815, 22.2866596 ], [ 114.1431398, 22.2866578 ], [ 114.1431437, 22.2867626 ], [ 114.1431754, 22.2867616 ], [ 114.1431776, 22.2868206 ], [ 114.1430876, 22.2868235 ], [ 114.1430815, 22.2866596 ] ] ] } },
{ "type": "Feature", "properties": { "id": "1274769949", "name": "興業大廈 Hing Yip Building", "shop": "nan", "highway": "nan", "railway": "nan", "leisure": "nan", "landuse": "nan", "building": "apartments" }, "geometry": { "type": "Polygon", "coordinates": [ [ [ 114.1431193, 22.2866315 ], [ 114.1436562, 22.2866143 ], [ 114.1436528, 22.2865226 ], [ 114.1431159, 22.2865398 ], [ 114.1431193, 22.2866315 ] ] ] } },
{ "type": "Feature", "properties": { "id": "1274769953", "name": "嘉盛閣 Charming Court", "shop": "nan", "highway": "nan", "railway": "nan", "leisure": "nan", "landuse": "nan", "building": "apartments" }, "geometry": { "type": "Polygon", "coordinates": [ [ [ 114.1424809, 22.28656 ], [ 114.1423416, 22.2865644 ], [ 114.1423463, 22.2866921 ], [ 114.1424856, 22.2866876 ], [ 114.1424844, 22.2866541 ], [ 114.1424827, 22.2866097 ], [ 114.1424822, 22.2865947 ], [ 114.1424809, 22.28656 ] ] ] } },
{ "type": "Feature", "properties": { "id": "1274769954", "name": "得利大廈 Tak Lee Building", "shop": "nan", "highway": "nan", "railway": "nan", "leisure": "nan", "landuse": "nan", "building": "apartments" }, "geometry": { "type": "Polygon", "coordinates": [ [ [ 114.1427004, 22.2868159 ], [ 114.1426989, 22.2867748 ], [ 114.1427389, 22.2867735 ], [ 114.1427381, 22.2867518 ], [ 114.1427096, 22.2867528 ], [ 114.1427091, 22.2867402 ], [ 114.1426893, 22.2867409 ], [ 114.1426887, 22.2867256 ], [ 114.1426119, 22.286728 ], [ 114.1426125, 22.2867433 ], [ 114.1425926, 22.286744 ], [ 114.1425931, 22.2867565 ], [ 114.1425645, 22.2867574 ], [ 114.1425654, 22.286779 ], [ 114.1426054, 22.2867777 ], [ 114.1426069, 22.2868189 ], [ 114.1427004, 22.2868159 ] ] ] } },
{ "type": "Feature", "properties": { "id": "1274769955", "name": "nan", "shop": "nan", "highway": "nan", "railway": "nan", "leisure": "nan", "landuse": "nan", "building": "apartments" }, "geometry": { "type": "Polygon", "coordinates": [ [ [ 114.1427679, 22.2867737 ], [ 114.1427691, 22.2868057 ], [ 114.1428885, 22.2868019 ], [ 114.1428873, 22.2867699 ], [ 114.1428611, 22.2867707 ], [ 114.1428592, 22.2867206 ], [ 114.1427923, 22.2867228 ], [ 114.1427942, 22.2867728 ], [ 114.1427679, 22.2867737 ] ] ] } },
{ "type": "Feature", "properties": { "id": "1274769956", "name": "nan", "shop": "nan", "highway": "nan", "railway": "nan", "leisure": "nan", "landuse": "nan", "building": "apartments" }, "geometry": { "type": "Polygon", "coordinates": [ [ [ 114.1429476, 22.2867679 ], [ 114.1429455, 22.286712 ], [ 114.1429047, 22.2867133 ], [ 114.1429067, 22.2867692 ], [ 114.1428873, 22.2867699 ], [ 114.1428885, 22.2868019 ], [ 114.1429242, 22.2868008 ], [ 114.1429681, 22.2867994 ], [ 114.1429673, 22.2867778 ], [ 114.142967, 22.2867673 ], [ 114.1429476, 22.2867679 ] ] ] } },
{ "type": "Feature", "properties": { "id": "1274769957", "name": "豐景閣 Fung King Court", "shop": "nan", "highway": "nan", "railway": "nan", "leisure": "nan", "landuse": "nan", "building": "retail" }, "geometry": { "type": "Polygon", "coordinates": [ [ [ 114.1424914, 22.2868425 ], [ 114.1424867, 22.2867149 ], [ 114.1423473, 22.2867193 ], [ 114.1423521, 22.2868469 ], [ 114.1424914, 22.2868425 ] ] ] } },
{ "type": "Feature", "properties": { "id": "1274769958", "name": "nan", "shop": "nan", "highway": "nan", "railway": "nan", "leisure": "nan", "landuse": "nan", "building": "apartments" }, "geometry": { "type": "Polygon", "coordinates": [ [ [ 114.1424867, 22.2867149 ], [ 114.1425331, 22.2867134 ], [ 114.1425379, 22.286841 ], [ 114.1424914, 22.2868425 ], [ 114.1424867, 22.2867149 ] ] ] } },
{ "type": "Feature", "properties": { "id": "1274769959", "name": "太益樓 Tai Yick House", "shop": "nan", "highway": "nan", "railway": "nan", "leisure": "nan", "landuse": "nan", "building": "apartments" }, "geometry": { "type": "Polygon", "coordinates": [ [ [ 114.1429608, 22.2866365 ], [ 114.1430417, 22.2866339 ], [ 114.1430383, 22.2865422 ], [ 114.1429574, 22.2865448 ], [ 114.1429608, 22.2866365 ] ] ] } },
{ "type": "Feature", "properties": { "id": "1274769960", "name": "nan", "shop": "nan", "highway": "nan", "railway": "nan", "leisure": "nan", "landuse": "nan", "building": "apartments" }, "geometry": { "type": "Polygon", "coordinates": [ [ [ 114.1428799, 22.2866391 ], [ 114.1429608, 22.2866365 ], [ 114.1429574, 22.2865448 ], [ 114.1428765, 22.2865474 ], [ 114.1428799, 22.2866391 ] ] ] } },
{ "type": "Feature", "properties": { "id": "1274769961", "name": "安樂樓 On Lok House", "shop": "nan", "highway": "nan", "railway": "nan", "leisure": "nan", "landuse": "nan", "building": "apartments" }, "geometry": { "type": "Polygon", "coordinates": [ [ [ 114.142799, 22.2866417 ], [ 114.1428799, 22.2866391 ], [ 114.1428765, 22.2865474 ], [ 114.1427956, 22.28655 ], [ 114.142799, 22.2866417 ] ] ] } },
{ "type": "Feature", "properties": { "id": "1274769962", "name": "nan", "shop": "nan", "highway": "nan", "railway": "nan", "leisure": "nan", "landuse": "nan", "building": "apartments" }, "geometry": { "type": "Polygon", "coordinates": [ [ [ 114.1427182, 22.2866442 ], [ 114.142799, 22.2866417 ], [ 114.1427956, 22.28655 ], [ 114.1427147, 22.2865525 ], [ 114.1427182, 22.2866442 ] ] ] } },
{ "type": "Feature", "properties": { "id": "1274769963", "name": "nan", "shop": "nan", "highway": "nan", "railway": "nan", "leisure": "nan", "landuse": "nan", "building": "apartments" }, "geometry": { "type": "Polygon", "coordinates": [ [ [ 114.1426339, 22.2865551 ], [ 114.1426351, 22.2865898 ], [ 114.1426373, 22.2866468 ], [ 114.1427182, 22.2866442 ], [ 114.1427147, 22.2865525 ], [ 114.1426339, 22.2865551 ] ] ] } },
{ "type": "Feature", "properties": { "id": "1274769964", "name": "nan", "shop": "nan", "highway": "nan", "railway": "nan", "leisure": "nan", "landuse": "nan", "building": "apartments" }, "geometry": { "type": "Polygon", "coordinates": [ [ [ 114.1426239, 22.286665 ], [ 114.1426222, 22.2866216 ], [ 114.1425875, 22.2866227 ], [ 114.1425863, 22.2865914 ], [ 114.1426351, 22.2865898 ], [ 114.1426339, 22.2865551 ], [ 114.1424809, 22.28656 ], [ 114.1424822, 22.2865947 ], [ 114.142531, 22.2865931 ], [ 114.1425322, 22.2866245 ], [ 114.1424974, 22.2866256 ], [ 114.1424991, 22.286669 ], [ 114.1426239, 22.286665 ] ] ] } },
{ "type": "Feature", "properties": { "id": "1274769965", "name": "嘉盛閣 Charming Court", "shop": "nan", "highway": "nan", "railway": "nan", "leisure": "nan", "landuse": "nan", "building": "apartments" }, "geometry": { "type": "Polygon", "coordinates": [ [ [ 114.1424487, 22.2866108 ], [ 114.1424476, 22.286582 ], [ 114.1423865, 22.2865839 ], [ 114.1423875, 22.2866127 ], [ 114.1423536, 22.2866138 ], [ 114.1423552, 22.2866582 ], [ 114.1423892, 22.2866571 ], [ 114.1423899, 22.2866766 ], [ 114.1424511, 22.2866747 ], [ 114.1424504, 22.2866552 ], [ 114.1424844, 22.2866541 ], [ 114.1424827, 22.2866097 ], [ 114.1424487, 22.2866108 ] ] ] } },
{ "type": "Feature", "properties": { "id": "1274769966", "name": "東祥大廈 Tung Cheung Building", "shop": "nan", "highway": "nan", "railway": "nan", "leisure": "nan", "landuse": "nan", "building": "apartments" }, "geometry": { "type": "Polygon", "coordinates": [ [ [ 114.1435629, 22.2862341 ], [ 114.143561, 22.2861831 ], [ 114.1434611, 22.2861863 ], [ 114.143463, 22.2862373 ], [ 114.1434169, 22.2862388 ], [ 114.1434188, 22.2862887 ], [ 114.1436108, 22.2862826 ], [ 114.1436089, 22.2862327 ], [ 114.1435629, 22.2862341 ] ] ] } },
{ "type": "Feature", "properties": { "id": "1274769967", "name": "nan", "shop": "nan", "highway": "nan", "railway": "nan", "leisure": "nan", "landuse": "nan", "building": "apartments" }, "geometry": { "type": "Polygon", "coordinates": [ [ [ 114.1424338, 22.2864092 ], [ 114.142445, 22.2863981 ], [ 114.1424436, 22.286359 ], [ 114.1424316, 22.2863487 ], [ 114.142401, 22.2863496 ], [ 114.1423997, 22.2863137 ], [ 114.1423754, 22.2863145 ], [ 114.142375, 22.2863021 ], [ 114.1423476, 22.286303 ], [ 114.1423527, 22.2864394 ], [ 114.1423369, 22.2864399 ], [ 114.1423384, 22.2864803 ], [ 114.1423764, 22.2864791 ], [ 114.1423758, 22.2864642 ], [ 114.1424174, 22.2864629 ], [ 114.1424165, 22.2864375 ], [ 114.1423922, 22.2864383 ], [ 114.1423912, 22.2864106 ], [ 114.1424338, 22.2864092 ] ] ] } },
{ "type": "Feature", "properties": { "id": "1274769968", "name": "nan", "shop": "nan", "highway": "nan", "railway": "nan", "leisure": "nan", "landuse": "nan", "building": "apartments" }, "geometry": { "type": "Polygon", "coordinates": [ [ [ 114.1412145, 22.2864674 ], [ 114.1412126, 22.2864146 ], [ 114.1412618, 22.2864131 ], [ 114.1412637, 22.2864659 ], [ 114.1412856, 22.2864653 ], [ 114.1412873, 22.2865132 ], [ 114.1411943, 22.286516 ], [ 114.1411926, 22.2864681 ], [ 114.1412145, 22.2864674 ] ] ] } },
{ "type": "Feature", "properties": { "id": "1274769969", "name": "振坤樓 Chun Kwan Building", "shop": "nan", "highway": "nan", "railway": "nan", "leisure": "nan", "landuse": "nan", "building": "apartments" }, "geometry": { "type": "Polygon", "coordinates": [ [ [ 114.1416186, 22.2868764 ], [ 114.1416168, 22.2867989 ], [ 114.1416014, 22.2867992 ], [ 114.1416004, 22.2867567 ], [ 114.1415466, 22.2867577 ], [ 114.1415476, 22.2868002 ], [ 114.1415321, 22.2868005 ], [ 114.1415324, 22.286813 ], [ 114.1415339, 22.2868781 ], [ 114.1416186, 22.2868764 ] ] ] } },
{ "type": "Feature", "properties": { "id": "1274769970", "name": "nan", "shop": "nan", "highway": "nan", "railway": "nan", "leisure": "nan", "landuse": "nan", "building": "apartments" }, "geometry": { "type": "Polygon", "coordinates": [ [ [ 114.1417033, 22.2868748 ], [ 114.1417022, 22.2868239 ], [ 114.1417018, 22.2868096 ], [ 114.141689, 22.2868099 ], [ 114.1416881, 22.2867686 ], [ 114.1416289, 22.2867698 ], [ 114.1416299, 22.2868111 ], [ 114.1416171, 22.2868113 ], [ 114.1416186, 22.2868764 ], [ 114.1417033, 22.2868748 ] ] ] } },
{ "type": "Feature", "properties": { "id": "1274769971", "name": "nan", "shop": "nan", "highway": "nan", "railway": "nan", "leisure": "nan", "landuse": "nan", "building": "apartments" }, "geometry": { "type": "Polygon", "coordinates": [ [ [ 114.1417881, 22.2868731 ], [ 114.1418304, 22.2868722 ], [ 114.1418289, 22.2868071 ], [ 114.141828, 22.2867658 ], [ 114.1417856, 22.2867667 ], [ 114.1417869, 22.2868223 ], [ 114.1417881, 22.2868731 ] ] ] } },
{ "type": "Feature", "properties": { "id": "1274769972", "name": "nan", "shop": "nan", "highway": "nan", "railway": "nan", "leisure": "nan", "landuse": "nan", "building": "apartments" }, "geometry": { "type": "Polygon", "coordinates": [ [ [ 114.1417114, 22.2867682 ], [ 114.1417122, 22.2868029 ], [ 114.1417279, 22.2868026 ], [ 114.1417283, 22.2868234 ], [ 114.1417022, 22.2868239 ], [ 114.1417033, 22.2868748 ], [ 114.1417881, 22.2868731 ], [ 114.1417869, 22.2868223 ], [ 114.1417607, 22.2868228 ], [ 114.1417602, 22.286802 ], [ 114.1417759, 22.2868017 ], [ 114.1417751, 22.2867669 ], [ 114.1417114, 22.2867682 ] ] ] } },
{ "type": "Feature", "properties": { "id": "1274769973", "name": "nan", "shop": "nan", "highway": "nan", "railway": "nan", "leisure": "nan", "landuse": "nan", "building": "apartments" }, "geometry": { "type": "Polygon", "coordinates": [ [ [ 114.1419983, 22.2868038 ], [ 114.141998, 22.286787 ], [ 114.1420827, 22.2867853 ], [ 114.1420846, 22.2868672 ], [ 114.1419999, 22.2868689 ], [ 114.1419983, 22.2868038 ] ] ] } },
{ "type": "Feature", "properties": { "id": "1274769974", "name": "nan", "shop": "nan", "highway": "nan", "railway": "nan", "leisure": "nan", "landuse": "nan", "building": "apartments" }, "geometry": { "type": "Polygon", "coordinates": [ [ [ 114.1419151, 22.2868706 ], [ 114.1419136, 22.2868054 ], [ 114.1419264, 22.2868052 ], [ 114.1419255, 22.2867639 ], [ 114.1419846, 22.2867627 ], [ 114.1419856, 22.286804 ], [ 114.1419983, 22.2868038 ], [ 114.1419999, 22.2868689 ], [ 114.1419151, 22.2868706 ] ] ] } },
{ "type": "Feature", "properties": { "id": "1274769975", "name": "nan", "shop": "nan", "highway": "nan", "railway": "nan", "leisure": "nan", "landuse": "nan", "building": "apartments" }, "geometry": { "type": "Polygon", "coordinates": [ [ [ 114.1419151, 22.2868706 ], [ 114.1419136, 22.2868054 ], [ 114.1419008, 22.2868057 ], [ 114.1418999, 22.2867644 ], [ 114.1418407, 22.2867656 ], [ 114.1418417, 22.2868069 ], [ 114.1418289, 22.2868071 ], [ 114.1418304, 22.2868722 ], [ 114.1419151, 22.2868706 ] ] ] } },
{ "type": "Feature", "properties": { "id": "1274769976", "name": "nan", "shop": "nan", "highway": "nan", "railway": "nan", "leisure": "nan", "landuse": "nan", "building": "apartments" }, "geometry": { "type": "Polygon", "coordinates": [ [ [ 114.1419856, 22.286691 ], [ 114.1420652, 22.2866894 ], [ 114.1420628, 22.2865833 ], [ 114.1419832, 22.2865848 ], [ 114.1419856, 22.286691 ] ] ] } },
{ "type": "Feature", "properties": { "id": "1274769977", "name": "nan", "shop": "nan", "highway": "nan", "railway": "nan", "leisure": "nan", "landuse": "nan", "building": "apartments" }, "geometry": { "type": "Polygon", "coordinates": [ [ [ 114.1419037, 22.2865864 ], [ 114.1419061, 22.2866925 ], [ 114.1419856, 22.286691 ], [ 114.1419832, 22.2865848 ], [ 114.1419037, 22.2865864 ] ] ] } },
{ "type": "Feature", "properties": { "id": "1274769978", "name": "nan", "shop": "nan", "highway": "nan", "railway": "nan", "leisure": "nan", "landuse": "nan", "building": "apartments" }, "geometry": { "type": "Polygon", "coordinates": [ [ [ 114.1419037, 22.2865864 ], [ 114.1418242, 22.2865879 ], [ 114.1418266, 22.2866941 ], [ 114.1419061, 22.2866925 ], [ 114.1419037, 22.2865864 ] ] ] } },
{ "type": "Feature", "properties": { "id": "1274769979", "name": "nan", "shop": "nan", "highway": "nan", "railway": "nan", "leisure": "nan", "landuse": "nan", "building": "apartments" }, "geometry": { "type": "Polygon", "coordinates": [ [ [ 114.1417228, 22.2866124 ], [ 114.1417223, 22.2865899 ], [ 114.1416559, 22.2865912 ], [ 114.1416564, 22.2866137 ], [ 114.1416006, 22.2866148 ], [ 114.1416021, 22.2866783 ], [ 114.1417801, 22.2866748 ], [ 114.1417786, 22.2866112 ], [ 114.1417228, 22.2866124 ] ] ] } },
{ "type": "Feature", "properties": { "id": "1274769980", "name": "nan", "shop": "nan", "highway": "nan", "railway": "nan", "leisure": "nan", "landuse": "nan", "building": "retail" }, "geometry": { "type": "Polygon", "coordinates": [ [ [ 114.1415778, 22.2866788 ], [ 114.1416021, 22.2866783 ], [ 114.1417801, 22.2866748 ], [ 114.1418043, 22.2866743 ], [ 114.1418023, 22.2865884 ], [ 114.1417223, 22.2865899 ], [ 114.1416559, 22.2865912 ], [ 114.1415758, 22.2865928 ], [ 114.1415778, 22.2866788 ] ] ] } },
{ "type": "Feature", "properties": { "id": "1274769981", "name": "nan", "shop": "nan", "highway": "nan", "railway": "nan", "leisure": "nan", "landuse": "nan", "building": "apartments" }, "geometry": { "type": "Polygon", "coordinates": [ [ [ 114.1414773, 22.2865948 ], [ 114.141479, 22.2866645 ], [ 114.1415028, 22.286664 ], [ 114.141503, 22.2866766 ], [ 114.1415324, 22.286676 ], [ 114.1415321, 22.2866634 ], [ 114.1415556, 22.286663 ], [ 114.141554, 22.2865932 ], [ 114.1414773, 22.2865948 ] ] ] } },
{ "type": "Feature", "properties": { "id": "1274769982", "name": "nan", "shop": "nan", "highway": "nan", "railway": "nan", "leisure": "nan", "landuse": "nan", "building": "apartments" }, "geometry": { "type": "Polygon", "coordinates": [ [ [ 114.1414773, 22.2865948 ], [ 114.141479, 22.2866645 ], [ 114.1414553, 22.286665 ], [ 114.1414556, 22.2866776 ], [ 114.1414262, 22.2866782 ], [ 114.141426, 22.2866657 ], [ 114.1414022, 22.2866662 ], [ 114.1414006, 22.2865964 ], [ 114.1414773, 22.2865948 ] ] ] } },
{ "type": "Feature", "properties": { "id": "1274769983", "name": "nan", "shop": "nan", "highway": "nan", "railway": "nan", "leisure": "nan", "landuse": "nan", "building": "apartments" }, "geometry": { "type": "Polygon", "coordinates": [ [ [ 114.1413238, 22.2865979 ], [ 114.1413254, 22.2866677 ], [ 114.1413491, 22.2866672 ], [ 114.1413494, 22.2866798 ], [ 114.1413788, 22.2866792 ], [ 114.1413785, 22.2866667 ], [ 114.1414022, 22.2866662 ], [ 114.1414006, 22.2865964 ], [ 114.1413238, 22.2865979 ] ] ] } },
{ "type": "Feature", "properties": { "id": "1274769984", "name": "nan", "shop": "nan", "highway": "nan", "railway": "nan", "leisure": "nan", "landuse": "nan", "building": "apartments" }, "geometry": { "type": "Polygon", "coordinates": [ [ [ 114.1413263, 22.2867041 ], [ 114.141288, 22.2867049 ], [ 114.1412855, 22.2865987 ], [ 114.1413238, 22.2865979 ], [ 114.1413254, 22.2866677 ], [ 114.1413263, 22.2867041 ] ] ] } },
{ "type": "Feature", "properties": { "id": "1274769986", "name": "nan", "shop": "nan", "highway": "nan", "railway": "nan", "leisure": "nan", "landuse": "nan", "building": "apartments" }, "geometry": { "type": "Polygon", "coordinates": [ [ [ 114.141137, 22.2866845 ], [ 114.1411367, 22.286672 ], [ 114.1411604, 22.2866715 ], [ 114.1411588, 22.2866016 ], [ 114.1410725, 22.2866034 ], [ 114.1410742, 22.2866733 ], [ 114.1410979, 22.2866728 ], [ 114.1410982, 22.2866853 ], [ 114.141137, 22.2866845 ] ] ] } },
{ "type": "Feature", "properties": { "id": "1274769987", "name": "nan", "shop": "nan", "highway": "nan", "railway": "nan", "leisure": "nan", "landuse": "nan", "building": "apartments" }, "geometry": { "type": "Polygon", "coordinates": [ [ [ 114.1412036, 22.2866706 ], [ 114.1412044, 22.2867067 ], [ 114.1412648, 22.2867055 ], [ 114.1412623, 22.2865995 ], [ 114.1411588, 22.2866016 ], [ 114.1411604, 22.2866715 ], [ 114.1412036, 22.2866706 ] ] ] } },
{ "type": "Feature", "properties": { "id": "1274769989", "name": "新昇大廈 New Start Building", "shop": "nan", "highway": "nan", "railway": "nan", "leisure": "nan", "landuse": "nan", "building": "apartments" }, "geometry": { "type": "Polygon", "coordinates": [ [ [ 114.1414058, 22.2868607 ], [ 114.1414051, 22.2868278 ], [ 114.141438, 22.2868271 ], [ 114.141437, 22.2867865 ], [ 114.1414041, 22.2867872 ], [ 114.1414037, 22.2867672 ], [ 114.1413374, 22.2867685 ], [ 114.1413379, 22.2867885 ], [ 114.141305, 22.2867892 ], [ 114.1413059, 22.2868298 ], [ 114.1413388, 22.2868291 ], [ 114.1413396, 22.286862 ], [ 114.1414058, 22.2868607 ] ] ] } },
{ "type": "Feature", "properties": { "id": "1274769990", "name": "八達大廈 Federate Building", "shop": "nan", "highway": "nan", "railway": "nan", "leisure": "nan", "landuse": "nan", "building": "retail" }, "geometry": { "type": "Polygon", "coordinates": [ [ [ 114.1420846, 22.2868672 ], [ 114.1422344, 22.2868642 ], [ 114.1422321, 22.2867614 ], [ 114.14223, 22.286673 ], [ 114.1422279, 22.2865801 ], [ 114.1420872, 22.2865828 ], [ 114.1420904, 22.2867203 ], [ 114.1420812, 22.2867205 ], [ 114.1420827, 22.2867853 ], [ 114.1420846, 22.2868672 ] ] ] } },
{ "type": "Feature", "properties": { "id": "1274769991", "name": "nan", "shop": "nan", "highway": "nan", "railway": "nan", "leisure": "nan", "landuse": "nan", "building": "yes" }, "geometry": { "type": "Polygon", "coordinates": [ [ [ 114.1412465, 22.2868842 ], [ 114.1412455, 22.2868426 ], [ 114.141268, 22.2868421 ], [ 114.141269, 22.2868837 ], [ 114.1412577, 22.2868839 ], [ 114.1412465, 22.2868842 ] ] ] } },
{ "type": "Feature", "properties": { "id": "1275251774", "name": "富賢閣 Fu Yin Court", "shop": "nan", "highway": "nan", "railway": "nan", "leisure": "nan", "landuse": "nan", "building": "apartments" }, "geometry": { "type": "Polygon", "coordinates": [ [ [ 114.1357027, 22.2855191 ], [ 114.1357122, 22.2855169 ], [ 114.1357065, 22.285496 ], [ 114.1357532, 22.2854853 ], [ 114.1357588, 22.2855062 ], [ 114.1357682, 22.285504 ], [ 114.1357797, 22.2855469 ], [ 114.1357871, 22.2855452 ], [ 114.1357967, 22.2855809 ], [ 114.1357492, 22.2855918 ], [ 114.1357428, 22.2855677 ], [ 114.1357174, 22.2855735 ], [ 114.1357027, 22.2855191 ] ] ] } },
{ "type": "Feature", "properties": { "id": "1275251777", "name": "nan", "shop": "nan", "highway": "nan", "railway": "nan", "leisure": "nan", "landuse": "nan", "building": "retail" }, "geometry": { "type": "Polygon", "coordinates": [ [ [ 114.1365556, 22.2861284 ], [ 114.1365066, 22.2861147 ], [ 114.1364303, 22.2861321 ], [ 114.1364168, 22.2861734 ], [ 114.1363843, 22.2861642 ], [ 114.1363585, 22.286243 ], [ 114.1363911, 22.2862521 ], [ 114.1363854, 22.2862695 ], [ 114.1363528, 22.2862604 ], [ 114.1363271, 22.2863392 ], [ 114.1363596, 22.2863483 ], [ 114.1363539, 22.2863657 ], [ 114.1363214, 22.2863566 ], [ 114.136309, 22.2863945 ], [ 114.1365606, 22.2864649 ], [ 114.1366698, 22.286131 ], [ 114.1365644, 22.2861015 ], [ 114.1365556, 22.2861284 ] ] ] } },
{ "type": "Feature", "properties": { "id": "1275251780", "name": "nan", "shop": "nan", "highway": "nan", "railway": "nan", "leisure": "nan", "landuse": "nan", "building": "apartments" }, "geometry": { "type": "Polygon", "coordinates": [ [ [ 114.1355154, 22.2861932 ], [ 114.1355289, 22.2862426 ], [ 114.1353743, 22.2862787 ], [ 114.1353612, 22.2862308 ], [ 114.135412, 22.286219 ], [ 114.1353988, 22.2861705 ], [ 114.1354503, 22.2861585 ], [ 114.1354631, 22.2862054 ], [ 114.1355154, 22.2861932 ] ] ] } },
{ "type": "Feature", "properties": { "id": "1275251784", "name": "華明中心 Wah Ming Centre", "shop": "nan", "highway": "nan", "railway": "nan", "leisure": "nan", "landuse": "nan", "building": "commercial" }, "geometry": { "type": "Polygon", "coordinates": [ [ [ 114.1372299, 22.2865849 ], [ 114.1372348, 22.2865695 ], [ 114.1373683, 22.2861472 ], [ 114.1372034, 22.2860464 ], [ 114.1371465, 22.2860116 ], [ 114.1371138, 22.2860574 ], [ 114.1369691, 22.2865142 ], [ 114.1370156, 22.2865268 ], [ 114.1370853, 22.2865457 ], [ 114.1372164, 22.2865812 ], [ 114.1372299, 22.2865849 ] ] ] } },
{ "type": "Feature", "properties": { "id": "1275251785", "name": "nan", "shop": "nan", "highway": "nan", "railway": "nan", "leisure": "nan", "landuse": "nan", "building": "retail" }, "geometry": { "type": "Polygon", "coordinates": [ [ [ 114.1368556, 22.2867896 ], [ 114.1368952, 22.2866645 ], [ 114.1369076, 22.2866253 ], [ 114.1369356, 22.2865369 ], [ 114.1370761, 22.2865749 ], [ 114.1370481, 22.2866633 ], [ 114.1370357, 22.2867026 ], [ 114.1369961, 22.2868276 ], [ 114.1368556, 22.2867896 ] ] ] } },
{ "type": "Feature", "properties": { "id": "1275251786", "name": "C座 Block C", "shop": "nan", "highway": "nan", "railway": "nan", "leisure": "nan", "landuse": "nan", "building": "apartments" }, "geometry": { "type": "Polygon", "coordinates": [ [ [ 114.1369178, 22.286681 ], [ 114.1368983, 22.2867426 ], [ 114.1369355, 22.2867527 ], [ 114.1369477, 22.2867142 ], [ 114.1369625, 22.2867182 ], [ 114.1369503, 22.2867567 ], [ 114.1369875, 22.2867668 ], [ 114.137007, 22.2867052 ], [ 114.137021, 22.2867089 ], [ 114.137024, 22.2866994 ], [ 114.1370357, 22.2867026 ], [ 114.1370481, 22.2866633 ], [ 114.1369076, 22.2866253 ], [ 114.1368952, 22.2866645 ], [ 114.1369068, 22.2866676 ], [ 114.1369038, 22.2866772 ], [ 114.1369178, 22.286681 ] ] ] } },
{ "type": "Feature", "properties": { "id": "1275251789", "name": "A座 Block A", "shop": "nan", "highway": "nan", "railway": "nan", "leisure": "nan", "landuse": "nan", "building": "apartments" }, "geometry": { "type": "Polygon", "coordinates": [ [ [ 114.1372261, 22.2861494 ], [ 114.137225, 22.2861452 ], [ 114.1372164, 22.2861429 ], [ 114.1372131, 22.2861459 ], [ 114.1372083, 22.2861446 ], [ 114.1372055, 22.2861535 ], [ 114.1371997, 22.2861519 ], [ 114.1371986, 22.2861478 ], [ 114.1371901, 22.2861455 ], [ 114.1371867, 22.2861484 ], [ 114.1371839, 22.2861476 ], [ 114.1371701, 22.2861912 ], [ 114.1371458, 22.2861846 ], [ 114.1371321, 22.2861809 ], [ 114.1371312, 22.2861835 ], [ 114.1371267, 22.2861846 ], [ 114.1371242, 22.2861925 ], [ 114.1371274, 22.2861955 ], [ 114.1371243, 22.2862054 ], [ 114.1371199, 22.2862063 ], [ 114.1371174, 22.2862142 ], [ 114.1371205, 22.2862174 ], [ 114.1371197, 22.28622 ], [ 114.1371335, 22.2862237 ], [ 114.1371602, 22.286231 ], [ 114.1371525, 22.2862553 ], [ 114.1371258, 22.286248 ], [ 114.137112, 22.2862443 ], [ 114.1371112, 22.2862469 ], [ 114.1371067, 22.286248 ], [ 114.1371042, 22.2862559 ], [ 114.1371074, 22.2862589 ], [ 114.1371043, 22.2862687 ], [ 114.1370998, 22.2862697 ], [ 114.1370973, 22.2862776 ], [ 114.1371005, 22.2862807 ], [ 114.1370996, 22.2862834 ], [ 114.1371134, 22.2862871 ], [ 114.1371319, 22.2862921 ], [ 114.1371273, 22.2863065 ], [ 114.1371303, 22.2863094 ], [ 114.1371276, 22.2863178 ], [ 114.1371234, 22.2863187 ], [ 114.1371209, 22.2863268 ], [ 114.1371238, 22.2863298 ], [ 114.137123, 22.2863324 ], [ 114.1371435, 22.286338 ], [ 114.1371415, 22.2863442 ], [ 114.1371636, 22.2863502 ], [ 114.137178, 22.2863046 ], [ 114.1371826, 22.2862901 ], [ 114.1371984, 22.2862944 ], [ 114.1372144, 22.2862987 ], [ 114.1372098, 22.2863132 ], [ 114.1371954, 22.2863588 ], [ 114.1372174, 22.2863648 ], [ 114.1372194, 22.2863585 ], [ 114.1372399, 22.2863641 ], [ 114.1372407, 22.2863615 ], [ 114.137245, 22.2863604 ], [ 114.1372475, 22.2863523 ], [ 114.1372445, 22.2863494 ], [ 114.1372472, 22.2863411 ], [ 114.1372514, 22.2863401 ], [ 114.137256, 22.2863257 ], [ 114.1372744, 22.2863307 ], [ 114.1372882, 22.2863344 ], [ 114.137289, 22.2863318 ], [ 114.1372935, 22.2863307 ], [ 114.137296, 22.2863229 ], [ 114.1372928, 22.2863198 ], [ 114.1372959, 22.28631 ], [ 114.1373004, 22.286309 ], [ 114.1373029, 22.2863011 ], [ 114.1372997, 22.286298 ], [ 114.1373005, 22.2862954 ], [ 114.1372868, 22.2862916 ], [ 114.13726, 22.2862844 ], [ 114.1372677, 22.2862601 ], [ 114.1372945, 22.2862673 ], [ 114.1373082, 22.2862711 ], [ 114.1373091, 22.2862684 ], [ 114.1373135, 22.2862674 ], [ 114.137316, 22.2862595 ], [ 114.1373129, 22.2862564 ], [ 114.137316, 22.2862466 ], [ 114.1373204, 22.2862456 ], [ 114.1373229, 22.2862377 ], [ 114.1373198, 22.2862346 ], [ 114.1373206, 22.286232 ], [ 114.1373068, 22.2862283 ], [ 114.1372826, 22.2862217 ], [ 114.1372964, 22.2861781 ], [ 114.1372935, 22.2861773 ], [ 114.1372924, 22.2861732 ], [ 114.1372838, 22.2861709 ], [ 114.1372805, 22.2861738 ], [ 114.1372747, 22.2861722 ], [ 114.1372775, 22.2861633 ], [ 114.1372728, 22.286162 ], [ 114.1372717, 22.2861579 ], [ 114.1372632, 22.2861556 ], [ 114.1372598, 22.2861585 ], [ 114.1372569, 22.2861577 ], [ 114.1372421, 22.2862046 ], [ 114.1372141, 22.286197 ], [ 114.1372289, 22.2861501 ], [ 114.1372261, 22.2861494 ] ] ] } },
{ "type": "Feature", "properties": { "id": "1275251790", "name": "B座 Block B", "shop": "nan", "highway": "nan", "railway": "nan", "leisure": "nan", "landuse": "nan", "building": "apartments" }, "geometry": { "type": "Polygon", "coordinates": [ [ [ 114.1370899, 22.2864532 ], [ 114.1370631, 22.286446 ], [ 114.1370494, 22.2864423 ], [ 114.1370485, 22.2864449 ], [ 114.1370441, 22.2864459 ], [ 114.1370416, 22.2864538 ], [ 114.1370447, 22.2864569 ], [ 114.1370416, 22.2864667 ], [ 114.1370372, 22.2864677 ], [ 114.1370347, 22.2864756 ], [ 114.1370378, 22.2864787 ], [ 114.137037, 22.2864813 ], [ 114.1370508, 22.2864851 ], [ 114.1370692, 22.2864901 ], [ 114.1370646, 22.2865045 ], [ 114.1370677, 22.2865074 ], [ 114.137065, 22.2865158 ], [ 114.1370608, 22.2865167 ], [ 114.1370582, 22.2865248 ], [ 114.1370612, 22.2865278 ], [ 114.1370604, 22.2865304 ], [ 114.1370809, 22.2865359 ], [ 114.1370789, 22.2865422 ], [ 114.1371009, 22.2865482 ], [ 114.1371153, 22.2865026 ], [ 114.1371199, 22.2864881 ], [ 114.1371518, 22.2864967 ], [ 114.1371472, 22.2865112 ], [ 114.1371328, 22.2865568 ], [ 114.1371548, 22.2865628 ], [ 114.1371568, 22.2865565 ], [ 114.1371773, 22.2865621 ], [ 114.1371781, 22.2865594 ], [ 114.1371823, 22.2865584 ], [ 114.1371849, 22.2865503 ], [ 114.1371819, 22.2865474 ], [ 114.1371845, 22.286539 ], [ 114.1371888, 22.2865381 ], [ 114.1371933, 22.2865237 ], [ 114.1372118, 22.2865287 ], [ 114.1372255, 22.2865324 ], [ 114.1372264, 22.2865298 ], [ 114.1372309, 22.2865287 ], [ 114.1372333, 22.2865208 ], [ 114.1372302, 22.2865178 ], [ 114.1372333, 22.286508 ], [ 114.1372377, 22.286507 ], [ 114.1372402, 22.2864991 ], [ 114.1372371, 22.286496 ], [ 114.1372379, 22.2864933 ], [ 114.1372241, 22.2864896 ], [ 114.1371974, 22.2864824 ], [ 114.1372051, 22.2864581 ], [ 114.1372318, 22.2864653 ], [ 114.1372456, 22.286469 ], [ 114.1372464, 22.2864664 ], [ 114.1372509, 22.2864654 ], [ 114.1372534, 22.2864575 ], [ 114.1372502, 22.2864544 ], [ 114.1372533, 22.2864446 ], [ 114.1372578, 22.2864436 ], [ 114.1372603, 22.2864357 ], [ 114.1372571, 22.2864326 ], [ 114.1372579, 22.28643 ], [ 114.1372442, 22.2864262 ], [ 114.1372257, 22.2864212 ], [ 114.1372303, 22.2864068 ], [ 114.1372273, 22.2864039 ], [ 114.1372299, 22.2863955 ], [ 114.1372342, 22.2863946 ], [ 114.1372367, 22.2863865 ], [ 114.1372337, 22.2863835 ], [ 114.1372346, 22.2863809 ], [ 114.1372141, 22.2863754 ], [ 114.1372161, 22.2863691 ], [ 114.137194, 22.2863631 ], [ 114.1371796, 22.2864088 ], [ 114.1371478, 22.2864001 ], [ 114.1371622, 22.2863545 ], [ 114.1371402, 22.2863485 ], [ 114.1371382, 22.2863548 ], [ 114.1371177, 22.2863493 ], [ 114.1371169, 22.2863519 ], [ 114.1371126, 22.2863529 ], [ 114.13711, 22.286361 ], [ 114.1371131, 22.2863639 ], [ 114.1371104, 22.2863723 ], [ 114.1371062, 22.2863732 ], [ 114.1371016, 22.2863876 ], [ 114.1370832, 22.2863826 ], [ 114.1370694, 22.2863789 ], [ 114.1370686, 22.2863815 ], [ 114.1370641, 22.2863826 ], [ 114.1370616, 22.2863905 ], [ 114.1370648, 22.2863935 ], [ 114.1370617, 22.2864033 ], [ 114.1370572, 22.2864043 ], [ 114.1370547, 22.2864122 ], [ 114.1370579, 22.2864154 ], [ 114.137057, 22.286418 ], [ 114.1370708, 22.2864217 ], [ 114.1370976, 22.286429 ], [ 114.1370899, 22.2864532 ] ] ] } },
{ "type": "Feature", "properties": { "id": "1275251793", "name": "nan", "shop": "nan", "highway": "nan", "railway": "nan", "leisure": "nan", "landuse": "nan", "building": "yes" }, "geometry": { "type": "Polygon", "coordinates": [ [ [ 114.1383393, 22.2853652 ], [ 114.138369, 22.2853563 ], [ 114.1383997, 22.2853507 ], [ 114.1384308, 22.2853485 ], [ 114.138462, 22.2853499 ], [ 114.1384928, 22.2853547 ], [ 114.1384936, 22.2853965 ], [ 114.138495, 22.2854791 ], [ 114.1383778, 22.2854808 ], [ 114.1383216, 22.2854816 ], [ 114.1383066, 22.2854819 ], [ 114.1383001, 22.285482 ], [ 114.1383005, 22.2855014 ], [ 114.1382963, 22.2855015 ], [ 114.1381926, 22.285503 ], [ 114.1381918, 22.2854634 ], [ 114.1380895, 22.2854733 ], [ 114.1379326, 22.2854387 ], [ 114.1379527, 22.2853603 ], [ 114.1379626, 22.2853227 ], [ 114.1381364, 22.2853507 ], [ 114.1381751, 22.2853623 ], [ 114.1382149, 22.2853696 ], [ 114.1382529, 22.2853721 ], [ 114.138299, 22.2853715 ], [ 114.1383393, 22.2853652 ] ] ] } },
{ "type": "Feature", "properties": { "id": "1275251794", "name": "nan", "shop": "nan", "highway": "nan", "railway": "nan", "leisure": "nan", "landuse": "nan", "building": "yes" }, "geometry": { "type": "Polygon", "coordinates": [ [ [ 114.1380895, 22.2854733 ], [ 114.1378789, 22.2854936 ], [ 114.1378622, 22.2853457 ], [ 114.1379527, 22.2853603 ], [ 114.1379326, 22.2854387 ], [ 114.1380895, 22.2854733 ] ] ] } },
{ "type": "Feature", "properties": { "id": "1275251795", "name": "Emerald House", "shop": "nan", "highway": "nan", "railway": "nan", "leisure": "nan", "landuse": "nan", "building": "apartments" }, "geometry": { "type": "Polygon", "coordinates": [ [ [ 114.1381621, 22.2853724 ], [ 114.1381641, 22.2853649 ], [ 114.1381433, 22.2853603 ], [ 114.1381413, 22.2853678 ], [ 114.138115, 22.2853621 ], [ 114.138117, 22.2853546 ], [ 114.1380767, 22.2853457 ], [ 114.1380748, 22.2853532 ], [ 114.1380497, 22.2853477 ], [ 114.1380516, 22.2853402 ], [ 114.1380302, 22.2853355 ], [ 114.1380282, 22.285343 ], [ 114.1379639, 22.2853288 ], [ 114.1379561, 22.2853592 ], [ 114.1379643, 22.285361 ], [ 114.137961, 22.2853741 ], [ 114.1380219, 22.2853875 ], [ 114.1380182, 22.2854017 ], [ 114.1379965, 22.2853969 ], [ 114.1379955, 22.2854008 ], [ 114.1379848, 22.2853985 ], [ 114.1379809, 22.2854138 ], [ 114.1379916, 22.2854162 ], [ 114.1379846, 22.2854434 ], [ 114.1380103, 22.285449 ], [ 114.1380121, 22.2854419 ], [ 114.1380324, 22.2854463 ], [ 114.1380368, 22.2854293 ], [ 114.138052, 22.2854326 ], [ 114.1380474, 22.2854504 ], [ 114.1380657, 22.2854545 ], [ 114.1380694, 22.2854601 ], [ 114.1381098, 22.2854689 ], [ 114.1381225, 22.2854677 ], [ 114.138126, 22.2854543 ], [ 114.1381383, 22.285457 ], [ 114.1381376, 22.28546 ], [ 114.1381572, 22.2854643 ], [ 114.1381597, 22.2854641 ], [ 114.1381616, 22.2854567 ], [ 114.1381918, 22.2854634 ], [ 114.1381991, 22.285435 ], [ 114.1381701, 22.2854286 ], [ 114.1381735, 22.2854152 ], [ 114.1381786, 22.2854163 ], [ 114.1381884, 22.2853782 ], [ 114.1381621, 22.2853724 ] ] ] } },
{ "type": "Feature", "properties": { "id": "1275251796", "name": "Amber House", "shop": "nan", "highway": "nan", "railway": "nan", "leisure": "nan", "landuse": "nan", "building": "apartments" }, "geometry": { "type": "Polygon", "coordinates": [ [ [ 114.138239, 22.2854361 ], [ 114.1382081, 22.2854366 ], [ 114.1382085, 22.2854645 ], [ 114.1382345, 22.2854642 ], [ 114.1382347, 22.2854724 ], [ 114.1382573, 22.2854721 ], [ 114.1382573, 22.2854697 ], [ 114.1382735, 22.2854694 ], [ 114.1382742, 22.2855109 ], [ 114.1382964, 22.2855106 ], [ 114.1382963, 22.2855015 ], [ 114.1383005, 22.2855014 ], [ 114.1383001, 22.285482 ], [ 114.1383066, 22.2854819 ], [ 114.1383059, 22.2854423 ], [ 114.1383209, 22.2854421 ], [ 114.1383216, 22.2854816 ], [ 114.1383778, 22.2854808 ], [ 114.1383777, 22.2854758 ], [ 114.138399, 22.2854755 ], [ 114.1383986, 22.2854553 ], [ 114.1384088, 22.2854552 ], [ 114.138409, 22.285467 ], [ 114.1384283, 22.2854667 ], [ 114.1384284, 22.2854691 ], [ 114.138452, 22.2854687 ], [ 114.1384519, 22.2854603 ], [ 114.1384894, 22.2854597 ], [ 114.1384889, 22.2854321 ], [ 114.1384451, 22.2854327 ], [ 114.1384448, 22.2854154 ], [ 114.1384557, 22.2854152 ], [ 114.1384551, 22.2853772 ], [ 114.1384251, 22.2853777 ], [ 114.1384249, 22.2853691 ], [ 114.1384038, 22.2853694 ], [ 114.1384039, 22.2853782 ], [ 114.1383776, 22.2853785 ], [ 114.1383775, 22.28537 ], [ 114.1383362, 22.2853706 ], [ 114.1383364, 22.2853794 ], [ 114.1382991, 22.28538 ], [ 114.138299, 22.2853715 ], [ 114.1382529, 22.2853721 ], [ 114.1382531, 22.2853809 ], [ 114.1382269, 22.2853813 ], [ 114.1382276, 22.2854193 ], [ 114.1382387, 22.2854192 ], [ 114.138239, 22.2854361 ] ] ] } },
{ "type": "Feature", "properties": { "id": "1275251819", "name": "nan", "shop": "nan", "highway": "nan", "railway": "nan", "leisure": "nan", "landuse": "nan", "building": "yes" }, "geometry": { "type": "Polygon", "coordinates": [ [ [ 114.1417701, 22.2854634 ], [ 114.1418481, 22.2854608 ], [ 114.1418453, 22.2853887 ], [ 114.1417673, 22.2853913 ], [ 114.1417701, 22.2854634 ] ] ] } },
{ "type": "Feature", "properties": { "id": "1275251820", "name": "nan", "shop": "nan", "highway": "nan", "railway": "nan", "leisure": "nan", "landuse": "nan", "building": "yes" }, "geometry": { "type": "Polygon", "coordinates": [ [ [ 114.1417673, 22.2853913 ], [ 114.141689, 22.2853939 ], [ 114.1416892, 22.2853987 ], [ 114.1416918, 22.285466 ], [ 114.1417701, 22.2854634 ], [ 114.1417673, 22.2853913 ] ] ] } },
{ "type": "Feature", "properties": { "id": "1275251823", "name": "nan", "shop": "nan", "highway": "nan", "railway": "nan", "leisure": "nan", "landuse": "nan", "building": "apartments" }, "geometry": { "type": "Polygon", "coordinates": [ [ [ 114.1412972, 22.2853544 ], [ 114.1413187, 22.2853537 ], [ 114.1413168, 22.2853016 ], [ 114.1413439, 22.2853008 ], [ 114.1413459, 22.2853528 ], [ 114.1413938, 22.2853513 ], [ 114.1413918, 22.2852992 ], [ 114.1414122, 22.2852986 ], [ 114.1414096, 22.2852294 ], [ 114.1412926, 22.2852332 ], [ 114.1412972, 22.2853544 ] ] ] } },
{ "type": "Feature", "properties": { "id": "1275251825", "name": "nan", "shop": "nan", "highway": "nan", "railway": "nan", "leisure": "nan", "landuse": "nan", "building": "yes" }, "geometry": { "type": "Polygon", "coordinates": [ [ [ 114.140957, 22.2855777 ], [ 114.1410641, 22.2855743 ], [ 114.1411479, 22.2855716 ], [ 114.1411476, 22.2855646 ], [ 114.1411742, 22.2855637 ], [ 114.141188, 22.2855631 ], [ 114.1411913, 22.2856501 ], [ 114.1411546, 22.2856513 ], [ 114.1410272, 22.2856554 ], [ 114.1409601, 22.2856575 ], [ 114.140957, 22.2855777 ] ] ] } },
{ "type": "Feature", "properties": { "id": "1275251826", "name": "麗恩閣 Lechler Court", "shop": "nan", "highway": "nan", "railway": "nan", "leisure": "nan", "landuse": "nan", "building": "apartments" }, "geometry": { "type": "Polygon", "coordinates": [ [ [ 114.1411814, 22.2853875 ], [ 114.1411671, 22.2853879 ], [ 114.1411679, 22.2854077 ], [ 114.1411605, 22.285408 ], [ 114.1411628, 22.2854699 ], [ 114.1410776, 22.2854726 ], [ 114.1410738, 22.2853721 ], [ 114.1411047, 22.2853711 ], [ 114.1411039, 22.2853508 ], [ 114.1410728, 22.2853518 ], [ 114.1410688, 22.2852459 ], [ 114.1411075, 22.2852447 ], [ 114.1411077, 22.2852492 ], [ 114.1411323, 22.2852484 ], [ 114.1411568, 22.2852477 ], [ 114.1411579, 22.2852775 ], [ 114.1411632, 22.2852773 ], [ 114.1411645, 22.2853126 ], [ 114.14117, 22.2853125 ], [ 114.1411706, 22.285328 ], [ 114.1411791, 22.2853277 ], [ 114.1411809, 22.2853743 ], [ 114.1411814, 22.2853875 ] ] ] } },
{ "type": "Feature", "properties": { "id": "1275251828", "name": "裕豐花園 Richsun Garden", "shop": "nan", "highway": "nan", "railway": "nan", "leisure": "nan", "landuse": "nan", "building": "house" }, "geometry": { "type": "Polygon", "coordinates": [ [ [ 114.1423378, 22.2854094 ], [ 114.1423824, 22.2854079 ], [ 114.1423832, 22.28543 ], [ 114.1425251, 22.2854252 ], [ 114.1425224, 22.285357 ], [ 114.1424051, 22.2853609 ], [ 114.1424046, 22.2853484 ], [ 114.1423509, 22.2853502 ], [ 114.1423514, 22.2853628 ], [ 114.142336, 22.2853633 ], [ 114.1423378, 22.2854094 ] ] ] } },
{ "type": "Feature", "properties": { "id": "1275251829", "name": "康福閣 Comfort Court", "shop": "nan", "highway": "nan", "railway": "nan", "leisure": "nan", "landuse": "nan", "building": "apartments" }, "geometry": { "type": "Polygon", "coordinates": [ [ [ 114.1423242, 22.2855813 ], [ 114.1423485, 22.2855805 ], [ 114.1423489, 22.2855904 ], [ 114.1423719, 22.2855897 ], [ 114.1423702, 22.2855455 ], [ 114.1423577, 22.2855459 ], [ 114.1423557, 22.2854961 ], [ 114.1422759, 22.2854988 ], [ 114.142278, 22.2855526 ], [ 114.142323, 22.285551 ], [ 114.1423242, 22.2855813 ] ] ] } },
{ "type": "Feature", "properties": { "id": "1275251830", "name": "豐逸大廈 Fung Yat Building", "shop": "nan", "highway": "nan", "railway": "nan", "leisure": "nan", "landuse": "nan", "building": "apartments" }, "geometry": { "type": "Polygon", "coordinates": [ [ [ 114.1426151, 22.2855238 ], [ 114.1426612, 22.2855222 ], [ 114.1426593, 22.2854749 ], [ 114.1426767, 22.2854743 ], [ 114.1426763, 22.2854631 ], [ 114.1427039, 22.2854622 ], [ 114.1427016, 22.2854033 ], [ 114.142674, 22.2854042 ], [ 114.1426735, 22.285393 ], [ 114.1426561, 22.2853936 ], [ 114.1426547, 22.2853572 ], [ 114.1426086, 22.2853588 ], [ 114.1426151, 22.2855238 ] ] ] } },
{ "type": "Feature", "properties": { "id": "1275251831", "name": "nan", "shop": "nan", "highway": "nan", "railway": "nan", "leisure": "nan", "landuse": "nan", "building": "apartments" }, "geometry": { "type": "Polygon", "coordinates": [ [ [ 114.1427541, 22.2852896 ], [ 114.1428223, 22.2852873 ], [ 114.1428232, 22.2853102 ], [ 114.1428475, 22.2853094 ], [ 114.1428487, 22.2853396 ], [ 114.1428244, 22.2853404 ], [ 114.1428253, 22.2853634 ], [ 114.1427571, 22.2853657 ], [ 114.1427541, 22.2852896 ] ] ] } },
{ "type": "Feature", "properties": { "id": "1275251832", "name": "nan", "shop": "nan", "highway": "nan", "railway": "nan", "leisure": "nan", "landuse": "nan", "building": "apartments" }, "geometry": { "type": "Polygon", "coordinates": [ [ [ 114.1427601, 22.2854417 ], [ 114.1428283, 22.2854394 ], [ 114.1428274, 22.2854165 ], [ 114.1428517, 22.2854157 ], [ 114.1428505, 22.2853855 ], [ 114.1428262, 22.2853863 ], [ 114.1428253, 22.2853634 ], [ 114.1427571, 22.2853657 ], [ 114.1427601, 22.2854417 ] ] ] } },
{ "type": "Feature", "properties": { "id": "1275251833", "name": "nan", "shop": "nan", "highway": "nan", "railway": "nan", "leisure": "nan", "landuse": "nan", "building": "apartments" }, "geometry": { "type": "Polygon", "coordinates": [ [ [ 114.1427616, 22.2854798 ], [ 114.1428328, 22.2854774 ], [ 114.1428321, 22.2854582 ], [ 114.1428501, 22.2854576 ], [ 114.1428494, 22.2854387 ], [ 114.1428283, 22.2854394 ], [ 114.1427601, 22.2854417 ], [ 114.1427616, 22.2854798 ] ] ] } },
{ "type": "Feature", "properties": { "id": "1275251836", "name": "nan", "shop": "nan", "highway": "nan", "railway": "nan", "leisure": "nan", "landuse": "nan", "building": "apartments" }, "geometry": { "type": "Polygon", "coordinates": [ [ [ 114.1430633, 22.285377 ], [ 114.1430877, 22.2853762 ], [ 114.1430841, 22.2852854 ], [ 114.1430679, 22.285286 ], [ 114.143067, 22.285262 ], [ 114.1430832, 22.2852614 ], [ 114.1430818, 22.2852255 ], [ 114.1430993, 22.2852249 ], [ 114.1430971, 22.2851726 ], [ 114.1430553, 22.285174 ], [ 114.1430574, 22.2852263 ], [ 114.1430633, 22.285377 ] ] ] } },
{ "type": "Feature", "properties": { "id": "1275251837", "name": "nan", "shop": "nan", "highway": "nan", "railway": "nan", "leisure": "nan", "landuse": "nan", "building": "apartments" }, "geometry": { "type": "Polygon", "coordinates": [ [ [ 114.1429972, 22.2853793 ], [ 114.1429936, 22.2852885 ], [ 114.1430098, 22.2852879 ], [ 114.1430089, 22.285264 ], [ 114.1429927, 22.2852645 ], [ 114.1429912, 22.2852285 ], [ 114.1429738, 22.2852291 ], [ 114.1429718, 22.2851768 ], [ 114.1430553, 22.285174 ], [ 114.1430574, 22.2852263 ], [ 114.14304, 22.2852269 ], [ 114.1430414, 22.2852629 ], [ 114.1430252, 22.2852634 ], [ 114.1430262, 22.2852874 ], [ 114.1430424, 22.2852868 ], [ 114.143046, 22.2853776 ], [ 114.1429972, 22.2853793 ] ] ] } },
{ "type": "Feature", "properties": { "id": "1275251838", "name": "nan", "shop": "nan", "highway": "nan", "railway": "nan", "leisure": "nan", "landuse": "nan", "building": "apartments" }, "geometry": { "type": "Polygon", "coordinates": [ [ [ 114.1428882, 22.2851796 ], [ 114.1428903, 22.2852319 ], [ 114.1429077, 22.2852313 ], [ 114.1429091, 22.2852673 ], [ 114.1429253, 22.2852668 ], [ 114.1429262, 22.2852908 ], [ 114.14291, 22.2852913 ], [ 114.1429136, 22.2853821 ], [ 114.1429624, 22.2853804 ], [ 114.1429588, 22.2852897 ], [ 114.1429426, 22.2852902 ], [ 114.1429416, 22.2852662 ], [ 114.1429579, 22.2852657 ], [ 114.1429564, 22.2852297 ], [ 114.1429738, 22.2852291 ], [ 114.1429718, 22.2851768 ], [ 114.1428882, 22.2851796 ] ] ] } },
{ "type": "Feature", "properties": { "id": "1275251839", "name": "nan", "shop": "nan", "highway": "nan", "railway": "nan", "leisure": "nan", "landuse": "nan", "building": "retail" }, "geometry": { "type": "Polygon", "coordinates": [ [ [ 114.1432456, 22.2851676 ], [ 114.1431968, 22.2851692 ], [ 114.1432014, 22.2852857 ], [ 114.1432501, 22.2852841 ], [ 114.1432456, 22.2851676 ] ] ] } },
{ "type": "Feature", "properties": { "id": "1275251841", "name": "高雋閣 Ko Chun Court", "shop": "nan", "highway": "nan", "railway": "nan", "leisure": "nan", "landuse": "nan", "building": "apartments" }, "geometry": { "type": "Polygon", "coordinates": [ [ [ 114.143454, 22.2852574 ], [ 114.1434546, 22.2852734 ], [ 114.1434825, 22.2852725 ], [ 114.1434818, 22.2852565 ], [ 114.1435134, 22.2852554 ], [ 114.1435097, 22.2851633 ], [ 114.1434189, 22.2851663 ], [ 114.1434225, 22.2852585 ], [ 114.143454, 22.2852574 ] ] ] } },
{ "type": "Feature", "properties": { "id": "1275251842", "name": "金高大廈 High House", "shop": "nan", "highway": "nan", "railway": "nan", "leisure": "nan", "landuse": "nan", "building": "yes" }, "geometry": { "type": "Polygon", "coordinates": [ [ [ 114.1430971, 22.2851726 ], [ 114.1431968, 22.2851692 ], [ 114.1432014, 22.2852857 ], [ 114.143206, 22.285403 ], [ 114.1431064, 22.2854063 ], [ 114.143105, 22.2853704 ], [ 114.1431022, 22.285299 ], [ 114.1430993, 22.2852249 ], [ 114.1430971, 22.2851726 ] ] ] } },
{ "type": "Feature", "properties": { "id": "1275251843", "name": "nan", "shop": "nan", "highway": "nan", "railway": "nan", "leisure": "nan", "landuse": "nan", "building": "apartments" }, "geometry": { "type": "Polygon", "coordinates": [ [ [ 114.1427499, 22.2851843 ], [ 114.142752, 22.2852366 ], [ 114.1427738, 22.2852359 ], [ 114.1427743, 22.2852488 ], [ 114.1428689, 22.2852456 ], [ 114.1428684, 22.2852327 ], [ 114.1428903, 22.2852319 ], [ 114.1428882, 22.2851796 ], [ 114.1427499, 22.2851843 ] ] ] } },
{ "type": "Feature", "properties": { "id": "1275251844", "name": "高宏閣 Ko Wang Court", "shop": "nan", "highway": "nan", "railway": "nan", "leisure": "nan", "landuse": "nan", "building": "apartments" }, "geometry": { "type": "Polygon", "coordinates": [ [ [ 114.1426404, 22.2851995 ], [ 114.1426409, 22.2852126 ], [ 114.1426037, 22.2852138 ], [ 114.142605, 22.2852475 ], [ 114.1426229, 22.2852469 ], [ 114.1426237, 22.2852659 ], [ 114.1426328, 22.2852656 ], [ 114.1426337, 22.2852898 ], [ 114.1426879, 22.2852879 ], [ 114.1426869, 22.2852638 ], [ 114.1426961, 22.2852635 ], [ 114.1426953, 22.2852445 ], [ 114.1427134, 22.2852439 ], [ 114.1427121, 22.2852102 ], [ 114.1426747, 22.2852115 ], [ 114.1426742, 22.2851984 ], [ 114.1426404, 22.2851995 ] ] ] } },
{ "type": "Feature", "properties": { "id": "1275251845", "name": "nan", "shop": "nan", "highway": "nan", "railway": "nan", "leisure": "nan", "landuse": "nan", "building": "apartments" }, "geometry": { "type": "Polygon", "coordinates": [ [ [ 114.1423425, 22.285198 ], [ 114.1423447, 22.2852525 ], [ 114.1423301, 22.285253 ], [ 114.1423319, 22.2852978 ], [ 114.1422681, 22.2852999 ], [ 114.1422641, 22.2852007 ], [ 114.1423425, 22.285198 ] ] ] } },
{ "type": "Feature", "properties": { "id": "1275251846", "name": "誠積樓 Shing Jack Lau", "shop": "nan", "highway": "nan", "railway": "nan", "leisure": "nan", "landuse": "nan", "building": "apartments" }, "geometry": { "type": "Polygon", "coordinates": [ [ [ 114.1423425, 22.285198 ], [ 114.1423447, 22.2852525 ], [ 114.1423593, 22.285252 ], [ 114.1423605, 22.2852829 ], [ 114.1424097, 22.2852812 ], [ 114.1424085, 22.2852504 ], [ 114.1424231, 22.2852499 ], [ 114.1424209, 22.2851954 ], [ 114.1423425, 22.285198 ] ] ] } },
{ "type": "Feature", "properties": { "id": "1275251847", "name": "金輪大廈 Kam Lun Mansion", "shop": "nan", "highway": "nan", "railway": "nan", "leisure": "nan", "landuse": "nan", "building": "apartments" }, "geometry": { "type": "Polygon", "coordinates": [ [ [ 114.1424993, 22.2851927 ], [ 114.1425014, 22.2852473 ], [ 114.1424869, 22.2852477 ], [ 114.1424881, 22.2852786 ], [ 114.1424389, 22.2852802 ], [ 114.1424376, 22.2852494 ], [ 114.1424231, 22.2852499 ], [ 114.1424209, 22.2851954 ], [ 114.1424993, 22.2851927 ] ] ] } },
{ "type": "Feature", "properties": { "id": "1275251848", "name": "nan", "shop": "nan", "highway": "nan", "railway": "nan", "leisure": "nan", "landuse": "nan", "building": "apartments" }, "geometry": { "type": "Polygon", "coordinates": [ [ [ 114.1424993, 22.2851927 ], [ 114.1425014, 22.2852473 ], [ 114.142516, 22.2852468 ], [ 114.1425172, 22.2852776 ], [ 114.1425665, 22.2852759 ], [ 114.1425652, 22.2852451 ], [ 114.1425798, 22.2852446 ], [ 114.1425777, 22.2851901 ], [ 114.1424993, 22.2851927 ] ] ] } },
{ "type": "Feature", "properties": { "id": "1275251849", "name": "高宏閣 Ko Wang Court", "shop": "nan", "highway": "nan", "railway": "nan", "leisure": "nan", "landuse": "nan", "building": "yes" }, "geometry": { "type": "Polygon", "coordinates": [ [ [ 114.1425826, 22.2853154 ], [ 114.142716, 22.2853109 ], [ 114.1427134, 22.2852439 ], [ 114.1427121, 22.2852102 ], [ 114.1427111, 22.2851856 ], [ 114.1425777, 22.2851901 ], [ 114.1425798, 22.2852446 ], [ 114.1425826, 22.2853154 ] ] ] } },
{ "type": "Feature", "properties": { "id": "1275251850", "name": "豐逸大廈 Fung Yat Building", "shop": "nan", "highway": "nan", "railway": "nan", "leisure": "nan", "landuse": "nan", "building": "yes" }, "geometry": { "type": "Polygon", "coordinates": [ [ [ 114.1426178, 22.2855933 ], [ 114.142727, 22.2855896 ], [ 114.1427171, 22.2853378 ], [ 114.1426079, 22.2853415 ], [ 114.1426086, 22.2853588 ], [ 114.1426151, 22.2855238 ], [ 114.1426178, 22.2855933 ] ] ] } },
{ "type": "Feature", "properties": { "id": "1275251851", "name": "nan", "shop": "nan", "highway": "nan", "railway": "nan", "leisure": "nan", "landuse": "nan", "building": "apartments" }, "geometry": { "type": "Polygon", "coordinates": [ [ [ 114.1425403, 22.2854697 ], [ 114.1425886, 22.285468 ], [ 114.1425936, 22.2855941 ], [ 114.1425453, 22.2855957 ], [ 114.1425403, 22.2854697 ] ] ] } },
{ "type": "Feature", "properties": { "id": "1275251853", "name": "三喜樓 San Hey Lou", "shop": "nan", "highway": "nan", "railway": "nan", "leisure": "nan", "landuse": "nan", "building": "apartments" }, "geometry": { "type": "Polygon", "coordinates": [ [ [ 114.1429015, 22.2855178 ], [ 114.1428685, 22.2855189 ], [ 114.1428676, 22.2854942 ], [ 114.142799, 22.2854965 ], [ 114.1428, 22.2855212 ], [ 114.1427632, 22.2855224 ], [ 114.1427649, 22.2855636 ], [ 114.1428016, 22.2855623 ], [ 114.1428026, 22.285587 ], [ 114.1428711, 22.2855847 ], [ 114.1428701, 22.28556 ], [ 114.1429031, 22.2855589 ], [ 114.1429015, 22.2855178 ] ] ] } },
{ "type": "Feature", "properties": { "id": "1275251856", "name": "nan", "shop": "nan", "highway": "nan", "railway": "nan", "leisure": "nan", "landuse": "nan", "building": "apartments" }, "geometry": { "type": "Polygon", "coordinates": [ [ [ 114.1433476, 22.2855687 ], [ 114.1433442, 22.2854818 ], [ 114.143322, 22.2854826 ], [ 114.1433207, 22.2854498 ], [ 114.1432763, 22.2854513 ], [ 114.1432776, 22.2854841 ], [ 114.1432554, 22.2854848 ], [ 114.1432589, 22.2855717 ], [ 114.1433476, 22.2855687 ] ] ] } },
{ "type": "Feature", "properties": { "id": "1275251857", "name": "nan", "shop": "nan", "highway": "nan", "railway": "nan", "leisure": "nan", "landuse": "nan", "building": "apartments" }, "geometry": { "type": "Polygon", "coordinates": [ [ [ 114.1432145, 22.2855732 ], [ 114.1432114, 22.285496 ], [ 114.1432111, 22.2854863 ], [ 114.1432333, 22.2854856 ], [ 114.143232, 22.2854528 ], [ 114.1432542, 22.2854521 ], [ 114.1432554, 22.2854848 ], [ 114.1432589, 22.2855717 ], [ 114.1432145, 22.2855732 ] ] ] } },
{ "type": "Feature", "properties": { "id": "1275251858", "name": "nan", "shop": "nan", "highway": "nan", "railway": "nan", "leisure": "nan", "landuse": "nan", "building": "apartments" }, "geometry": { "type": "Polygon", "coordinates": [ [ [ 114.1431874, 22.2854785 ], [ 114.1431881, 22.2854968 ], [ 114.1432114, 22.285496 ], [ 114.1432145, 22.2855732 ], [ 114.1431257, 22.2855761 ], [ 114.1431227, 22.285499 ], [ 114.1431461, 22.2854982 ], [ 114.1431453, 22.28548 ], [ 114.1431874, 22.2854785 ] ] ] } },
{ "type": "Feature", "properties": { "id": "1275251859", "name": "nan", "shop": "nan", "highway": "nan", "railway": "nan", "leisure": "nan", "landuse": "nan", "building": "apartments" }, "geometry": { "type": "Polygon", "coordinates": [ [ [ 114.1430566, 22.285483 ], [ 114.1430573, 22.2855012 ], [ 114.1430339, 22.285502 ], [ 114.143037, 22.2855791 ], [ 114.1431257, 22.2855761 ], [ 114.1431227, 22.285499 ], [ 114.1430993, 22.2854998 ], [ 114.1430986, 22.2854815 ], [ 114.1430566, 22.285483 ] ] ] } },
{ "type": "Feature", "properties": { "id": "1275251860", "name": "高雅閣 Ko Nga Court", "shop": "nan", "highway": "nan", "railway": "nan", "leisure": "nan", "landuse": "nan", "building": "yes" }, "geometry": { "type": "Polygon", "coordinates": [ [ [ 114.1433872, 22.2855673 ], [ 114.14338, 22.2853836 ], [ 114.14322, 22.285389 ], [ 114.1432165, 22.2852987 ], [ 114.14359, 22.2852861 ], [ 114.1436008, 22.2855601 ], [ 114.1433872, 22.2855673 ] ] ] } },
{ "type": "Feature", "properties": { "id": "1275489340", "name": "nan", "shop": "nan", "highway": "nan", "railway": "nan", "leisure": "nan", "landuse": "nan", "building": "yes" }, "geometry": { "type": "Polygon", "coordinates": [ [ [ 114.135154, 22.285494 ], [ 114.1351425, 22.2854962 ], [ 114.1351196, 22.2855007 ], [ 114.1350967, 22.2855051 ], [ 114.1350852, 22.2855074 ], [ 114.1351169, 22.2856467 ], [ 114.1351513, 22.28564 ], [ 114.1351857, 22.2856333 ], [ 114.135154, 22.285494 ] ] ] } },
{ "type": "Feature", "properties": { "id": "1275489371", "name": "家鳳樓 Kai Fung Building", "shop": "nan", "highway": "nan", "railway": "nan", "leisure": "nan", "landuse": "nan", "building": "apartments" }, "geometry": { "type": "Polygon", "coordinates": [ [ [ 114.1364227, 22.2840989 ], [ 114.1363983, 22.2840997 ], [ 114.1363962, 22.2840455 ], [ 114.1363432, 22.2840473 ], [ 114.1363448, 22.2840879 ], [ 114.1363385, 22.2840881 ], [ 114.1363416, 22.2841652 ], [ 114.1363479, 22.2841649 ], [ 114.1363495, 22.2842055 ], [ 114.1364025, 22.2842037 ], [ 114.1364003, 22.2841495 ], [ 114.1364247, 22.2841486 ], [ 114.1364227, 22.2840989 ] ] ] } },
{ "type": "Feature", "properties": { "id": "1275489372", "name": "nan", "shop": "nan", "highway": "nan", "railway": "nan", "leisure": "nan", "landuse": "nan", "building": "yes" }, "geometry": { "type": "Polygon", "coordinates": [ [ [ 114.136338, 22.284199 ], [ 114.1363083, 22.2842 ], [ 114.1362566, 22.2842018 ], [ 114.1362039, 22.284169 ], [ 114.1361883, 22.2841905 ], [ 114.1361163, 22.284193 ], [ 114.1361002, 22.2841838 ], [ 114.1362944, 22.2838917 ], [ 114.1363296, 22.28399 ], [ 114.1363306, 22.2840151 ], [ 114.136338, 22.284199 ] ] ] } },
{ "type": "Feature", "properties": { "id": "1275489373", "name": "尚嶺 Eivissa Crest", "shop": "nan", "highway": "nan", "railway": "nan", "leisure": "nan", "landuse": "nan", "building": "apartments" }, "geometry": { "type": "Polygon", "coordinates": [ [ [ 114.1363115, 22.284119 ], [ 114.1363129, 22.284117 ], [ 114.1363106, 22.2841061 ], [ 114.1362618, 22.2840758 ], [ 114.1362501, 22.2840779 ], [ 114.1362463, 22.2840831 ], [ 114.1362348, 22.284076 ], [ 114.1362372, 22.2840727 ], [ 114.13621, 22.2840558 ], [ 114.1361995, 22.2840702 ], [ 114.1361935, 22.2840665 ], [ 114.1361847, 22.2840786 ], [ 114.1361907, 22.2840824 ], [ 114.1361703, 22.2841104 ], [ 114.1361616, 22.284105 ], [ 114.1361523, 22.2841178 ], [ 114.1361609, 22.2841232 ], [ 114.1361533, 22.2841337 ], [ 114.1361802, 22.2841505 ], [ 114.1361784, 22.2841531 ], [ 114.1362039, 22.284169 ], [ 114.1362566, 22.2842018 ], [ 114.1362615, 22.284195 ], [ 114.136269, 22.2841996 ], [ 114.1362775, 22.2841879 ], [ 114.1362701, 22.2841833 ], [ 114.1362763, 22.2841746 ], [ 114.1362914, 22.284184 ], [ 114.1362886, 22.2841878 ], [ 114.1363083, 22.2842 ], [ 114.1363142, 22.2841918 ], [ 114.1363215, 22.2841963 ], [ 114.1363296, 22.2841852 ], [ 114.1363224, 22.2841806 ], [ 114.1363349, 22.2841634 ], [ 114.1363092, 22.2841474 ], [ 114.1363241, 22.2841268 ], [ 114.1363115, 22.284119 ] ] ] } },
{ "type": "Feature", "properties": { "id": "1275489376", "name": "福慶樓 Fuk Hing Lau", "shop": "nan", "highway": "nan", "railway": "nan", "leisure": "nan", "landuse": "nan", "building": "apartments" }, "geometry": { "type": "Polygon", "coordinates": [ [ [ 114.1365863, 22.2844209 ], [ 114.1365625, 22.2843235 ], [ 114.1365157, 22.2843239 ], [ 114.1365417, 22.2844302 ], [ 114.1365863, 22.2844209 ] ] ] } },
{ "type": "Feature", "properties": { "id": "1275489377", "name": "昌運大廈 Cheong Wan Mansion", "shop": "nan", "highway": "nan", "railway": "nan", "leisure": "nan", "landuse": "nan", "building": "apartments" }, "geometry": { "type": "Polygon", "coordinates": [ [ [ 114.1359757, 22.2845789 ], [ 114.1359875, 22.2846271 ], [ 114.1360358, 22.2846169 ], [ 114.1360278, 22.2845841 ], [ 114.1360551, 22.2845784 ], [ 114.1360413, 22.2845218 ], [ 114.136014, 22.2845275 ], [ 114.136006, 22.2844947 ], [ 114.1359576, 22.2845048 ], [ 114.1359694, 22.284553 ], [ 114.1359535, 22.2845563 ], [ 114.1359599, 22.2845822 ], [ 114.1359757, 22.2845789 ] ] ] } },
{ "type": "Feature", "properties": { "id": "1275489378", "name": "順景樓 Good Luck Mansion", "shop": "nan", "highway": "nan", "railway": "nan", "leisure": "nan", "landuse": "nan", "building": "apartments" }, "geometry": { "type": "Polygon", "coordinates": [ [ [ 114.1368678, 22.2846124 ], [ 114.136916, 22.2846023 ], [ 114.1369502, 22.2844813 ], [ 114.1369196, 22.2844634 ], [ 114.1368357, 22.2844809 ], [ 114.1368678, 22.2846124 ] ] ] } },
{ "type": "Feature", "properties": { "id": "1275489390", "name": "nan", "shop": "nan", "highway": "nan", "railway": "nan", "leisure": "nan", "landuse": "nan", "building": "yes" }, "geometry": { "type": "Polygon", "coordinates": [ [ [ 114.1366149, 22.2847448 ], [ 114.1367158, 22.2847244 ], [ 114.1368461, 22.284698 ], [ 114.1369115, 22.2846841 ], [ 114.1368717, 22.2848299 ], [ 114.1366467, 22.2848763 ], [ 114.1366149, 22.2847448 ] ] ] } },
{ "type": "Feature", "properties": { "id": "1275489391", "name": "nan", "shop": "nan", "highway": "nan", "railway": "nan", "leisure": "nan", "landuse": "nan", "building": "apartments" }, "geometry": { "type": "Polygon", "coordinates": [ [ [ 114.1367158, 22.2847244 ], [ 114.1367174, 22.2847314 ], [ 114.1366904, 22.2847368 ], [ 114.1366964, 22.2847621 ], [ 114.136684, 22.2847646 ], [ 114.1366933, 22.2848038 ], [ 114.1366795, 22.2848066 ], [ 114.1366853, 22.2848311 ], [ 114.1366984, 22.2848285 ], [ 114.1367011, 22.28484 ], [ 114.1367146, 22.2848372 ], [ 114.1367119, 22.2848258 ], [ 114.136731, 22.2848219 ], [ 114.1367338, 22.284834 ], [ 114.1367467, 22.2848314 ], [ 114.1367475, 22.2848351 ], [ 114.1367757, 22.2848294 ], [ 114.1367748, 22.2848257 ], [ 114.1367995, 22.2848207 ], [ 114.1368017, 22.2848302 ], [ 114.1368189, 22.2848268 ], [ 114.1368174, 22.2848203 ], [ 114.1368508, 22.2848136 ], [ 114.1368463, 22.2847944 ], [ 114.1368572, 22.2847922 ], [ 114.1368537, 22.2847772 ], [ 114.1368428, 22.2847794 ], [ 114.1368412, 22.2847727 ], [ 114.1368784, 22.2847652 ], [ 114.1368648, 22.2847074 ], [ 114.1368491, 22.2847106 ], [ 114.1368461, 22.284698 ], [ 114.1367158, 22.2847244 ] ] ] } },
{ "type": "Feature", "properties": { "id": "1284720767", "name": "C-E座 Block C-E", "shop": "nan", "highway": "nan", "railway": "nan", "leisure": "nan", "landuse": "nan", "building": "residential" }, "geometry": { "type": "Polygon", "coordinates": [ [ [ 114.12844, 22.2758806 ], [ 114.12839, 22.2757832 ], [ 114.1285445, 22.2757154 ], [ 114.1288163, 22.2754992 ], [ 114.1288922, 22.275581 ], [ 114.128638, 22.2757832 ], [ 114.1286286, 22.2757731 ], [ 114.1285845, 22.2757999 ], [ 114.1285917, 22.275814 ], [ 114.12844, 22.2758806 ] ] ] } },
{ "type": "Feature", "properties": { "id": "1284720768", "name": "A-B座 Block A-B", "shop": "nan", "highway": "nan", "railway": "nan", "leisure": "nan", "landuse": "nan", "building": "residential" }, "geometry": { "type": "Polygon", "coordinates": [ [ [ 114.1282966, 22.2757225 ], [ 114.1284096, 22.2757488 ], [ 114.1284451, 22.2756182 ], [ 114.1285399, 22.2754627 ], [ 114.1284385, 22.2754097 ], [ 114.128355, 22.2755467 ], [ 114.1283675, 22.2755532 ], [ 114.1283478, 22.2755985 ], [ 114.1283314, 22.2755947 ], [ 114.1282966, 22.2757225 ] ] ] } },
{ "type": "Feature", "properties": { "id": "1292344866", "name": "nan", "shop": "nan", "highway": "nan", "railway": "nan", "leisure": "nan", "landuse": "nan", "building": "yes" }, "geometry": { "type": "Polygon", "coordinates": [ [ [ 114.1404058, 22.2889862 ], [ 114.140483, 22.2890053 ], [ 114.1404932, 22.2890069 ], [ 114.1405014, 22.289006 ], [ 114.1405076, 22.2890028 ], [ 114.1405131, 22.2889975 ], [ 114.1405171, 22.288992 ], [ 114.1405193, 22.2889831 ], [ 114.1405178, 22.2889737 ], [ 114.1405139, 22.2889675 ], [ 114.1405079, 22.2889624 ], [ 114.1404967, 22.2889581 ], [ 114.1404195, 22.288939 ], [ 114.1404058, 22.2889862 ] ] ] } },
{ "type": "Feature", "properties": { "id": "1299090534", "name": "nan", "shop": "nan", "highway": "nan", "railway": "nan", "leisure": "nan", "landuse": "nan", "building": "yes" }, "geometry": { "type": "Polygon", "coordinates": [ [ [ 114.1289755, 22.2767541 ], [ 114.1290333, 22.2767628 ], [ 114.1290374, 22.2767398 ], [ 114.1290649, 22.276744 ], [ 114.1290765, 22.2766788 ], [ 114.1289912, 22.2766658 ], [ 114.1289755, 22.2767541 ] ] ] } },
{ "type": "Feature", "properties": { "id": "1299994665", "name": "nan", "shop": "nan", "highway": "nan", "railway": "nan", "leisure": "nan", "landuse": "nan", "building": "yes" }, "geometry": { "type": "Polygon", "coordinates": [ [ [ 114.1263402, 22.2835656 ], [ 114.1263736, 22.2835717 ], [ 114.1264168, 22.283366 ], [ 114.1263834, 22.28336 ], [ 114.1263402, 22.2835656 ] ] ] } },
{ "type": "Feature", "properties": { "id": "1310470575", "name": "nan", "shop": "nan", "highway": "nan", "railway": "nan", "leisure": "nan", "landuse": "nan", "building": "yes" }, "geometry": { "type": "Polygon", "coordinates": [ [ [ 114.1448236, 22.2812509 ], [ 114.1448919, 22.2812994 ], [ 114.1449257, 22.2812585 ], [ 114.1448574, 22.28121 ], [ 114.1448236, 22.2812509 ] ] ] } },
{ "type": "Feature", "properties": { "id": "1310476519", "name": "正街街市 Centre Street Market", "shop": "nan", "highway": "nan", "railway": "nan", "leisure": "nan", "landuse": "nan", "building": "retail" }, "geometry": { "type": "Polygon", "coordinates": [ [ [ 114.141903, 22.2862075 ], [ 114.1419119, 22.2864582 ], [ 114.1419233, 22.2864579 ], [ 114.1419243, 22.2864865 ], [ 114.1419902, 22.2864845 ], [ 114.1419894, 22.2864612 ], [ 114.1420102, 22.2864606 ], [ 114.1421057, 22.2864576 ], [ 114.1421568, 22.2864561 ], [ 114.1421565, 22.2864457 ], [ 114.1421732, 22.2864452 ], [ 114.1421903, 22.2864446 ], [ 114.1422071, 22.2864441 ], [ 114.1422059, 22.2864098 ], [ 114.1422032, 22.2863311 ], [ 114.1422, 22.2862414 ], [ 114.1421602, 22.2862068 ], [ 114.1421522, 22.2861999 ], [ 114.1421296, 22.2862006 ], [ 114.1421083, 22.2862012 ], [ 114.1420926, 22.2862017 ], [ 114.141903, 22.2862075 ] ] ] } },
{ "type": "Feature", "properties": { "id": "1310753756", "name": "nan", "shop": "nan", "highway": "nan", "railway": "nan", "leisure": "nan", "landuse": "nan", "building": "school" }, "geometry": { "type": "Polygon", "coordinates": [ [ [ 114.1385691, 22.284436 ], [ 114.1385522, 22.2844059 ], [ 114.1385966, 22.2843816 ], [ 114.1386129, 22.2843673 ], [ 114.1386305, 22.2843462 ], [ 114.1386622, 22.2842784 ], [ 114.1386902, 22.2842186 ], [ 114.1386941, 22.2842103 ], [ 114.1387759, 22.2842421 ], [ 114.1388277, 22.2842654 ], [ 114.1388448, 22.2842949 ], [ 114.1385691, 22.284436 ] ] ] } },
{ "type": "Feature", "properties": { "id": "1310921256", "name": "nan", "shop": "nan", "highway": "nan", "railway": "nan", "leisure": "nan", "landuse": "nan", "building": "yes" }, "geometry": { "type": "Polygon", "coordinates": [ [ [ 114.1397076, 22.2843777 ], [ 114.1397065, 22.2843533 ], [ 114.1397641, 22.2843228 ], [ 114.1399336, 22.2842331 ], [ 114.1399367, 22.2843512 ], [ 114.139939, 22.284388 ], [ 114.1397506, 22.284395 ], [ 114.1397088, 22.2843972 ], [ 114.1397076, 22.2843777 ] ] ] } },
{ "type": "Feature", "properties": { "id": "1313779561", "name": "石寓 Stone House", "shop": "nan", "highway": "nan", "railway": "nan", "leisure": "nan", "landuse": "nan", "building": "yes" }, "geometry": { "type": "Polygon", "coordinates": [ [ [ 114.1393502, 22.280935 ], [ 114.1393575, 22.280931 ], [ 114.1393627, 22.2809247 ], [ 114.1393773, 22.2809013 ], [ 114.1392628, 22.2808401 ], [ 114.1392336, 22.2808869 ], [ 114.1393226, 22.2809345 ], [ 114.1393377, 22.2809368 ], [ 114.1393502, 22.280935 ] ] ] } },
{ "type": "Feature", "properties": { "id": "1313996777", "name": "nan", "shop": "nan", "highway": "nan", "railway": "nan", "leisure": "nan", "landuse": "nan", "building": "yes" }, "geometry": { "type": "Polygon", "coordinates": [ [ [ 114.1368776, 22.2856903 ], [ 114.1369105, 22.2856916 ], [ 114.1369132, 22.2856321 ], [ 114.1368802, 22.2856308 ], [ 114.1368776, 22.2856903 ] ] ] } },
{ "type": "Feature", "properties": { "id": "1313996782", "name": "nan", "shop": "nan", "highway": "nan", "railway": "nan", "leisure": "nan", "landuse": "nan", "building": "roof" }, "geometry": { "type": "Polygon", "coordinates": [ [ [ 114.1369671, 22.2844949 ], [ 114.1369963, 22.2845217 ], [ 114.1369839, 22.2845409 ], [ 114.136975, 22.2845545 ], [ 114.136951, 22.2845483 ], [ 114.1369671, 22.2844949 ] ] ] } },
{ "type": "Feature", "properties": { "id": "1324008070", "name": "nan", "shop": "nan", "highway": "nan", "railway": "nan", "leisure": "nan", "landuse": "nan", "building": "apartments" }, "geometry": { "type": "Polygon", "coordinates": [ [ [ 114.1427784, 22.2806427 ], [ 114.1427738, 22.2808039 ], [ 114.1431579, 22.2808133 ], [ 114.1431624, 22.280652 ], [ 114.1427784, 22.2806427 ] ] ] } },
{ "type": "Feature", "properties": { "id": "1324011789", "name": "nan", "shop": "nan", "highway": "nan", "railway": "nan", "leisure": "nan", "landuse": "nan", "building": "garage" }, "geometry": { "type": "Polygon", "coordinates": [ [ [ 114.1418045, 22.2803029 ], [ 114.1419599, 22.280293 ], [ 114.1419507, 22.2801684 ], [ 114.1417954, 22.2801783 ], [ 114.1418045, 22.2803029 ] ] ] } },
{ "type": "Feature", "properties": { "id": "1330388907", "name": "華業車房", "shop": "nan", "highway": "nan", "railway": "nan", "leisure": "nan", "landuse": "nan", "building": "industrial" }, "geometry": { "type": "Polygon", "coordinates": [ [ [ 114.1315781, 22.2787937 ], [ 114.1316265, 22.2787489 ], [ 114.1316015, 22.2787258 ], [ 114.1315531, 22.2787705 ], [ 114.1315781, 22.2787937 ] ] ] } },
{ "type": "Feature", "properties": { "id": "1336762899", "name": "青蓮臺宿舍 Ching Lin Terrace Residence", "shop": "nan", "highway": "nan", "railway": "nan", "leisure": "nan", "landuse": "nan", "building": "apartments" }, "geometry": { "type": "Polygon", "coordinates": [ [ [ 114.1317948, 22.2827797 ], [ 114.1317326, 22.2827284 ], [ 114.1316851, 22.2827777 ], [ 114.1316308, 22.2827329 ], [ 114.1316783, 22.2826836 ], [ 114.1316003, 22.2826192 ], [ 114.1314968, 22.2827267 ], [ 114.13167, 22.2828698 ], [ 114.1316835, 22.2828558 ], [ 114.1317046, 22.2828733 ], [ 114.1317948, 22.2827797 ] ] ] } },
{ "type": "Feature", "properties": { "id": "1343806341", "name": "nan", "shop": "nan", "highway": "nan", "railway": "nan", "leisure": "nan", "landuse": "nan", "building": "yes" }, "geometry": { "type": "Polygon", "coordinates": [ [ [ 114.1388428, 22.2875864 ], [ 114.1389613, 22.2876172 ], [ 114.1389399, 22.2876878 ], [ 114.1388214, 22.287657 ], [ 114.1388428, 22.2875864 ] ] ] } },
{ "type": "Feature", "properties": { "id": "1350881601", "name": "五福大廈 New Fortune House", "shop": "nan", "highway": "nan", "railway": "nan", "leisure": "nan", "landuse": "nan", "building": "retail" }, "geometry": { "type": "Polygon", "coordinates": [ [ [ 114.1283053, 22.2835586 ], [ 114.128228, 22.2839539 ], [ 114.1287315, 22.2840382 ], [ 114.1288088, 22.2836431 ], [ 114.1285482, 22.2835994 ], [ 114.1285325, 22.2836795 ], [ 114.1284717, 22.2836693 ], [ 114.1284311, 22.2836625 ], [ 114.1284468, 22.2835823 ], [ 114.1283053, 22.2835586 ] ] ] } },
{ "type": "Feature", "properties": { "id": "1356802429", "name": "nan", "shop": "nan", "highway": "nan", "railway": "nan", "leisure": "nan", "landuse": "nan", "building": "yes" }, "geometry": { "type": "Polygon", "coordinates": [ [ [ 114.1391586, 22.2844315 ], [ 114.1392402, 22.2845536 ], [ 114.1392627, 22.2845528 ], [ 114.1394206, 22.2845467 ], [ 114.1394201, 22.2845362 ], [ 114.1394176, 22.2844821 ], [ 114.139413, 22.2843793 ], [ 114.139258, 22.2843853 ], [ 114.1392431, 22.2844075 ], [ 114.1392027, 22.2843874 ], [ 114.1391558, 22.2843892 ], [ 114.1391373, 22.2844209 ], [ 114.1391586, 22.2844315 ] ] ] } },
{ "type": "Feature", "properties": { "id": "1356802430", "name": "nan", "shop": "nan", "highway": "nan", "railway": "nan", "leisure": "nan", "landuse": "nan", "building": "yes" }, "geometry": { "type": "Polygon", "coordinates": [ [ [ 114.139413, 22.2843793 ], [ 114.1394711, 22.2843737 ], [ 114.1394943, 22.2843714 ], [ 114.1395307, 22.2843737 ], [ 114.1396069, 22.2844039 ], [ 114.1396405, 22.2844191 ], [ 114.139643, 22.2844739 ], [ 114.1396454, 22.2845274 ], [ 114.1396472, 22.2845666 ], [ 114.1395753, 22.2845693 ], [ 114.1395659, 22.2845539 ], [ 114.1395566, 22.2845387 ], [ 114.1395096, 22.2845403 ], [ 114.1395107, 22.2845717 ], [ 114.1394663, 22.2845734 ], [ 114.1394218, 22.2845751 ], [ 114.1394206, 22.2845467 ], [ 114.1394201, 22.2845362 ], [ 114.1394176, 22.2844821 ], [ 114.139413, 22.2843793 ] ] ] } },
{ "type": "Feature", "properties": { "id": "1356802437", "name": "nan", "shop": "nan", "highway": "nan", "railway": "nan", "leisure": "nan", "landuse": "nan", "building": "yes" }, "geometry": { "type": "Polygon", "coordinates": [ [ [ 114.1391318, 22.2843652 ], [ 114.1390907, 22.2843671 ], [ 114.1390879, 22.2843225 ], [ 114.1390838, 22.2842573 ], [ 114.139126, 22.2842554 ], [ 114.1392105, 22.2842515 ], [ 114.1392116, 22.2842723 ], [ 114.1392407, 22.284271 ], [ 114.1392443, 22.2843383 ], [ 114.1392152, 22.2843397 ], [ 114.1392163, 22.2843613 ], [ 114.1391318, 22.2843652 ] ] ] } },
{ "type": "Feature", "properties": { "id": "1356805944", "name": "nan", "shop": "nan", "highway": "nan", "railway": "nan", "leisure": "nan", "landuse": "nan", "building": "yes" }, "geometry": { "type": "Polygon", "coordinates": [ [ [ 114.1402213, 22.2851835 ], [ 114.1403392, 22.2851813 ], [ 114.1404138, 22.2851798 ], [ 114.1404492, 22.2851791 ], [ 114.140449, 22.2851715 ], [ 114.1404466, 22.2850644 ], [ 114.1404433, 22.2849173 ], [ 114.1404414, 22.2848302 ], [ 114.1402134, 22.2848346 ], [ 114.1402154, 22.284922 ], [ 114.1402163, 22.2849623 ], [ 114.1402187, 22.285069 ], [ 114.1402213, 22.2851835 ] ] ] } },
{ "type": "Feature", "properties": { "id": "1356805945", "name": "nan", "shop": "nan", "highway": "nan", "railway": "nan", "leisure": "nan", "landuse": "nan", "building": "yes" }, "geometry": { "type": "Polygon", "coordinates": [ [ [ 114.140449, 22.2851715 ], [ 114.1405673, 22.2851693 ], [ 114.1406042, 22.2851686 ], [ 114.1406309, 22.2851452 ], [ 114.1406121, 22.2848218 ], [ 114.1405424, 22.2848238 ], [ 114.1404414, 22.2848268 ], [ 114.1404414, 22.2848302 ], [ 114.140449, 22.2851715 ] ] ] } },
{ "type": "Feature", "properties": { "id": "1357085341", "name": "nan", "shop": "nan", "highway": "nan", "railway": "nan", "leisure": "nan", "landuse": "nan", "building": "yes" }, "geometry": { "type": "Polygon", "coordinates": [ [ [ 114.1407213, 22.284577 ], [ 114.1407213, 22.2845585 ], [ 114.1407189, 22.2844876 ], [ 114.1407159, 22.2843495 ], [ 114.1407215, 22.2843355 ], [ 114.1407334, 22.2843254 ], [ 114.1407461, 22.2843216 ], [ 114.1407593, 22.2843224 ], [ 114.1407713, 22.2843279 ], [ 114.1408022, 22.2843468 ], [ 114.1408303, 22.2843691 ], [ 114.1408559, 22.2843953 ], [ 114.1408776, 22.2844244 ], [ 114.1409078, 22.2844707 ], [ 114.1409312, 22.2845203 ], [ 114.1409474, 22.2845724 ], [ 114.140942, 22.2845725 ], [ 114.1407255, 22.2845769 ], [ 114.1407213, 22.284577 ] ] ] } },
{ "type": "Feature", "properties": { "id": "1357085344", "name": "nan", "shop": "nan", "highway": "nan", "railway": "nan", "leisure": "nan", "landuse": "nan", "building": "yes" }, "geometry": { "type": "Polygon", "coordinates": [ [ [ 114.14073, 22.2846059 ], [ 114.1408712, 22.2846027 ], [ 114.140871, 22.2845945 ], [ 114.1409005, 22.2845939 ], [ 114.1409015, 22.2846224 ], [ 114.1409023, 22.2846571 ], [ 114.1409053, 22.2847759 ], [ 114.1409068, 22.2848396 ], [ 114.1409102, 22.2849643 ], [ 114.1408249, 22.2849662 ], [ 114.1408253, 22.2849826 ], [ 114.1407398, 22.2849845 ], [ 114.1407305, 22.2846273 ], [ 114.14073, 22.2846059 ] ] ] } },
{ "type": "Feature", "properties": { "id": "1357085345", "name": "nan", "shop": "nan", "highway": "nan", "railway": "nan", "leisure": "nan", "landuse": "nan", "building": "residential" }, "geometry": { "type": "Polygon", "coordinates": [ [ [ 114.1412567, 22.2849099 ], [ 114.1412554, 22.2848858 ], [ 114.14136, 22.2848815 ], [ 114.1413611, 22.284907 ], [ 114.1413571, 22.2849071 ], [ 114.1413583, 22.2849587 ], [ 114.1413078, 22.2849608 ], [ 114.1413072, 22.284951 ], [ 114.141242, 22.2849536 ], [ 114.1412398, 22.2849105 ], [ 114.1412567, 22.2849099 ] ] ] } },
{ "type": "Feature", "properties": { "id": "1357085346", "name": "nan", "shop": "nan", "highway": "nan", "railway": "nan", "leisure": "nan", "landuse": "nan", "building": "yes" }, "geometry": { "type": "Polygon", "coordinates": [ [ [ 114.1415817, 22.2848292 ], [ 114.1415755, 22.2848026 ], [ 114.1416707, 22.2847714 ], [ 114.1416877, 22.2847654 ], [ 114.1417527, 22.2847427 ], [ 114.141951, 22.2846728 ], [ 114.1419574, 22.2848209 ], [ 114.1418864, 22.2848235 ], [ 114.1418908, 22.2849413 ], [ 114.1416673, 22.2849487 ], [ 114.1416524, 22.2848904 ], [ 114.1415973, 22.2849007 ], [ 114.1415841, 22.2848401 ], [ 114.1415817, 22.2848292 ] ] ] } },
{ "type": "Feature", "properties": { "id": "1357085348", "name": "nan", "shop": "nan", "highway": "nan", "railway": "nan", "leisure": "nan", "landuse": "nan", "building": "house" }, "geometry": { "type": "Polygon", "coordinates": [ [ [ 114.141975, 22.2847379 ], [ 114.1420441, 22.2847347 ], [ 114.1420396, 22.2846106 ], [ 114.1419833, 22.2846309 ], [ 114.1419714, 22.2846351 ], [ 114.1419722, 22.2846651 ], [ 114.141975, 22.2847379 ] ] ] } },
{ "type": "Feature", "properties": { "id": "1357085349", "name": "nan", "shop": "nan", "highway": "nan", "railway": "nan", "leisure": "nan", "landuse": "nan", "building": "apartments" }, "geometry": { "type": "Polygon", "coordinates": [ [ [ 114.1420461, 22.2847899 ], [ 114.1421141, 22.2847878 ], [ 114.1421019, 22.2846166 ], [ 114.1420642, 22.2846181 ], [ 114.1420639, 22.2846247 ], [ 114.1420403, 22.2846262 ], [ 114.1420441, 22.2847347 ], [ 114.1420461, 22.2847899 ] ] ] } },
{ "type": "Feature", "properties": { "id": "1357639570", "name": "nan", "shop": "nan", "highway": "nan", "railway": "nan", "leisure": "nan", "landuse": "nan", "building": "yes" }, "geometry": { "type": "Polygon", "coordinates": [ [ [ 114.1408762, 22.2850731 ], [ 114.1410434, 22.2850672 ], [ 114.1410476, 22.2851605 ], [ 114.140879, 22.2851659 ], [ 114.1408762, 22.2850731 ] ] ] } },
{ "type": "Feature", "properties": { "id": "1357639571", "name": "nan", "shop": "nan", "highway": "nan", "railway": "nan", "leisure": "nan", "landuse": "nan", "building": "yes" }, "geometry": { "type": "Polygon", "coordinates": [ [ [ 114.1419037, 22.2851106 ], [ 114.1418993, 22.2849751 ], [ 114.1415706, 22.2849842 ], [ 114.1415721, 22.2850268 ], [ 114.1414193, 22.2850313 ], [ 114.1414178, 22.284988 ], [ 114.1412291, 22.2849935 ], [ 114.1410896, 22.2849973 ], [ 114.141094, 22.2851335 ], [ 114.1414352, 22.2851239 ], [ 114.1419037, 22.2851106 ] ] ] } },
{ "type": "Feature", "properties": { "id": "1357653947", "name": "nan", "shop": "nan", "highway": "nan", "railway": "nan", "leisure": "nan", "landuse": "nan", "building": "yes" }, "geometry": { "type": "Polygon", "coordinates": [ [ [ 114.1408722, 22.2842472 ], [ 114.140954, 22.2842513 ], [ 114.1412236, 22.2842649 ], [ 114.1414938, 22.2843536 ], [ 114.1415276, 22.2843657 ], [ 114.1415595, 22.2843815 ], [ 114.1415832, 22.2843968 ], [ 114.1416051, 22.2844141 ], [ 114.1416636, 22.2844466 ], [ 114.1417255, 22.2844731 ], [ 114.1417941, 22.2844942 ], [ 114.141865, 22.2845078 ], [ 114.1418831, 22.2845635 ], [ 114.1417832, 22.2846027 ], [ 114.1416819, 22.2846388 ], [ 114.1415793, 22.2846717 ], [ 114.1414294, 22.2847123 ], [ 114.1413854, 22.2847223 ], [ 114.1413402, 22.2847258 ], [ 114.141295, 22.2847227 ], [ 114.1412508, 22.2847132 ], [ 114.1412088, 22.2846974 ], [ 114.1411707, 22.2846761 ], [ 114.1411365, 22.2846497 ], [ 114.1411071, 22.2846187 ], [ 114.1410832, 22.2845839 ], [ 114.1410654, 22.2845462 ], [ 114.1410414, 22.2844858 ], [ 114.1410215, 22.2844358 ], [ 114.1409987, 22.2843862 ], [ 114.1409674, 22.2843406 ], [ 114.1409387, 22.2843097 ], [ 114.1409062, 22.2842822 ], [ 114.1408702, 22.2842587 ], [ 114.1408722, 22.2842472 ] ] ] } },
{ "type": "Feature", "properties": { "id": "1357653955", "name": "nan", "shop": "nan", "highway": "nan", "railway": "nan", "leisure": "nan", "landuse": "nan", "building": "yes" }, "geometry": { "type": "Polygon", "coordinates": [ [ [ 114.1407783, 22.2841921 ], [ 114.1407338, 22.284159 ], [ 114.1407179, 22.2841189 ], [ 114.1408018, 22.2839952 ], [ 114.1410376, 22.2840159 ], [ 114.1410312, 22.284078 ], [ 114.1410166, 22.2842117 ], [ 114.1407783, 22.2841921 ] ] ] } },
{ "type": "Feature", "properties": { "id": "1357902939", "name": "nan", "shop": "nan", "highway": "nan", "railway": "nan", "leisure": "nan", "landuse": "nan", "building": "yes" }, "geometry": { "type": "Polygon", "coordinates": [ [ [ 114.1424364, 22.2845239 ], [ 114.142506, 22.284508 ], [ 114.1425041, 22.2844979 ], [ 114.1425436, 22.2844915 ], [ 114.1425799, 22.2844871 ], [ 114.1426241, 22.2844817 ], [ 114.1426318, 22.284519 ], [ 114.1426338, 22.2845673 ], [ 114.1426527, 22.2845664 ], [ 114.1426718, 22.2845655 ], [ 114.1426697, 22.284522 ], [ 114.1426802, 22.2844745 ], [ 114.1427377, 22.2844679 ], [ 114.1427504, 22.2846665 ], [ 114.1424461, 22.2846831 ], [ 114.1424364, 22.2845239 ] ] ] } },
{ "type": "Feature", "properties": { "id": "1359088990", "name": "nan", "shop": "nan", "highway": "nan", "railway": "nan", "leisure": "nan", "landuse": "nan", "building": "yes" }, "geometry": { "type": "Polygon", "coordinates": [ [ [ 114.1418234, 22.2857746 ], [ 114.1418231, 22.2857649 ], [ 114.1419072, 22.2857628 ], [ 114.1419051, 22.2857109 ], [ 114.141764, 22.2857157 ], [ 114.1417476, 22.2857162 ], [ 114.1417117, 22.2857174 ], [ 114.141641, 22.2857197 ], [ 114.1416426, 22.2857627 ], [ 114.1416442, 22.2858037 ], [ 114.1417408, 22.2858004 ], [ 114.1417498, 22.2858095 ], [ 114.1417713, 22.2858088 ], [ 114.1417712, 22.2858174 ], [ 114.1418349, 22.2858154 ], [ 114.1418345, 22.2858068 ], [ 114.1418332, 22.2857743 ], [ 114.1418234, 22.2857746 ] ] ] } },
{ "type": "Feature", "properties": { "id": "1359088997", "name": "nan", "shop": "nan", "highway": "nan", "railway": "nan", "leisure": "nan", "landuse": "nan", "building": "yes" }, "geometry": { "type": "Polygon", "coordinates": [ [ [ 114.141116, 22.2859383 ], [ 114.1411151, 22.2859197 ], [ 114.1411278, 22.28592 ], [ 114.1411265, 22.2858872 ], [ 114.1411134, 22.2858874 ], [ 114.1411096, 22.2857571 ], [ 114.1411913, 22.2857544 ], [ 114.1412838, 22.2857514 ], [ 114.1412906, 22.2859327 ], [ 114.1412941, 22.286024 ], [ 114.1412991, 22.2861449 ], [ 114.1411072, 22.2861486 ], [ 114.1411052, 22.2860975 ], [ 114.141105, 22.2860898 ], [ 114.1411027, 22.2860301 ], [ 114.1410993, 22.2859388 ], [ 114.141116, 22.2859383 ] ] ] } },
{ "type": "Feature", "properties": { "id": "1359089001", "name": "常豐里老福德宮 Sheung Fung Lane Old Fuk Tak Kung", "shop": "nan", "highway": "nan", "railway": "nan", "leisure": "nan", "landuse": "nan", "building": "roof" }, "geometry": { "type": "Polygon", "coordinates": [ [ [ 114.1413821, 22.2860559 ], [ 114.1413464, 22.286057 ], [ 114.1413446, 22.2860144 ], [ 114.1413805, 22.2860136 ], [ 114.1413821, 22.2860559 ] ] ] } },
{ "type": "Feature", "properties": { "id": "1359090851", "name": "nan", "shop": "nan", "highway": "nan", "railway": "nan", "leisure": "nan", "landuse": "nan", "building": "yes" }, "geometry": { "type": "Polygon", "coordinates": [ [ [ 114.1421279, 22.2857034 ], [ 114.1421305, 22.2857726 ], [ 114.1421315, 22.2858041 ], [ 114.1421324, 22.2858275 ], [ 114.1421773, 22.285826 ], [ 114.1421759, 22.2858026 ], [ 114.1421725, 22.2857019 ], [ 114.1421279, 22.2857034 ] ] ] } },
{ "type": "Feature", "properties": { "id": "1359090852", "name": "nan", "shop": "nan", "highway": "nan", "railway": "nan", "leisure": "nan", "landuse": "nan", "building": "yes" }, "geometry": { "type": "Polygon", "coordinates": [ [ [ 114.1421324, 22.2858275 ], [ 114.1420429, 22.2858305 ], [ 114.142041, 22.2857753 ], [ 114.1420403, 22.2857582 ], [ 114.1420382, 22.2857064 ], [ 114.1421279, 22.2857034 ], [ 114.1421305, 22.2857726 ], [ 114.1421315, 22.2858041 ], [ 114.1421324, 22.2858275 ] ] ] } },
{ "type": "Feature", "properties": { "id": "1359187818", "name": "nan", "shop": "nan", "highway": "nan", "railway": "nan", "leisure": "nan", "landuse": "nan", "building": "apartments" }, "geometry": { "type": "Polygon", "coordinates": [ [ [ 114.1396755, 22.2869309 ], [ 114.1397337, 22.2869463 ], [ 114.1397384, 22.286931 ], [ 114.1397498, 22.2868936 ], [ 114.1398101, 22.2869093 ], [ 114.1397781, 22.2870181 ], [ 114.1396586, 22.2869863 ], [ 114.1396755, 22.2869309 ] ] ] } },
{ "type": "Feature", "properties": { "id": "1359187819", "name": "nan", "shop": "nan", "highway": "nan", "railway": "nan", "leisure": "nan", "landuse": "nan", "building": "yes" }, "geometry": { "type": "Polygon", "coordinates": [ [ [ 114.1397384, 22.286931 ], [ 114.1396801, 22.2869157 ], [ 114.1396755, 22.2869309 ], [ 114.1396586, 22.2869863 ], [ 114.1397771, 22.2870178 ], [ 114.1398101, 22.2869093 ], [ 114.1397498, 22.2868936 ], [ 114.1397384, 22.286931 ] ] ] } },
{ "type": "Feature", "properties": { "id": "1359187820", "name": "nan", "shop": "nan", "highway": "nan", "railway": "nan", "leisure": "nan", "landuse": "nan", "building": "roof" }, "geometry": { "type": "Polygon", "coordinates": [ [ [ 114.1397498, 22.2868936 ], [ 114.1396917, 22.2868779 ], [ 114.1396801, 22.2869157 ], [ 114.1397384, 22.286931 ], [ 114.1397498, 22.2868936 ] ] ] } },
{ "type": "Feature", "properties": { "id": "1359427812", "name": "nan", "shop": "nan", "highway": "nan", "railway": "nan", "leisure": "nan", "landuse": "nan", "building": "yes" }, "geometry": { "type": "Polygon", "coordinates": [ [ [ 114.1422989, 22.2850117 ], [ 114.1422708, 22.285013 ], [ 114.1422753, 22.2851014 ], [ 114.1423393, 22.2850986 ], [ 114.1423402, 22.2851167 ], [ 114.1424979, 22.2851092 ], [ 114.1424937, 22.2850022 ], [ 114.1424758, 22.2850042 ], [ 114.1422989, 22.2850117 ] ] ] } },
{ "type": "Feature", "properties": { "id": "1359427816", "name": "nan", "shop": "nan", "highway": "nan", "railway": "nan", "leisure": "nan", "landuse": "nan", "building": "yes" }, "geometry": { "type": "Polygon", "coordinates": [ [ [ 114.1427174, 22.2850401 ], [ 114.1427293, 22.2850396 ], [ 114.142756, 22.2850383 ], [ 114.1427545, 22.2850123 ], [ 114.1427519, 22.284968 ], [ 114.1428152, 22.2849647 ], [ 114.1428182, 22.2850091 ], [ 114.1428197, 22.2850351 ], [ 114.1428464, 22.2850337 ], [ 114.1428587, 22.285033 ], [ 114.1428619, 22.2850912 ], [ 114.1428231, 22.2850932 ], [ 114.1427594, 22.2850964 ], [ 114.1427206, 22.2850984 ], [ 114.1427174, 22.2850401 ] ] ] } },
{ "type": "Feature", "properties": { "id": "1359568453", "name": "香港保護兒童會譚雅士幼兒學校 Hong Kong Society for the Protection of Children Thomas Tam Nursery School", "shop": "nan", "highway": "nan", "railway": "nan", "leisure": "nan", "landuse": "nan", "building": "kindergarten" }, "geometry": { "type": "Polygon", "coordinates": [ [ [ 114.144394, 22.2854273 ], [ 114.1442885, 22.2854226 ], [ 114.1442939, 22.2853208 ], [ 114.1443577, 22.2853237 ], [ 114.1443589, 22.2853025 ], [ 114.1444195, 22.2853052 ], [ 114.1444215, 22.2852665 ], [ 114.1446258, 22.2852757 ], [ 114.1446195, 22.2853968 ], [ 114.1445483, 22.2853936 ], [ 114.1445468, 22.2854223 ], [ 114.1443946, 22.2854154 ], [ 114.144394, 22.2854273 ] ] ] } },
{ "type": "Feature", "properties": { "id": "1413516953", "name": "nan", "shop": "nan", "highway": "nan", "railway": "nan", "leisure": "nan", "landuse": "nan", "building": "apartments" }, "geometry": { "type": "Polygon", "coordinates": [ [ [ 114.1435788, 22.2875564 ], [ 114.1435896, 22.2875561 ], [ 114.1435907, 22.2875867 ], [ 114.1436517, 22.2875848 ], [ 114.1436508, 22.2875617 ], [ 114.1436602, 22.2875614 ], [ 114.1436595, 22.2875418 ], [ 114.1436691, 22.2875415 ], [ 114.1436682, 22.2875168 ], [ 114.1436722, 22.2875166 ], [ 114.1436704, 22.2874679 ], [ 114.1436664, 22.287468 ], [ 114.1436655, 22.2874433 ], [ 114.1436515, 22.2874437 ], [ 114.1436507, 22.287422 ], [ 114.1435847, 22.2874241 ], [ 114.143585, 22.2874337 ], [ 114.1435743, 22.287434 ], [ 114.143575, 22.2874531 ], [ 114.1435567, 22.2874537 ], [ 114.1435585, 22.2875018 ], [ 114.1435662, 22.2875084 ], [ 114.143572, 22.2875082 ], [ 114.1435723, 22.2875169 ], [ 114.1435774, 22.2875167 ], [ 114.1435776, 22.287523 ], [ 114.1435827, 22.2875228 ], [ 114.1435833, 22.2875403 ], [ 114.1435782, 22.2875405 ], [ 114.1435788, 22.2875564 ] ] ] } },
{ "type": "Feature", "properties": { "id": "1415849811", "name": "A座 Block A", "shop": "nan", "highway": "nan", "railway": "nan", "leisure": "nan", "landuse": "nan", "building": "apartments" }, "geometry": { "type": "Polygon", "coordinates": [ [ [ 114.1280719, 22.275204 ], [ 114.1280669, 22.2752658 ], [ 114.1280968, 22.2752679 ], [ 114.128098, 22.2752533 ], [ 114.1281339, 22.2752558 ], [ 114.1281368, 22.2752305 ], [ 114.1281161, 22.2751993 ], [ 114.1281318, 22.2751904 ], [ 114.1281291, 22.2751692 ], [ 114.128141, 22.275168 ], [ 114.1281333, 22.2750981 ], [ 114.1281305, 22.2750843 ], [ 114.1281205, 22.2750736 ], [ 114.1281062, 22.2750689 ], [ 114.1280912, 22.2750715 ], [ 114.1280797, 22.2750807 ], [ 114.1280747, 22.275094 ], [ 114.1280718, 22.2750802 ], [ 114.1280619, 22.2750695 ], [ 114.1280475, 22.2750649 ], [ 114.1280326, 22.2750675 ], [ 114.1280211, 22.2750767 ], [ 114.128016, 22.2750899 ], [ 114.1279971, 22.275158 ], [ 114.1280087, 22.2751608 ], [ 114.1280025, 22.2751814 ], [ 114.1280166, 22.2751923 ], [ 114.1279912, 22.2752203 ], [ 114.1279899, 22.2752458 ], [ 114.1280258, 22.2752483 ], [ 114.1280246, 22.2752629 ], [ 114.1280546, 22.275265 ], [ 114.1280596, 22.2752032 ], [ 114.1280719, 22.275204 ] ] ] } },
{ "type": "Feature", "properties": { "id": "1415849812", "name": "B座 Block B", "shop": "nan", "highway": "nan", "railway": "nan", "leisure": "nan", "landuse": "nan", "building": "apartments" }, "geometry": { "type": "Polygon", "coordinates": [ [ [ 114.1282166, 22.2751903 ], [ 114.1282351, 22.2752499 ], [ 114.1282062, 22.2752575 ], [ 114.1282018, 22.2752435 ], [ 114.1281672, 22.2752526 ], [ 114.1281589, 22.2752284 ], [ 114.1281723, 22.275194 ], [ 114.1281549, 22.2751882 ], [ 114.128153, 22.2751669 ], [ 114.128141, 22.275168 ], [ 114.1281333, 22.2750981 ], [ 114.128133, 22.275084 ], [ 114.1281404, 22.2750717 ], [ 114.1281535, 22.2750645 ], [ 114.1281687, 22.2750642 ], [ 114.128182, 22.275071 ], [ 114.1281898, 22.2750831 ], [ 114.1281896, 22.275069 ], [ 114.1281969, 22.2750567 ], [ 114.12821, 22.2750495 ], [ 114.1282252, 22.2750492 ], [ 114.1282385, 22.275056 ], [ 114.1282463, 22.2750681 ], [ 114.1282798, 22.2751312 ], [ 114.128269, 22.2751361 ], [ 114.1282796, 22.2751551 ], [ 114.1282682, 22.2751685 ], [ 114.1282992, 22.2751912 ], [ 114.128306, 22.2752158 ], [ 114.1282714, 22.275225 ], [ 114.1282758, 22.2752391 ], [ 114.1282469, 22.2752467 ], [ 114.1282285, 22.2751872 ], [ 114.1282166, 22.2751903 ] ] ] } },
{ "type": "Feature", "properties": { "id": "1415849813", "name": "C座 Block C", "shop": "nan", "highway": "nan", "railway": "nan", "leisure": "nan", "landuse": "nan", "building": "apartments" }, "geometry": { "type": "Polygon", "coordinates": [ [ [ 114.128369, 22.2751211 ], [ 114.1284086, 22.2751711 ], [ 114.1284329, 22.2751546 ], [ 114.1284235, 22.2751428 ], [ 114.1284525, 22.2751231 ], [ 114.1284368, 22.2751021 ], [ 114.1283992, 22.2750909 ], [ 114.1284049, 22.2750746 ], [ 114.1283879, 22.2750602 ], [ 114.1283962, 22.2750522 ], [ 114.1283411, 22.2750037 ], [ 114.1283293, 22.2749949 ], [ 114.1283142, 22.2749928 ], [ 114.1283, 22.2749979 ], [ 114.1282905, 22.2750089 ], [ 114.1282882, 22.2750228 ], [ 114.1282937, 22.2750359 ], [ 114.1282819, 22.2750271 ], [ 114.1282668, 22.275025 ], [ 114.1282526, 22.2750301 ], [ 114.1282431, 22.2750411 ], [ 114.1282408, 22.275055 ], [ 114.1282463, 22.2750681 ], [ 114.1282798, 22.2751312 ], [ 114.1282906, 22.2751263 ], [ 114.1283004, 22.2751457 ], [ 114.1283188, 22.2751455 ], [ 114.1283192, 22.2751821 ], [ 114.1283361, 22.2752022 ], [ 114.1283651, 22.2751825 ], [ 114.1283745, 22.2751943 ], [ 114.1283987, 22.2751778 ], [ 114.1283591, 22.2751279 ], [ 114.128369, 22.2751211 ] ] ] } },
{ "type": "Feature", "properties": { "id": "1415849815", "name": "nan", "shop": "nan", "highway": "nan", "railway": "nan", "leisure": "nan", "landuse": "nan", "building": "house" }, "geometry": { "type": "Polygon", "coordinates": [ [ [ 114.1272282, 22.2751638 ], [ 114.1272877, 22.2751334 ], [ 114.1273315, 22.2752069 ], [ 114.1274493, 22.2751469 ], [ 114.1273838, 22.2750369 ], [ 114.127266, 22.2750969 ], [ 114.1272271, 22.2750316 ], [ 114.1271675, 22.2750619 ], [ 114.1272282, 22.2751638 ] ] ] } },
{ "type": "Feature", "properties": { "id": "1415871956", "name": "nan", "shop": "nan", "highway": "nan", "railway": "nan", "leisure": "nan", "landuse": "nan", "building": "apartments" }, "geometry": { "type": "Polygon", "coordinates": [ [ [ 114.1310513, 22.2823595 ], [ 114.1311667, 22.2822397 ], [ 114.1312317, 22.2822933 ], [ 114.1311921, 22.2823344 ], [ 114.1311782, 22.2823229 ], [ 114.1311434, 22.2823591 ], [ 114.1311761, 22.2823861 ], [ 114.1312505, 22.2823088 ], [ 114.1313158, 22.2823626 ], [ 114.1312762, 22.2824038 ], [ 114.1312623, 22.2823923 ], [ 114.1312274, 22.2824285 ], [ 114.1312596, 22.2824551 ], [ 114.1312187, 22.2824975 ], [ 114.1310513, 22.2823595 ] ] ] } },
{ "type": "Feature", "properties": { "id": "1415871961", "name": "第九座 Block 9", "shop": "nan", "highway": "nan", "railway": "nan", "leisure": "nan", "landuse": "nan", "building": "apartments" }, "geometry": { "type": "Polygon", "coordinates": [ [ [ 114.1310516, 22.2827666 ], [ 114.1309874, 22.2828332 ], [ 114.1310232, 22.2828627 ], [ 114.1310112, 22.2828752 ], [ 114.1309936, 22.2828607 ], [ 114.1309715, 22.2828836 ], [ 114.1310242, 22.2829272 ], [ 114.1310333, 22.2829178 ], [ 114.1310463, 22.2829285 ], [ 114.1310593, 22.2829149 ], [ 114.1310845, 22.2829357 ], [ 114.1311442, 22.2828737 ], [ 114.1311053, 22.2828416 ], [ 114.1311366, 22.28284 ], [ 114.1311352, 22.2828182 ], [ 114.1311027, 22.2827914 ], [ 114.1310828, 22.2827924 ], [ 114.1310516, 22.2827666 ] ] ] } },
{ "type": "Feature", "properties": { "id": "1415871962", "name": "第十二座 Block 12", "shop": "nan", "highway": "nan", "railway": "nan", "leisure": "nan", "landuse": "nan", "building": "apartments" }, "geometry": { "type": "Polygon", "coordinates": [ [ [ 114.1313026, 22.2831157 ], [ 114.1313587, 22.2830576 ], [ 114.1313931, 22.283086 ], [ 114.1314073, 22.2830712 ], [ 114.1313944, 22.2830605 ], [ 114.131422, 22.2830319 ], [ 114.131478, 22.2830777 ], [ 114.1314566, 22.2831009 ], [ 114.1314879, 22.2831267 ], [ 114.1314238, 22.2831932 ], [ 114.131388, 22.2831637 ], [ 114.131376, 22.2831762 ], [ 114.1313935, 22.2831907 ], [ 114.1313714, 22.2832136 ], [ 114.1313187, 22.2831701 ], [ 114.1313277, 22.2831607 ], [ 114.1313147, 22.28315 ], [ 114.1313278, 22.2831364 ], [ 114.1313026, 22.2831157 ] ] ] } },
{ "type": "Feature", "properties": { "id": "1415871963", "name": "第七座 Block 7", "shop": "nan", "highway": "nan", "railway": "nan", "leisure": "nan", "landuse": "nan", "building": "apartments" }, "geometry": { "type": "Polygon", "coordinates": [ [ [ 114.1308663, 22.2827556 ], [ 114.1309224, 22.2826975 ], [ 114.1308879, 22.2826691 ], [ 114.1309021, 22.2826544 ], [ 114.1309151, 22.282665 ], [ 114.1309427, 22.2826364 ], [ 114.1308864, 22.2825899 ], [ 114.1308647, 22.2826124 ], [ 114.1308334, 22.2825866 ], [ 114.1307693, 22.2826532 ], [ 114.1308051, 22.2826827 ], [ 114.130793, 22.2826952 ], [ 114.1307754, 22.2826806 ], [ 114.1307533, 22.2827036 ], [ 114.1308061, 22.2827471 ], [ 114.1308151, 22.2827377 ], [ 114.1308281, 22.2827484 ], [ 114.1308412, 22.2827349 ], [ 114.1308663, 22.2827556 ] ] ] } },
{ "type": "Feature", "properties": { "id": "1415871964", "name": "第八座 Block 8", "shop": "nan", "highway": "nan", "railway": "nan", "leisure": "nan", "landuse": "nan", "building": "apartments" }, "geometry": { "type": "Polygon", "coordinates": [ [ [ 114.1308663, 22.2827556 ], [ 114.1309224, 22.2826975 ], [ 114.1309568, 22.2827259 ], [ 114.130971, 22.2827112 ], [ 114.1309581, 22.2827005 ], [ 114.1309853, 22.2826711 ], [ 114.131042, 22.2827183 ], [ 114.1310203, 22.2827408 ], [ 114.1310516, 22.2827666 ], [ 114.1309874, 22.2828332 ], [ 114.1309517, 22.2828037 ], [ 114.1309396, 22.2828161 ], [ 114.1309572, 22.2828306 ], [ 114.1309351, 22.2828536 ], [ 114.1308824, 22.2828101 ], [ 114.1308914, 22.2828007 ], [ 114.1308784, 22.28279 ], [ 114.1308915, 22.2827764 ], [ 114.1308663, 22.2827556 ] ] ] } },
{ "type": "Feature", "properties": { "id": "1415871965", "name": "第十座 Block 10", "shop": "nan", "highway": "nan", "railway": "nan", "leisure": "nan", "landuse": "nan", "building": "apartments" }, "geometry": { "type": "Polygon", "coordinates": [ [ [ 114.1312697, 22.2829467 ], [ 114.1312056, 22.2830132 ], [ 114.1311698, 22.2829837 ], [ 114.1311578, 22.2829962 ], [ 114.1311754, 22.2830107 ], [ 114.1311533, 22.2830336 ], [ 114.1311005, 22.2829901 ], [ 114.1311096, 22.2829807 ], [ 114.1310966, 22.28297 ], [ 114.1311097, 22.2829564 ], [ 114.1310845, 22.2829357 ], [ 114.1311442, 22.2828737 ], [ 114.1311831, 22.2829058 ], [ 114.1311813, 22.2828769 ], [ 114.1312048, 22.2828756 ], [ 114.1312373, 22.2829025 ], [ 114.1312385, 22.2829209 ], [ 114.1312697, 22.2829467 ] ] ] } },
{ "type": "Feature", "properties": { "id": "1415871966", "name": "第十一座 Block 11", "shop": "nan", "highway": "nan", "railway": "nan", "leisure": "nan", "landuse": "nan", "building": "apartments" }, "geometry": { "type": "Polygon", "coordinates": [ [ [ 114.1313026, 22.2831157 ], [ 114.1313587, 22.2830576 ], [ 114.1313242, 22.2830291 ], [ 114.1313384, 22.2830144 ], [ 114.1313514, 22.2830251 ], [ 114.131379, 22.2829964 ], [ 114.1313223, 22.2829492 ], [ 114.131301, 22.2829725 ], [ 114.1312697, 22.2829467 ], [ 114.1312056, 22.2830132 ], [ 114.1312414, 22.2830427 ], [ 114.1312293, 22.2830552 ], [ 114.1312118, 22.2830407 ], [ 114.1311896, 22.2830636 ], [ 114.1312424, 22.2831072 ], [ 114.1312514, 22.2830978 ], [ 114.1312644, 22.2831085 ], [ 114.1312775, 22.2830949 ], [ 114.1313026, 22.2831157 ] ] ] } },
{ "type": "Feature", "properties": { "id": "1415871967", "name": "第六座 Block 6", "shop": "nan", "highway": "nan", "railway": "nan", "leisure": "nan", "landuse": "nan", "building": "apartments" }, "geometry": { "type": "Polygon", "coordinates": [ [ [ 114.131498, 22.2829119 ], [ 114.131442, 22.28297 ], [ 114.1314764, 22.2829984 ], [ 114.1314622, 22.2830132 ], [ 114.1314493, 22.2830025 ], [ 114.131422, 22.2830319 ], [ 114.131478, 22.2830777 ], [ 114.1314997, 22.2830551 ], [ 114.1315309, 22.2830809 ], [ 114.1315951, 22.2830144 ], [ 114.1315593, 22.2829849 ], [ 114.1315713, 22.2829724 ], [ 114.1315889, 22.2829869 ], [ 114.131611, 22.2829639 ], [ 114.1315583, 22.2829204 ], [ 114.1315492, 22.2829298 ], [ 114.1315362, 22.2829191 ], [ 114.1315232, 22.2829326 ], [ 114.131498, 22.2829119 ] ] ] } },
{ "type": "Feature", "properties": { "id": "1415871968", "name": "第五座 Block 5", "shop": "nan", "highway": "nan", "railway": "nan", "leisure": "nan", "landuse": "nan", "building": "apartments" }, "geometry": { "type": "Polygon", "coordinates": [ [ [ 114.131498, 22.2829119 ], [ 114.131442, 22.28297 ], [ 114.1314076, 22.2829416 ], [ 114.1313933, 22.2829563 ], [ 114.1314063, 22.282967 ], [ 114.131379, 22.2829964 ], [ 114.1313223, 22.2829492 ], [ 114.131344, 22.2829267 ], [ 114.1313128, 22.2829009 ], [ 114.1313769, 22.2828344 ], [ 114.1314127, 22.2828639 ], [ 114.1314247, 22.2828514 ], [ 114.1314071, 22.2828369 ], [ 114.1314292, 22.2828139 ], [ 114.131482, 22.2828575 ], [ 114.1314729, 22.2828669 ], [ 114.1314859, 22.2828776 ], [ 114.1314729, 22.2828911 ], [ 114.131498, 22.2829119 ] ] ] } },
{ "type": "Feature", "properties": { "id": "1415871969", "name": "第四座 Block 4", "shop": "nan", "highway": "nan", "railway": "nan", "leisure": "nan", "landuse": "nan", "building": "apartments" }, "geometry": { "type": "Polygon", "coordinates": [ [ [ 114.1313128, 22.2829009 ], [ 114.1313769, 22.2828344 ], [ 114.1313411, 22.2828048 ], [ 114.1313532, 22.2827924 ], [ 114.1313708, 22.2828069 ], [ 114.1313929, 22.2827839 ], [ 114.1313401, 22.2827404 ], [ 114.1313311, 22.2827498 ], [ 114.1313181, 22.2827391 ], [ 114.131305, 22.2827526 ], [ 114.1312799, 22.2827319 ], [ 114.1312202, 22.2827938 ], [ 114.1312591, 22.2828259 ], [ 114.1312278, 22.2828275 ], [ 114.1312291, 22.2828493 ], [ 114.1312617, 22.2828761 ], [ 114.1312815, 22.2828751 ], [ 114.1313128, 22.2829009 ] ] ] } },
{ "type": "Feature", "properties": { "id": "1415871970", "name": "第三座 Block 3", "shop": "nan", "highway": "nan", "railway": "nan", "leisure": "nan", "landuse": "nan", "building": "apartments" }, "geometry": { "type": "Polygon", "coordinates": [ [ [ 114.1310946, 22.2827209 ], [ 114.1311588, 22.2826543 ], [ 114.1311945, 22.2826839 ], [ 114.1312066, 22.2826714 ], [ 114.131189, 22.2826569 ], [ 114.1312111, 22.2826339 ], [ 114.1312638, 22.2826774 ], [ 114.1312548, 22.2826868 ], [ 114.1312678, 22.2826975 ], [ 114.1312547, 22.2827111 ], [ 114.1312799, 22.2827319 ], [ 114.1312202, 22.2827938 ], [ 114.1311813, 22.2827617 ], [ 114.1311831, 22.2827906 ], [ 114.1311596, 22.2827919 ], [ 114.131127, 22.282765 ], [ 114.1311259, 22.2827467 ], [ 114.1310946, 22.2827209 ] ] ] } },
{ "type": "Feature", "properties": { "id": "1415871971", "name": "第二座 Block 2", "shop": "nan", "highway": "nan", "railway": "nan", "leisure": "nan", "landuse": "nan", "building": "apartments" }, "geometry": { "type": "Polygon", "coordinates": [ [ [ 114.1310617, 22.2825518 ], [ 114.1310057, 22.28261 ], [ 114.1310401, 22.2826384 ], [ 114.1310259, 22.2826531 ], [ 114.131013, 22.2826424 ], [ 114.1309853, 22.2826711 ], [ 114.131042, 22.2827183 ], [ 114.1310634, 22.2826951 ], [ 114.1310946, 22.2827209 ], [ 114.1311588, 22.2826543 ], [ 114.131123, 22.2826248 ], [ 114.131135, 22.2826123 ], [ 114.1311526, 22.2826268 ], [ 114.1311747, 22.2826039 ], [ 114.131122, 22.2825604 ], [ 114.1311129, 22.2825698 ], [ 114.1310999, 22.2825591 ], [ 114.1310869, 22.2825726 ], [ 114.1310617, 22.2825518 ] ] ] } },
{ "type": "Feature", "properties": { "id": "1415871972", "name": "第一座 Block 1", "shop": "nan", "highway": "nan", "railway": "nan", "leisure": "nan", "landuse": "nan", "building": "apartments" }, "geometry": { "type": "Polygon", "coordinates": [ [ [ 114.1310617, 22.2825518 ], [ 114.1310057, 22.28261 ], [ 114.1309713, 22.2825815 ], [ 114.130957, 22.2825963 ], [ 114.13097, 22.282607 ], [ 114.1309427, 22.2826364 ], [ 114.1308864, 22.2825899 ], [ 114.1309077, 22.2825666 ], [ 114.1308765, 22.2825409 ], [ 114.1309406, 22.2824743 ], [ 114.1309764, 22.2825038 ], [ 114.1309884, 22.2824914 ], [ 114.1309708, 22.2824768 ], [ 114.1309929, 22.2824539 ], [ 114.1310457, 22.2824974 ], [ 114.1310366, 22.2825068 ], [ 114.1310496, 22.2825175 ], [ 114.1310365, 22.2825311 ], [ 114.1310617, 22.2825518 ] ] ] } },
{ "type": "Feature", "properties": { "id": "1510172811", "name": "nan", "shop": "nan", "highway": "nan", "railway": "nan", "leisure": "nan", "landuse": "nan", "building": "construction" }, "geometry": { "type": "Polygon", "coordinates": [ [ [ 114.1390244, 22.2815132 ], [ 114.139012, 22.2813185 ], [ 114.1379647, 22.2813755 ], [ 114.1379771, 22.2815704 ], [ 114.1382197, 22.2815571 ], [ 114.1382203, 22.2816419 ], [ 114.1376779, 22.2818351 ], [ 114.1377837, 22.2820654 ], [ 114.1383125, 22.281883 ], [ 114.1384711, 22.2819273 ], [ 114.1383637, 22.2822213 ], [ 114.1386376, 22.2823113 ], [ 114.1387995, 22.2818836 ], [ 114.1384344, 22.2817676 ], [ 114.1384231, 22.281546 ], [ 114.1390244, 22.2815132 ] ] ] } },
{ "type": "Feature", "properties": { "id": "1523860296", "name": "nan", "shop": "nan", "highway": "nan", "railway": "nan", "leisure": "nan", "landuse": "nan", "building": "residential" }, "geometry": { "type": "Polygon", "coordinates": [ [ [ 114.1387849, 22.2785042 ], [ 114.1387489, 22.2784857 ], [ 114.138809, 22.2783858 ], [ 114.1388449, 22.2784043 ], [ 114.1387849, 22.2785042 ] ] ] } },
{ "type": "Feature", "properties": { "id": "1523860297", "name": "nan", "shop": "nan", "highway": "nan", "railway": "nan", "leisure": "nan", "landuse": "nan", "building": "residential" }, "geometry": { "type": "Polygon", "coordinates": [ [ [ 114.1385482, 22.2783849 ], [ 114.1384831, 22.2783535 ], [ 114.1384987, 22.2783257 ], [ 114.1384716, 22.2783127 ], [ 114.1384938, 22.2782732 ], [ 114.1384719, 22.2782627 ], [ 114.1384931, 22.2782249 ], [ 114.1385258, 22.2782406 ], [ 114.1385354, 22.2782235 ], [ 114.1385764, 22.2782432 ], [ 114.1385668, 22.2782603 ], [ 114.1386073, 22.2782797 ], [ 114.1385482, 22.2783849 ] ] ] } }
]
}
