{
"type": "FeatureCollection",
"name": "roads",
"crs": { "type": "name", "properties": { "name": "urn:ogc:def:crs:OGC:1.3:CRS84" } },
"features": [
{ "type": "Feature", "properties": { "id": "23394198", "name": "般咸道 Bonham Road", "highway": "secondary" }, "geometry": { "type": "LineString", "coordinates": [ [ 114.138326, 22.2846576 ], [ 114.1382019, 22.2847116 ], [ 114.1381464, 22.2847256 ], [ 114.1380829, 22.2847373 ], [ 114.1379327, 22.2847432 ], [ 114.1375811, 22.2847569 ], [ 114.1374459, 22.2847601 ], [ 114.1374016, 22.2847623 ], [ 114.1372971, 22.2847712 ] ] } },
{ "type": "Feature", "properties": { "id": "23394510", "name": "薄扶林道 Pok Fu Lam Road", "highway": "secondary" }, "geometry": { "type": "LineString", "coordinates": [ [ 114.1404775, 22.2869817 ], [ 114.1403358, 22.2867546 ], [ 114.1403185, 22.2867264 ], [ 114.1402343, 22.2865897 ], [ 114.1400629, 22.2863112 ] ] } },
{ "type": "Feature", "properties": { "id": "23396816", "name": "西邊街 Western Street", "highway": "secondary" }, "geometry": { "type": "LineString", "coordinates": [ [ 114.1411494, 22.2886573 ], [ 114.1409639, 22.288614 ], [ 114.1408846, 22.2885801 ], [ 114.1408663, 22.2885251 ], [ 114.1408439, 22.2881257 ], [ 114.1408417, 22.2880854 ], [ 114.1408279, 22.2880035 ] ] } },
{ "type": "Feature", "properties": { "id": "23396911", "name": "第二街 Second Street", "highway": "secondary" }, "geometry": { "type": "LineString", "coordinates": [ [ 114.1398957, 22.2862371 ], [ 114.1392377, 22.2862448 ], [ 114.1392119, 22.2862508 ], [ 114.1391891, 22.2862622 ], [ 114.1391741, 22.2862755 ], [ 114.1391629, 22.2862922 ], [ 114.1391529, 22.2863141 ] ] } },
{ "type": "Feature", "properties": { "id": "23396951", "name": "皇后大道西 Queen's Road West", "highway": "secondary" }, "geometry": { "type": "LineString", "coordinates": [ [ 114.1456591, 22.2864417 ], [ 114.145344, 22.2866996 ], [ 114.1452826, 22.2867499 ], [ 114.144954, 22.2870221 ], [ 114.1449028, 22.2870615 ], [ 114.1448003, 22.2871103 ], [ 114.1447515, 22.2871072 ], [ 114.1446729, 22.2870815 ], [ 114.1445481, 22.2870362 ], [ 114.144372, 22.2869416 ], [ 114.1442388, 22.2868775 ], [ 114.1440842, 22.2868565 ] ] } },
{ "type": "Feature", "properties": { "id": "23398636", "name": "山道天橋 Hill Road Flyover", "highway": "primary" }, "geometry": { "type": "LineString", "coordinates": [ [ 114.1354629, 22.2838775 ], [ 114.1355505, 22.2838853 ], [ 114.1356525, 22.2839061 ] ] } },
{ "type": "Feature", "properties": { "id": "23398719", "name": "堅彌地城新海旁 New Praya, Kennedy Town", "highway": "primary" }, "geometry": { "type": "LineString", "coordinates": [ [ 114.1258428, 22.2835816 ], [ 114.125871, 22.2836189 ], [ 114.1259178, 22.2836409 ] ] } },
{ "type": "Feature", "properties": { "id": "23398774", "name": "堅彌地城海旁 Praya, Kennedy Town", "highway": "secondary" }, "geometry": { "type": "LineString", "coordinates": [ [ 114.1314285, 22.2853072 ], [ 114.1315334, 22.2853985 ], [ 114.1316105, 22.2854878 ], [ 114.1316669, 22.2855765 ], [ 114.1318706, 22.2859362 ], [ 114.1320559, 22.2862888 ], [ 114.1322338, 22.2866274 ], [ 114.1322958, 22.286737 ] ] } },
{ "type": "Feature", "properties": { "id": "24210441", "name": "般咸道 Bonham Road", "highway": "secondary" }, "geometry": { "type": "LineString", "coordinates": [ [ 114.1366761, 22.2838977 ], [ 114.1367015, 22.2839829 ], [ 114.136741, 22.2840561 ], [ 114.1367771, 22.2841286 ] ] } },
{ "type": "Feature", "properties": { "id": "26321344", "name": "柏道 Park Road", "highway": "secondary" }, "geometry": { "type": "LineString", "coordinates": [ [ 114.1426304, 22.2842088 ], [ 114.1426627, 22.2841737 ], [ 114.1426845, 22.2841501 ] ] } },
{ "type": "Feature", "properties": { "id": "26409191", "name": "干諾道西 Connaught Road West", "highway": "primary" }, "geometry": { "type": "LineString", "coordinates": [ [ 114.1425194, 22.2893091 ], [ 114.1427691, 22.28927 ] ] } },
{ "type": "Feature", "properties": { "id": "26409194", "name": "干諾道西 Connaught Road West", "highway": "primary" }, "geometry": { "type": "LineString", "coordinates": [ [ 114.1354066, 22.2873891 ], [ 114.1355517, 22.2873895 ], [ 114.1356542, 22.2874026 ], [ 114.1357444, 22.287415 ], [ 114.1358552, 22.2874316 ], [ 114.1359653, 22.2874511 ], [ 114.1360626, 22.2874701 ], [ 114.1361509, 22.2874928 ] ] } },
{ "type": "Feature", "properties": { "id": "26723703", "name": "士美菲路 Smithfield", "highway": "secondary" }, "geometry": { "type": "LineString", "coordinates": [ [ 114.1308573, 22.2772449 ], [ 114.1307864, 22.2772516 ], [ 114.1307331, 22.2772614 ], [ 114.1306643, 22.2772785 ], [ 114.1306089, 22.2772987 ] ] } },
{ "type": "Feature", "properties": { "id": "26723740", "name": "士美菲路 Smithfield", "highway": "secondary" }, "geometry": { "type": "LineString", "coordinates": [ [ 114.1309097, 22.2787729 ], [ 114.1309845, 22.2787573 ], [ 114.1310697, 22.2787258 ], [ 114.13115, 22.2786803 ], [ 114.1312376, 22.2786111 ], [ 114.1313, 22.2785415 ], [ 114.1313369, 22.2784837 ], [ 114.1313659, 22.2784177 ], [ 114.1313929, 22.2783328 ], [ 114.1314042, 22.2782349 ], [ 114.1313934, 22.2781193 ], [ 114.1313342, 22.277794 ], [ 114.1313021, 22.277671 ], [ 114.131264, 22.2775627 ] ] } },
{ "type": "Feature", "properties": { "id": "26723774", "name": "士美菲路 Smithfield", "highway": "secondary" }, "geometry": { "type": "LineString", "coordinates": [ [ 114.1297964, 22.2777614 ], [ 114.1298279, 22.277791 ], [ 114.1298616, 22.2778276 ], [ 114.129897, 22.2778703 ], [ 114.1300331, 22.278058 ], [ 114.1302804, 22.2784434 ], [ 114.1303238, 22.2785039 ], [ 114.1303536, 22.2785433 ], [ 114.1303851, 22.278579 ], [ 114.1304201, 22.2786154 ], [ 114.1304568, 22.2786484 ], [ 114.1304956, 22.2786787 ] ] } },
{ "type": "Feature", "properties": { "id": "26723806", "name": "士美菲路 Smithfield", "highway": "secondary" }, "geometry": { "type": "LineString", "coordinates": [ [ 114.1279296, 22.2839367 ], [ 114.1279332, 22.28392 ], [ 114.1279505, 22.283815 ], [ 114.1280073, 22.2835365 ], [ 114.1280472, 22.2833775 ], [ 114.1280548, 22.2833267 ], [ 114.12806, 22.2833035 ] ] } },
{ "type": "Feature", "properties": { "id": "26723809", "name": "科士街 Forbes Street", "highway": "secondary" }, "geometry": { "type": "LineString", "coordinates": [ [ 114.1283773, 22.2816363 ], [ 114.1283714, 22.2815972 ], [ 114.1283591, 22.2815703 ], [ 114.1283412, 22.281546 ], [ 114.1283171, 22.2815243 ], [ 114.128276, 22.2815002 ], [ 114.1282277, 22.281484 ], [ 114.1281199, 22.2814579 ] ] } },
{ "type": "Feature", "properties": { "id": "26723817", "name": "加多近街 Cadogan Street", "highway": "secondary" }, "geometry": { "type": "LineString", "coordinates": [ [ 114.1264546, 22.2811787 ], [ 114.1264148, 22.2811865 ], [ 114.1263708, 22.2812042 ], [ 114.1263493, 22.281244 ], [ 114.1263375, 22.2812926 ], [ 114.1261549, 22.2821209 ], [ 114.1261438, 22.2821681 ], [ 114.1261349, 22.2821996 ], [ 114.1261199, 22.28225 ] ] } },
{ "type": "Feature", "properties": { "id": "26723823", "name": "吉席街 Catchick Street", "highway": "secondary" }, "geometry": { "type": "LineString", "coordinates": [ [ 114.1260271, 22.2829218 ], [ 114.1260409, 22.282924 ], [ 114.1265377, 22.2830026 ] ] } },
{ "type": "Feature", "properties": { "id": "26723853", "name": "山市街 Sands Street", "highway": "primary" }, "geometry": { "type": "LineString", "coordinates": [ [ 114.1296463, 22.2837463 ], [ 114.1297049, 22.2836848 ], [ 114.1300491, 22.2833222 ], [ 114.1300749, 22.2832952 ], [ 114.1301259, 22.283242 ] ] } },
{ "type": "Feature", "properties": { "id": "26723862", "name": "石山街 Rock Hill Street", "highway": "secondary" }, "geometry": { "type": "LineString", "coordinates": [ [ 114.1304394, 22.2828266 ], [ 114.1304376, 22.2827813 ] ] } },
{ "type": "Feature", "properties": { "id": "27089100", "name": "薄扶林道 Pok Fu Lam Road", "highway": "primary" }, "geometry": { "type": "LineString", "coordinates": [ [ 114.1327263, 22.2831901 ], [ 114.1327807, 22.2832586 ], [ 114.1328427, 22.2833367 ] ] } },
{ "type": "Feature", "properties": { "id": "27089107", "name": "水街 Water Street", "highway": "secondary" }, "geometry": { "type": "LineString", "coordinates": [ [ 114.1391529, 22.2863141 ], [ 114.1391169, 22.2864384 ], [ 114.1390911, 22.2865186 ], [ 114.1390607, 22.2866225 ] ] } },
{ "type": "Feature", "properties": { "id": "28071385", "name": "德輔道西 Des Voeux Road West", "highway": "secondary" }, "geometry": { "type": "LineString", "coordinates": [ [ 114.1322958, 22.286737 ], [ 114.1324087, 22.2869352 ], [ 114.1324238, 22.2869648 ], [ 114.1324765, 22.2870475 ], [ 114.13253, 22.287119 ], [ 114.1325894, 22.2871824 ], [ 114.1326185, 22.2872077 ], [ 114.1326485, 22.2872339 ], [ 114.132714, 22.2872791 ], [ 114.1327859, 22.2873193 ], [ 114.1328575, 22.2873493 ], [ 114.1329471, 22.2873756 ], [ 114.1330372, 22.2873906 ], [ 114.1331149, 22.2873962 ], [ 114.1331819, 22.2873976 ], [ 114.1332483, 22.2873929 ], [ 114.1333271, 22.287383 ], [ 114.1336794, 22.287316 ], [ 114.1337032, 22.2873116 ], [ 114.1337842, 22.287294 ], [ 114.1337998, 22.2872905 ], [ 114.1338778, 22.2872749 ], [ 114.1343571, 22.2871779 ], [ 114.1345935, 22.28713 ], [ 114.1347113, 22.2871029 ], [ 114.1347409, 22.2870947 ], [ 114.1349662, 22.2870171 ], [ 114.1349886, 22.2870091 ], [ 114.1350968, 22.2869686 ], [ 114.135303, 22.2869056 ] ] } },
{ "type": "Feature", "properties": { "id": "30343323", "name": "西區海底隧道 Western Harbour Crossing", "highway": "trunk" }, "geometry": { "type": "LineString", "coordinates": [ [ 114.1462178, 22.2897959 ], [ 114.1460113, 22.2896564 ], [ 114.1457908, 22.2895305 ], [ 114.1455598, 22.289422 ], [ 114.1453199, 22.2893315 ], [ 114.1450726, 22.2892598 ], [ 114.1448198, 22.2892074 ], [ 114.1445632, 22.2891745 ], [ 114.1443045, 22.2891614 ] ] } },
{ "type": "Feature", "properties": { "id": "30743302", "name": "西邊街 Western Street", "highway": "secondary" }, "geometry": { "type": "LineString", "coordinates": [ [ 114.1407739, 22.2869705 ], [ 114.1407706, 22.2868896 ], [ 114.1407673, 22.286811 ], [ 114.1407586, 22.2866005 ], [ 114.1407575, 22.2865749 ] ] } },
{ "type": "Feature", "properties": { "id": "31846855", "name": "山道天橋 Hill Road Flyover", "highway": "primary" }, "geometry": { "type": "LineString", "coordinates": [ [ 114.1368989, 22.2879362 ], [ 114.1371971, 22.2879468 ], [ 114.1377186, 22.2879634 ] ] } },
{ "type": "Feature", "properties": { "id": "31846856", "name": "山道天橋 Hill Road Flyover", "highway": "primary" }, "geometry": { "type": "LineString", "coordinates": [ [ 114.1358343, 22.2878311 ], [ 114.1359195, 22.287853 ], [ 114.1360152, 22.2878709 ], [ 114.1360441, 22.2878744 ], [ 114.1360732, 22.2878784 ], [ 114.136098, 22.2878801 ], [ 114.1363557, 22.2879008 ], [ 114.1366068, 22.2879207 ], [ 114.1367533, 22.2879289 ], [ 114.1368989, 22.2879362 ] ] } },
{ "type": "Feature", "properties": { "id": "33871750", "name": "皇后大道西 Queen's Road West", "highway": "secondary" }, "geometry": { "type": "LineString", "coordinates": [ [ 114.1396851, 22.2867812 ], [ 114.139147, 22.2866446 ], [ 114.1390607, 22.2866225 ] ] } },
{ "type": "Feature", "properties": { "id": "33871751", "name": "皇后大道西 Queen's Road West", "highway": "secondary" }, "geometry": { "type": "LineString", "coordinates": [ [ 114.1407739, 22.2869705 ], [ 114.1406833, 22.2869731 ], [ 114.1404775, 22.2869817 ] ] } },
{ "type": "Feature", "properties": { "id": "33871980", "name": "水街 Water Street", "highway": "secondary" }, "geometry": { "type": "LineString", "coordinates": [ [ 114.1389664, 22.2858173 ], [ 114.1389928, 22.2859021 ], [ 114.1390738, 22.2860785 ], [ 114.1391327, 22.2862094 ], [ 114.1391441, 22.286248 ], [ 114.1391508, 22.2862814 ], [ 114.1391529, 22.2863141 ] ] } },
{ "type": "Feature", "properties": { "id": "35894460", "name": "薄扶林道 Pok Fu Lam Road", "highway": "primary" }, "geometry": { "type": "LineString", "coordinates": [ [ 114.1320382, 22.2815438 ], [ 114.1321432, 22.2816881 ], [ 114.1321923, 22.2817631 ], [ 114.1323429, 22.2820079 ], [ 114.1323676, 22.2820926 ], [ 114.1323907, 22.282244 ], [ 114.1324197, 22.2823863 ] ] } },
{ "type": "Feature", "properties": { "id": "35927978", "name": "城西道 Shing Sai Road", "highway": "primary" }, "geometry": { "type": "LineString", "coordinates": [ [ 114.1279242, 22.2840857 ], [ 114.1279645, 22.2841214 ], [ 114.1280194, 22.2841503 ], [ 114.1280813, 22.2841708 ], [ 114.1283335, 22.2842223 ], [ 114.1284286, 22.2842439 ], [ 114.1285381, 22.2842734 ], [ 114.1286445, 22.2843103 ], [ 114.1288149, 22.2843858 ] ] } },
{ "type": "Feature", "properties": { "id": "35927983", "name": "城西道 Shing Sai Road", "highway": "primary" }, "geometry": { "type": "LineString", "coordinates": [ [ 114.1292219, 22.2843182 ], [ 114.1292275, 22.2842881 ], [ 114.1292408, 22.2842458 ] ] } },
{ "type": "Feature", "properties": { "id": "35927984", "name": "城西道 Shing Sai Road", "highway": "primary" }, "geometry": { "type": "LineString", "coordinates": [ [ 114.1307808, 22.2859351 ], [ 114.1306418, 22.2858172 ], [ 114.1303834, 22.2855894 ], [ 114.1297753, 22.285046 ] ] } },
{ "type": "Feature", "properties": { "id": "35928002", "name": "干諾道西天橋 Connaught Road West flyover", "highway": "trunk" }, "geometry": { "type": "LineString", "coordinates": [ [ 114.1317198, 22.286903 ], [ 114.1317748, 22.2869726 ], [ 114.131925, 22.287155 ] ] } },
{ "type": "Feature", "properties": { "id": "35928004", "name": "城西道 Shing Sai Road", "highway": "primary" }, "geometry": { "type": "LineString", "coordinates": [ [ 114.1352116, 22.2872596 ], [ 114.1351292, 22.2872663 ], [ 114.1350598, 22.2872719 ], [ 114.1349076, 22.2872848 ], [ 114.1348334, 22.2872924 ], [ 114.134713, 22.287309 ], [ 114.1346196, 22.2873244 ], [ 114.1344877, 22.2873528 ], [ 114.1338972, 22.2874682 ], [ 114.13385, 22.2874774 ], [ 114.1338134, 22.287484 ], [ 114.1337597, 22.287494 ], [ 114.1335399, 22.287535 ], [ 114.1333338, 22.2875623 ], [ 114.1331966, 22.287566 ], [ 114.1330523, 22.2875585 ], [ 114.1329455, 22.2875435 ], [ 114.1328083, 22.2875115 ], [ 114.1326783, 22.2874664 ], [ 114.1325685, 22.2874203 ], [ 114.1324548, 22.287362 ], [ 114.1323532, 22.2872981 ], [ 114.1322291, 22.287204 ], [ 114.1320387, 22.2870525 ], [ 114.1318611, 22.2868929 ] ] } },
{ "type": "Feature", "properties": { "id": "35928007", "name": "干諾道西天橋 Connaught Road West flyover", "highway": "trunk" }, "geometry": { "type": "LineString", "coordinates": [ [ 114.1326729, 22.2873687 ], [ 114.1325976, 22.2873316 ], [ 114.132516, 22.2872841 ], [ 114.1324256, 22.2872254 ], [ 114.1323375, 22.2871631 ], [ 114.1321124, 22.2869885 ] ] } },
{ "type": "Feature", "properties": { "id": "35928009", "name": "干諾道西天橋 Connaught Road West flyover", "highway": "trunk" }, "geometry": { "type": "LineString", "coordinates": [ [ 114.131925, 22.287155 ], [ 114.1320498, 22.2872691 ], [ 114.13222, 22.28743 ], [ 114.13236, 22.28754 ], [ 114.132432, 22.287588 ], [ 114.132498, 22.287624 ], [ 114.132611, 22.287676 ], [ 114.132731, 22.287717 ] ] } },
{ "type": "Feature", "properties": { "id": "40959879", "name": "般咸道 Bonham Road", "highway": "secondary" }, "geometry": { "type": "LineString", "coordinates": [ [ 114.1367771, 22.2841286 ], [ 114.1369139, 22.2842923 ], [ 114.1370551, 22.2844527 ], [ 114.1371871, 22.2845957 ], [ 114.1373227, 22.2847357 ], [ 114.1373722, 22.2847674 ], [ 114.1374257, 22.2847929 ], [ 114.1374823, 22.2848117 ], [ 114.1375243, 22.2848199 ], [ 114.1375739, 22.2848209 ], [ 114.1376528, 22.2848177 ], [ 114.1379753, 22.2848042 ] ] } },
{ "type": "Feature", "properties": { "id": "42198627", "name": "干諾道西 Connaught Road West", "highway": "primary" }, "geometry": { "type": "LineString", "coordinates": [ [ 114.1441214, 22.2886521 ], [ 114.1440471, 22.2886088 ], [ 114.1439085, 22.2886126 ], [ 114.1438093, 22.2886162 ] ] } },
{ "type": "Feature", "properties": { "id": "42198818", "name": "正街 Centre Street", "highway": "secondary" }, "geometry": { "type": "LineString", "coordinates": [ [ 114.1422889, 22.2869168 ], [ 114.1422975, 22.2869737 ], [ 114.1422998, 22.2870361 ], [ 114.1423244, 22.2876651 ], [ 114.1423303, 22.2878008 ], [ 114.1423304, 22.2878169 ], [ 114.1423307, 22.2878303 ], [ 114.1423326, 22.2878817 ] ] } },
{ "type": "Feature", "properties": { "id": "42198863", "name": "干諾道西 Connaught Road West", "highway": "secondary" }, "geometry": { "type": "LineString", "coordinates": [ [ 114.1423555, 22.2885008 ], [ 114.142385, 22.2885306 ], [ 114.1424132, 22.2885467 ], [ 114.1424454, 22.2885567 ], [ 114.1425318, 22.2885541 ] ] } },
{ "type": "Feature", "properties": { "id": "42199102", "name": "東邊街 Eastern Street", "highway": "secondary" }, "geometry": { "type": "LineString", "coordinates": [ [ 114.1438073, 22.2885185 ], [ 114.1437936, 22.28844 ], [ 114.1437773, 22.2880003 ], [ 114.1437767, 22.2879823 ], [ 114.1437741, 22.2879131 ] ] } },
{ "type": "Feature", "properties": { "id": "50891096", "name": "城西道 Shing Sai Road", "highway": "primary" }, "geometry": { "type": "LineString", "coordinates": [ [ 114.1319753, 22.2871062 ], [ 114.1321888, 22.2872887 ], [ 114.1322692, 22.2873503 ], [ 114.1323353, 22.2873972 ], [ 114.1324003, 22.2874382 ], [ 114.1324716, 22.2874775 ], [ 114.1325527, 22.2875164 ], [ 114.1326316, 22.2875482 ], [ 114.1327253, 22.287581 ], [ 114.1328186, 22.2876067 ], [ 114.1329119, 22.2876265 ], [ 114.1330119, 22.2876415 ], [ 114.1331202, 22.2876526 ], [ 114.1332195, 22.2876555 ], [ 114.1333374, 22.2876533 ], [ 114.1334615, 22.2876458 ], [ 114.1337907, 22.2876063 ], [ 114.1338398, 22.2876004 ], [ 114.1338807, 22.2875935 ], [ 114.1339309, 22.2875834 ], [ 114.1345015, 22.2874681 ] ] } },
{ "type": "Feature", "properties": { "id": "52138546", "name": "士美菲路 Smithfield", "highway": "secondary" }, "geometry": { "type": "LineString", "coordinates": [ [ 114.1296455, 22.2795322 ], [ 114.1295721, 22.2796001 ], [ 114.129395, 22.2799878 ], [ 114.1293437, 22.2801062 ] ] } },
{ "type": "Feature", "properties": { "id": "52138732", "name": "士美菲路 Smithfield", "highway": "secondary" }, "geometry": { "type": "LineString", "coordinates": [ [ 114.129079, 22.277809 ], [ 114.1290623, 22.277838 ], [ 114.1290419, 22.2778886 ], [ 114.1290284, 22.2779346 ], [ 114.1290212, 22.277976 ], [ 114.1290188, 22.2780195 ], [ 114.1290205, 22.2780685 ], [ 114.1290275, 22.2781148 ], [ 114.1290393, 22.2781552 ], [ 114.1290514, 22.27819 ], [ 114.1290661, 22.2782242 ], [ 114.1290853, 22.278256 ], [ 114.1291129, 22.2782941 ], [ 114.1291493, 22.2783334 ], [ 114.1291905, 22.2783707 ], [ 114.1292294, 22.2783978 ], [ 114.1292793, 22.2784251 ], [ 114.1293638, 22.2784649 ], [ 114.1294045, 22.2784815 ], [ 114.1294769, 22.2785065 ], [ 114.1296713, 22.2785652 ], [ 114.1297869, 22.2786058 ], [ 114.1298361, 22.2786257 ], [ 114.1298759, 22.2786459 ], [ 114.1299192, 22.2786745 ], [ 114.1299632, 22.2787105 ], [ 114.1299987, 22.2787475 ], [ 114.1300211, 22.2787772 ], [ 114.1300434, 22.2788128 ], [ 114.1300617, 22.2788519 ], [ 114.1300761, 22.2788952 ], [ 114.1300841, 22.2789347 ], [ 114.1300883, 22.2789732 ], [ 114.1300874, 22.2790166 ], [ 114.130083, 22.2790575 ], [ 114.1300743, 22.2790959 ], [ 114.130063, 22.2791315 ], [ 114.1300475, 22.2791695 ], [ 114.1300205, 22.2792143 ], [ 114.1299796, 22.2792591 ], [ 114.1298949, 22.2793119 ], [ 114.1298114, 22.2793623 ] ] } },
{ "type": "Feature", "properties": { "id": "52138734", "name": "士美菲路 Smithfield", "highway": "secondary" }, "geometry": { "type": "LineString", "coordinates": [ [ 114.1309064, 22.278693 ], [ 114.1308464, 22.2786983 ], [ 114.1307898, 22.2786973 ], [ 114.1307305, 22.2786895 ], [ 114.1306715, 22.2786752 ], [ 114.1306218, 22.2786564 ], [ 114.1305724, 22.2786313 ], [ 114.1305382, 22.2786112 ], [ 114.1305029, 22.278586 ], [ 114.1304634, 22.2785538 ], [ 114.1304251, 22.2785146 ], [ 114.1303446, 22.278416 ], [ 114.130288, 22.2783359 ], [ 114.1299888, 22.277881 ] ] } },
{ "type": "Feature", "properties": { "id": "52138879", "name": "士美菲路 Smithfield", "highway": "secondary" }, "geometry": { "type": "LineString", "coordinates": [ [ 114.131188, 22.2775883 ], [ 114.1312214, 22.2776778 ], [ 114.1312541, 22.2777896 ], [ 114.1313155, 22.2780809 ], [ 114.1313284, 22.2781885 ], [ 114.1313206, 22.2783092 ], [ 114.1312937, 22.2783985 ], [ 114.1312488, 22.2784827 ], [ 114.1311948, 22.2785478 ], [ 114.1311239, 22.278607 ], [ 114.131037, 22.2786556 ], [ 114.1309064, 22.278693 ] ] } },
{ "type": "Feature", "properties": { "id": "59875810", "name": "東邊街北 Eastern Street North", "highway": "secondary" }, "geometry": { "type": "LineString", "coordinates": [ [ 114.1437338, 22.2886183 ], [ 114.1437417, 22.2887141 ] ] } },
{ "type": "Feature", "properties": { "id": "84665564", "name": "般咸道 Bonham Road", "highway": "secondary" }, "geometry": { "type": "LineString", "coordinates": [ [ 114.1406634, 22.2842037 ], [ 114.1405084, 22.284122 ], [ 114.1404535, 22.2840954 ], [ 114.1404128, 22.284078 ], [ 114.1403602, 22.2840592 ], [ 114.1403269, 22.2840527 ], [ 114.1402943, 22.2840513 ], [ 114.140253, 22.2840539 ], [ 114.1402164, 22.2840607 ], [ 114.1401603, 22.2840787 ], [ 114.1398613, 22.2841927 ], [ 114.1398056, 22.284211 ], [ 114.1397485, 22.2842262 ], [ 114.1397049, 22.2842335 ], [ 114.1396561, 22.2842372 ], [ 114.1395958, 22.2842355 ], [ 114.1395358, 22.2842265 ], [ 114.1394861, 22.2842127 ], [ 114.1394239, 22.2841853 ], [ 114.1393636, 22.2841532 ], [ 114.1393025, 22.2841143 ], [ 114.1392391, 22.2840653 ], [ 114.1391447, 22.2839813 ], [ 114.1391186, 22.2839623 ], [ 114.1391109, 22.2839567 ], [ 114.1390754, 22.2839383 ], [ 114.1390413, 22.2839289 ], [ 114.1390048, 22.2839249 ], [ 114.1389646, 22.2839242 ], [ 114.1389078, 22.2839285 ], [ 114.1388675, 22.2839362 ], [ 114.1388269, 22.2839501 ], [ 114.1387866, 22.2839686 ], [ 114.1387467, 22.2839934 ], [ 114.1387148, 22.28402 ], [ 114.1386759, 22.2840592 ], [ 114.1386405, 22.2841081 ], [ 114.1386076, 22.2841645 ], [ 114.1384124, 22.2845381 ], [ 114.1383874, 22.2845795 ], [ 114.1383591, 22.2846194 ], [ 114.138326, 22.2846576 ] ] } },
{ "type": "Feature", "properties": { "id": "84721657", "name": "卑路乍街 Belcher's Street", "highway": "secondary" }, "geometry": { "type": "LineString", "coordinates": [ [ 114.1268588, 22.2823734 ], [ 114.1267596, 22.2823547 ], [ 114.1265814, 22.2823234 ], [ 114.1262648, 22.2822695 ], [ 114.1262301, 22.2822621 ], [ 114.1261872, 22.2822574 ], [ 114.1261199, 22.28225 ] ] } },
{ "type": "Feature", "properties": { "id": "84721659", "name": "加多近街 Cadogan Street", "highway": "secondary" }, "geometry": { "type": "LineString", "coordinates": [ [ 114.1261199, 22.28225 ], [ 114.1261109, 22.2822835 ], [ 114.1261084, 22.2822925 ], [ 114.1261069, 22.2822996 ], [ 114.1261022, 22.2823153 ], [ 114.1260983, 22.2823344 ], [ 114.1260964, 22.2823462 ] ] } },
{ "type": "Feature", "properties": { "id": "84721661", "name": "加多近街 Cadogan Street", "highway": "primary" }, "geometry": { "type": "LineString", "coordinates": [ [ 114.1259195, 22.2829329 ], [ 114.1259157, 22.2829478 ], [ 114.1259103, 22.2829848 ] ] } },
{ "type": "Feature", "properties": { "id": "84721662", "name": "干諾道西 Connaught Road West", "highway": "secondary" }, "geometry": { "type": "LineString", "coordinates": [ [ 114.135303, 22.2869056 ], [ 114.1352812, 22.2869795 ] ] } },
{ "type": "Feature", "properties": { "id": "84721663", "name": "干諾道西 Connaught Road West", "highway": "primary" }, "geometry": { "type": "LineString", "coordinates": [ [ 114.1358813, 22.2873101 ], [ 114.1357157, 22.2872804 ], [ 114.1355381, 22.2872614 ], [ 114.1354059, 22.2872599 ], [ 114.135344, 22.2872572 ] ] } },
{ "type": "Feature", "properties": { "id": "84809529", "name": "薄扶林道 Pok Fu Lam Road", "highway": "secondary" }, "geometry": { "type": "LineString", "coordinates": [ [ 114.1374213, 22.2850582 ], [ 114.1375704, 22.2851535 ], [ 114.1376609, 22.285189 ], [ 114.13777, 22.285224 ] ] } },
{ "type": "Feature", "properties": { "id": "84809531", "name": "薄扶林道 Pok Fu Lam Road", "highway": "primary" }, "geometry": { "type": "LineString", "coordinates": [ [ 114.137008, 22.2842321 ], [ 114.1370693, 22.2842937 ], [ 114.1371246, 22.28436 ], [ 114.1371733, 22.2844306 ], [ 114.1372078, 22.2844906 ], [ 114.1372375, 22.2845528 ], [ 114.1372624, 22.2846167 ], [ 114.1372849, 22.284716 ], [ 114.1372971, 22.2847712 ] ] } },
{ "type": "Feature", "properties": { "id": "85320837", "name": "山道天橋 Hill Road Flyover", "highway": "primary" }, "geometry": { "type": "LineString", "coordinates": [ [ 114.1356525, 22.2839061 ], [ 114.1356987, 22.2839176 ], [ 114.1357295, 22.2839316 ], [ 114.1357582, 22.2839517 ], [ 114.1357889, 22.2839806 ], [ 114.1358128, 22.284009 ], [ 114.1358308, 22.284039 ], [ 114.1358428, 22.2840707 ], [ 114.1358506, 22.2841019 ], [ 114.1358577, 22.2841357 ], [ 114.1358632, 22.2841744 ], [ 114.1358685, 22.2842347 ], [ 114.1358699, 22.2842646 ], [ 114.1358993, 22.28496 ], [ 114.1359008, 22.285027 ], [ 114.1358986, 22.2850909 ], [ 114.1358924, 22.2851491 ], [ 114.1358819, 22.2851942 ], [ 114.1358644, 22.285234 ], [ 114.135835, 22.2852775 ], [ 114.1358009, 22.2853158 ], [ 114.1357578, 22.285354 ], [ 114.1357147, 22.2853821 ], [ 114.1356596, 22.2854114 ], [ 114.1356027, 22.2854349 ], [ 114.13542, 22.2855 ], [ 114.1353713, 22.2855218 ], [ 114.1353292, 22.2855444 ], [ 114.1353016, 22.2855639 ] ] } },
{ "type": "Feature", "properties": { "id": "87148794", "name": "士美菲路 Smithfield", "highway": "secondary" }, "geometry": { "type": "LineString", "coordinates": [ [ 114.128413, 22.2812997 ], [ 114.1284062, 22.2812648 ], [ 114.1284038, 22.2812239 ], [ 114.128407, 22.2811839 ], [ 114.1284338, 22.2810702 ], [ 114.1284472, 22.2810324 ], [ 114.1284628, 22.2810015 ] ] } },
{ "type": "Feature", "properties": { "id": "89141440", "name": "德輔道西 Des Voeux Road West", "highway": "secondary" }, "geometry": { "type": "LineString", "coordinates": [ [ 114.1423355, 22.2879586 ], [ 114.1430028, 22.2879374 ] ] } },
{ "type": "Feature", "properties": { "id": "89141447", "name": "德輔道西 Des Voeux Road West", "highway": "secondary" }, "geometry": { "type": "LineString", "coordinates": [ [ 114.1430028, 22.2879374 ], [ 114.1436649, 22.2879165 ], [ 114.1436843, 22.2879159 ], [ 114.1437741, 22.2879131 ] ] } },
{ "type": "Feature", "properties": { "id": "89141518", "name": "東邊街 Eastern Street", "highway": "secondary" }, "geometry": { "type": "LineString", "coordinates": [ [ 114.1437741, 22.2879131 ], [ 114.1437731, 22.2878874 ], [ 114.1437722, 22.2878618 ], [ 114.1437713, 22.2878361 ] ] } },
{ "type": "Feature", "properties": { "id": "89141534", "name": "干諾道西 Connaught Road West", "highway": "primary" }, "geometry": { "type": "LineString", "coordinates": [ [ 114.1438093, 22.2886162 ], [ 114.1437338, 22.2886183 ] ] } },
{ "type": "Feature", "properties": { "id": "89141544", "name": "干諾道西 Connaught Road West", "highway": "primary" }, "geometry": { "type": "LineString", "coordinates": [ [ 114.1441214, 22.2886521 ], [ 114.1440458, 22.2886948 ] ] } },
{ "type": "Feature", "properties": { "id": "89141558", "name": "德輔道西 Des Voeux Road West", "highway": "secondary" }, "geometry": { "type": "LineString", "coordinates": [ [ 114.1437741, 22.2879131 ], [ 114.1438638, 22.2879102 ], [ 114.1442449, 22.2878982 ], [ 114.1447621, 22.2878818 ], [ 114.1448542, 22.2878788 ] ] } },
{ "type": "Feature", "properties": { "id": "89141571", "name": "西邊街 Western Street", "highway": "secondary" }, "geometry": { "type": "LineString", "coordinates": [ [ 114.1408279, 22.2880035 ], [ 114.1408233, 22.2879779 ], [ 114.1408189, 22.2879522 ], [ 114.1408145, 22.2879265 ] ] } },
{ "type": "Feature", "properties": { "id": "89141598", "name": "德輔道西 Des Voeux Road West", "highway": "secondary" }, "geometry": { "type": "LineString", "coordinates": [ [ 114.1408279, 22.2880035 ], [ 114.1409087, 22.2880038 ], [ 114.1412502, 22.287993 ] ] } },
{ "type": "Feature", "properties": { "id": "89141640", "name": "正街 Centre Street", "highway": "secondary" }, "geometry": { "type": "LineString", "coordinates": [ [ 114.1423355, 22.2879586 ], [ 114.1423372, 22.2880278 ], [ 114.1423391, 22.2880789 ], [ 114.142353, 22.2884857 ], [ 114.1423555, 22.2885008 ] ] } },
{ "type": "Feature", "properties": { "id": "89141647", "name": "德輔道西 Des Voeux Road West", "highway": "secondary" }, "geometry": { "type": "LineString", "coordinates": [ [ 114.1448542, 22.2878788 ], [ 114.1453346, 22.2878577 ] ] } },
{ "type": "Feature", "properties": { "id": "89272640", "name": "水街 Water Street", "highway": "secondary" }, "geometry": { "type": "LineString", "coordinates": [ [ 114.1388053, 22.2874845 ], [ 114.1387854, 22.2875484 ], [ 114.1387293, 22.2877291 ], [ 114.138671, 22.287917 ], [ 114.1386537, 22.287967 ], [ 114.1386334, 22.288044 ] ] } },
{ "type": "Feature", "properties": { "id": "89272647", "name": "德輔道西 Des Voeux Road West", "highway": "secondary" }, "geometry": { "type": "LineString", "coordinates": [ [ 114.1388053, 22.2874845 ], [ 114.1389144, 22.2875113 ], [ 114.1389412, 22.2875178 ], [ 114.1390399, 22.287542 ], [ 114.1393255, 22.287612 ], [ 114.1394071, 22.287633 ] ] } },
{ "type": "Feature", "properties": { "id": "89319633", "name": "干諾道西天橋 Connaught Road West flyover", "highway": "trunk" }, "geometry": { "type": "LineString", "coordinates": [ [ 114.1448757, 22.2888882 ], [ 114.1450055, 22.2888932 ], [ 114.1451877, 22.2889001 ], [ 114.1452906, 22.2889068 ], [ 114.1454153, 22.288915 ] ] } },
{ "type": "Feature", "properties": { "id": "89319640", "name": "干諾道西天橋 Connaught Road West flyover", "highway": "trunk" }, "geometry": { "type": "LineString", "coordinates": [ [ 114.1452217, 22.2887199 ], [ 114.1449331, 22.2887527 ], [ 114.1436174, 22.2888892 ], [ 114.1431653, 22.2889278 ], [ 114.1429461, 22.2889444 ], [ 114.1427266, 22.2889551 ], [ 114.1425068, 22.2889599 ], [ 114.142287, 22.2889588 ], [ 114.1420673, 22.2889518 ], [ 114.1418479, 22.2889389 ], [ 114.141629, 22.2889202 ], [ 114.1414107, 22.2888955 ] ] } },
{ "type": "Feature", "properties": { "id": "89319645", "name": "干諾道西天橋 Connaught Road West flyover", "highway": "trunk" }, "geometry": { "type": "LineString", "coordinates": [ [ 114.1378379, 22.2878811 ], [ 114.1377887, 22.2878674 ], [ 114.1375907, 22.2878119 ], [ 114.1373109, 22.2877335 ], [ 114.1369691, 22.2876372 ], [ 114.1363145, 22.2874435 ], [ 114.135928, 22.2873512 ] ] } },
{ "type": "Feature", "properties": { "id": "89323345", "name": "干諾道西 Connaught Road West", "highway": "primary" }, "geometry": { "type": "LineString", "coordinates": [ [ 114.1422697, 22.2893482 ], [ 114.1425194, 22.2893091 ] ] } },
{ "type": "Feature", "properties": { "id": "89325000", "name": "干諾道西 Connaught Road West", "highway": "primary" }, "geometry": { "type": "LineString", "coordinates": [ [ 114.1394089, 22.2888877 ], [ 114.1395484, 22.2889521 ], [ 114.139763, 22.2890495 ], [ 114.1399832, 22.2891354 ], [ 114.1402083, 22.2892097 ], [ 114.1404376, 22.2892721 ], [ 114.1406701, 22.2893234 ], [ 114.140868, 22.2893569 ], [ 114.1410673, 22.2893817 ], [ 114.1412677, 22.2893979 ], [ 114.1414686, 22.2894054 ], [ 114.1416698, 22.2894042 ], [ 114.1418706, 22.2893942 ], [ 114.1420707, 22.2893755 ], [ 114.1422697, 22.2893482 ] ] } },
{ "type": "Feature", "properties": { "id": "89595453", "name": "士美菲路 Smithfield", "highway": "secondary" }, "geometry": { "type": "LineString", "coordinates": [ [ 114.1308642, 22.27734 ], [ 114.1309043, 22.2773447 ], [ 114.1309546, 22.2773584 ], [ 114.1310026, 22.2773791 ], [ 114.1310416, 22.2774033 ], [ 114.1310897, 22.2774431 ], [ 114.1311316, 22.2774883 ], [ 114.1311616, 22.2775327 ], [ 114.131188, 22.2775883 ] ] } },
{ "type": "Feature", "properties": { "id": "89595455", "name": "堅彌地城新海旁 New Praya, Kennedy Town", "highway": "secondary" }, "geometry": { "type": "LineString", "coordinates": [ [ 114.12917, 22.2842377 ], [ 114.1291338, 22.2842067 ], [ 114.1290826, 22.2841816 ], [ 114.1290289, 22.2841648 ], [ 114.1288491, 22.2841363 ] ] } },
{ "type": "Feature", "properties": { "id": "89595467", "name": "士美菲路 Smithfield", "highway": "secondary" }, "geometry": { "type": "LineString", "coordinates": [ [ 114.12806, 22.2833035 ], [ 114.1280675, 22.2832693 ], [ 114.1280721, 22.2832465 ], [ 114.1280804, 22.283201 ], [ 114.1281184, 22.2830342 ], [ 114.1281404, 22.2829341 ], [ 114.1281744, 22.2827137 ], [ 114.1281835, 22.2826643 ], [ 114.1281973, 22.282589 ] ] } },
{ "type": "Feature", "properties": { "id": "89595470", "name": "堅彌地城海旁 Praya, Kennedy Town", "highway": "secondary" }, "geometry": { "type": "LineString", "coordinates": [ [ 114.1303638, 22.2844537 ], [ 114.1305775, 22.2846296 ], [ 114.1306494, 22.2846876 ] ] } },
{ "type": "Feature", "properties": { "id": "89595471", "name": "薄扶林道 Pok Fu Lam Road", "highway": "primary" }, "geometry": { "type": "LineString", "coordinates": [ [ 114.1306089, 22.2772987 ], [ 114.1304537, 22.277107 ], [ 114.1303855, 22.2770278 ] ] } },
{ "type": "Feature", "properties": { "id": "89595475", "name": "吉席街 Catchick Street", "highway": "secondary" }, "geometry": { "type": "LineString", "coordinates": [ [ 114.1268581, 22.2830929 ], [ 114.1279155, 22.2832781 ], [ 114.1279436, 22.2832831 ], [ 114.12806, 22.2833035 ] ] } },
{ "type": "Feature", "properties": { "id": "89595480", "name": "士美菲路 Smithfield", "highway": "secondary" }, "geometry": { "type": "LineString", "coordinates": [ [ 114.1306089, 22.2772987 ], [ 114.130543, 22.2773246 ] ] } },
{ "type": "Feature", "properties": { "id": "89595493", "name": "薄扶林道 Pok Fu Lam Road", "highway": "primary" }, "geometry": { "type": "LineString", "coordinates": [ [ 114.1366127, 22.2836137 ], [ 114.1365792, 22.2835658 ], [ 114.1365546, 22.2835344 ], [ 114.1365177, 22.2835005 ], [ 114.1364868, 22.2834768 ], [ 114.1364372, 22.2834493 ], [ 114.1363728, 22.2834315 ], [ 114.1363049, 22.2834219 ], [ 114.136253, 22.2834197 ], [ 114.1361799, 22.2834261 ], [ 114.1360551, 22.2834635 ], [ 114.1359615, 22.2835029 ], [ 114.1358855, 22.2835299 ], [ 114.1357955, 22.2835671 ], [ 114.1357098, 22.2836056 ], [ 114.1355954, 22.2836665 ], [ 114.1355059, 22.2837354 ], [ 114.1354177, 22.2838224 ] ] } },
{ "type": "Feature", "properties": { "id": "89595497", "name": "堅彌地城海旁 Praya, Kennedy Town", "highway": "secondary" }, "geometry": { "type": "LineString", "coordinates": [ [ 114.1306494, 22.2846876 ], [ 114.1309024, 22.2848873 ], [ 114.1309887, 22.2849551 ], [ 114.1312607, 22.2851815 ] ] } },
{ "type": "Feature", "properties": { "id": "89595502", "name": "薄扶林道 Pok Fu Lam Road", "highway": "primary" }, "geometry": { "type": "LineString", "coordinates": [ [ 114.1308173, 22.2776822 ], [ 114.1309024, 22.277828 ], [ 114.1309845, 22.2780247 ], [ 114.1310443, 22.2782107 ], [ 114.1310882, 22.27841 ], [ 114.1311111, 22.2785866 ], [ 114.1311533, 22.2789079 ] ] } },
{ "type": "Feature", "properties": { "id": "89682533", "name": "薄扶林道 Pok Fu Lam Road", "highway": "secondary" }, "geometry": { "type": "LineString", "coordinates": [ [ 114.1399694, 22.2857165 ], [ 114.1399676, 22.2857853 ], [ 114.1399779, 22.2860553 ] ] } },
{ "type": "Feature", "properties": { "id": "89682536", "name": "西邊街 Western Street", "highway": "secondary" }, "geometry": { "type": "LineString", "coordinates": [ [ 114.1407176, 22.287115 ], [ 114.1406828, 22.287083 ], [ 114.1406463, 22.2870605 ], [ 114.1406029, 22.2870406 ], [ 114.1405607, 22.287023 ], [ 114.1405168, 22.2870069 ], [ 114.1404775, 22.2869817 ] ] } },
{ "type": "Feature", "properties": { "id": "89682538", "name": "德輔道西 Des Voeux Road West", "highway": "secondary" }, "geometry": { "type": "LineString", "coordinates": [ [ 114.1402962, 22.2878835 ], [ 114.1403204, 22.2878905 ], [ 114.1404117, 22.2879167 ], [ 114.1405539, 22.2879548 ], [ 114.1405846, 22.2879631 ], [ 114.1406441, 22.2879777 ], [ 114.1407044, 22.2879893 ], [ 114.1407345, 22.2879939 ], [ 114.1407811, 22.2879996 ], [ 114.1408279, 22.2880035 ] ] } },
{ "type": "Feature", "properties": { "id": "89682541", "name": "德輔道西 Des Voeux Road West", "highway": "secondary" }, "geometry": { "type": "LineString", "coordinates": [ [ 114.1412502, 22.287993 ], [ 114.1418489, 22.287974 ], [ 114.1418754, 22.2879732 ] ] } },
{ "type": "Feature", "properties": { "id": "89829764", "name": "柏道 Park Road", "highway": "secondary" }, "geometry": { "type": "LineString", "coordinates": [ [ 114.1426845, 22.2841501 ], [ 114.1428647, 22.2840298 ], [ 114.1429177, 22.2840013 ], [ 114.14297, 22.283981 ], [ 114.143018, 22.283968 ], [ 114.1440378, 22.2837523 ], [ 114.14407, 22.2837471 ], [ 114.1441036, 22.2837454 ], [ 114.1441293, 22.2837463 ], [ 114.1441565, 22.2837505 ], [ 114.1441958, 22.2837617 ], [ 114.1442381, 22.2837796 ], [ 114.1442862, 22.2838074 ], [ 114.1443249, 22.2838349 ], [ 114.144355, 22.28386 ], [ 114.1443863, 22.2838932 ], [ 114.1444181, 22.2839343 ], [ 114.1446226, 22.2842421 ], [ 114.1446509, 22.2842778 ], [ 114.1446845, 22.284311 ], [ 114.1447207, 22.2843368 ], [ 114.1447564, 22.2843541 ], [ 114.144794, 22.2843658 ], [ 114.1448363, 22.2843761 ], [ 114.1448769, 22.2843822 ], [ 114.1449179, 22.2843826 ], [ 114.1449617, 22.2843793 ], [ 114.1450045, 22.2843725 ], [ 114.1450433, 22.2843627 ], [ 114.1450888, 22.2843469 ], [ 114.1451414, 22.2843221 ], [ 114.1451805, 22.2843004 ], [ 114.145281, 22.28424 ], [ 114.145328, 22.284204 ], [ 114.14535, 22.284177 ], [ 114.145369, 22.28414 ], [ 114.145386, 22.28409 ], [ 114.145393, 22.28405 ], [ 114.14539, 22.284 ], [ 114.1453714, 22.283921 ], [ 114.1453654, 22.2838958 ], [ 114.1453584, 22.2838661 ], [ 114.1453475, 22.28382 ] ] } },
{ "type": "Feature", "properties": { "id": "89915780", "name": "德輔道西 Des Voeux Road West", "highway": "secondary" }, "geometry": { "type": "LineString", "coordinates": [ [ 114.1365088, 22.286849 ], [ 114.1365375, 22.2868579 ], [ 114.1365505, 22.2868621 ], [ 114.1367811, 22.2869262 ], [ 114.1369958, 22.2869854 ] ] } },
{ "type": "Feature", "properties": { "id": "89915785", "name": "水街 Water Street", "highway": "secondary" }, "geometry": { "type": "LineString", "coordinates": [ [ 114.1386334, 22.288044 ], [ 114.1385619, 22.2882533 ], [ 114.1385229, 22.2883523 ] ] } },
{ "type": "Feature", "properties": { "id": "89915805", "name": "干諾道西 Connaught Road West", "highway": "primary" }, "geometry": { "type": "LineString", "coordinates": [ [ 114.1392205, 22.2882261 ], [ 114.138733, 22.2880683 ], [ 114.1386683, 22.2880499 ], [ 114.1386334, 22.288044 ] ] } },
{ "type": "Feature", "properties": { "id": "89915807", "name": "德輔道西 Des Voeux Road West", "highway": "secondary" }, "geometry": { "type": "LineString", "coordinates": [ [ 114.1355087, 22.2868554 ], [ 114.1357447, 22.2868101 ], [ 114.1357792, 22.2868022 ], [ 114.1359966, 22.2867551 ], [ 114.1360765, 22.2867372 ], [ 114.136114, 22.2867362 ], [ 114.1361584, 22.2867437 ], [ 114.1364236, 22.2868244 ], [ 114.1365088, 22.286849 ] ] } },
{ "type": "Feature", "properties": { "id": "90465721", "name": "薄扶林道 Pok Fu Lam Road", "highway": "primary" }, "geometry": { "type": "LineString", "coordinates": [ [ 114.1306781, 22.2773959 ], [ 114.1306089, 22.2772987 ] ] } },
{ "type": "Feature", "properties": { "id": "93460693", "name": "堅彌地城新海旁 New Praya, Kennedy Town", "highway": "primary" }, "geometry": { "type": "LineString", "coordinates": [ [ 114.1295003, 22.2839021 ], [ 114.1295302, 22.2838702 ], [ 114.1295593, 22.2838389 ], [ 114.1295988, 22.2837968 ] ] } },
{ "type": "Feature", "properties": { "id": "93460696", "name": "士美菲路 Smithfield", "highway": "secondary" }, "geometry": { "type": "LineString", "coordinates": [ [ 114.1283134, 22.2819858 ], [ 114.1283773, 22.2816363 ] ] } },
{ "type": "Feature", "properties": { "id": "155738158", "name": "卑路乍街 Belcher's Street", "highway": "secondary" }, "geometry": { "type": "LineString", "coordinates": [ [ 114.1301259, 22.283242 ], [ 114.1300613, 22.283193 ], [ 114.1297403, 22.282952 ], [ 114.1295958, 22.2828699 ], [ 114.1294463, 22.282823 ], [ 114.1292147, 22.282764 ], [ 114.1291568, 22.2827539 ], [ 114.129062, 22.2827375 ] ] } },
{ "type": "Feature", "properties": { "id": "155738159", "name": "卑路乍街 Belcher's Street", "highway": "secondary" }, "geometry": { "type": "LineString", "coordinates": [ [ 114.131956, 22.2847639 ], [ 114.1314607, 22.2843274 ], [ 114.1312444, 22.2841478 ], [ 114.1312171, 22.2841275 ], [ 114.131192, 22.2841099 ] ] } },
{ "type": "Feature", "properties": { "id": "155738190", "name": "般咸道 Bonham Road", "highway": "secondary" }, "geometry": { "type": "LineString", "coordinates": [ [ 114.1458618, 22.2847663 ], [ 114.1457026, 22.2848582 ], [ 114.1456571, 22.2848771 ], [ 114.1456127, 22.2848866 ], [ 114.1455597, 22.2848898 ], [ 114.1450862, 22.2849093 ], [ 114.1450173, 22.2849064 ], [ 114.1449475, 22.2848959 ], [ 114.1448695, 22.2848724 ], [ 114.144795, 22.2848445 ], [ 114.1446896, 22.2847969 ], [ 114.1446519, 22.2847753 ], [ 114.1446204, 22.2847537 ], [ 114.1445942, 22.284728 ], [ 114.1445698, 22.2846936 ], [ 114.144551, 22.2846599 ], [ 114.1443937, 22.2843469 ], [ 114.1443706, 22.284308 ], [ 114.144347, 22.2842747 ], [ 114.1443229, 22.2842498 ], [ 114.1442943, 22.2842271 ], [ 114.144262, 22.2842103 ], [ 114.1442222, 22.2841964 ], [ 114.1441748, 22.2841876 ], [ 114.1441224, 22.2841839 ], [ 114.1440742, 22.2841838 ], [ 114.1440194, 22.284189 ] ] } },
{ "type": "Feature", "properties": { "id": "155738193", "name": "加多近街 Cadogan Street", "highway": "secondary" }, "geometry": { "type": "LineString", "coordinates": [ [ 114.1260964, 22.2823462 ], [ 114.1260637, 22.282392 ], [ 114.1260257, 22.2824439 ] ] } },
{ "type": "Feature", "properties": { "id": "155738194", "name": "加多近街 Cadogan Street", "highway": "secondary" }, "geometry": { "type": "LineString", "coordinates": [ [ 114.1259458, 22.2823018 ], [ 114.125956, 22.2823106 ], [ 114.1259678, 22.2823217 ], [ 114.1259841, 22.282338 ], [ 114.126005, 22.2823585 ] ] } },
{ "type": "Feature", "properties": { "id": "155738195", "name": "吉席街 Catchick Street", "highway": "secondary" }, "geometry": { "type": "LineString", "coordinates": [ [ 114.1259372, 22.2829055 ], [ 114.1260271, 22.2829218 ] ] } },
{ "type": "Feature", "properties": { "id": "155738234", "name": "薄扶林道 Pok Fu Lam Road", "highway": "secondary" }, "geometry": { "type": "LineString", "coordinates": [ [ 114.1372971, 22.2847712 ], [ 114.1373052, 22.2847988 ], [ 114.1373232, 22.2848661 ], [ 114.1373307, 22.2848903 ], [ 114.1373553, 22.2849488 ], [ 114.1373856, 22.2850049 ], [ 114.1374213, 22.2850582 ] ] } },
{ "type": "Feature", "properties": { "id": "155738252", "name": "第三街 Third Street", "highway": "secondary" }, "geometry": { "type": "LineString", "coordinates": [ [ 114.1374213, 22.2850582 ], [ 114.1374743, 22.2852774 ], [ 114.1375155, 22.2855313 ], [ 114.1375396, 22.2856848 ], [ 114.1375588, 22.2857573 ], [ 114.1375842, 22.2858043 ], [ 114.1376143, 22.2858449 ], [ 114.1376576, 22.2858812 ], [ 114.1377031, 22.2859079 ], [ 114.1377504, 22.2859268 ], [ 114.1378152, 22.2859403 ], [ 114.1378478, 22.2859408 ], [ 114.1382798, 22.2858959 ], [ 114.1383385, 22.2858894 ], [ 114.1384299, 22.285878 ], [ 114.1387297, 22.2858429 ], [ 114.1388963, 22.2858249 ], [ 114.1389664, 22.2858173 ] ] } },
{ "type": "Feature", "properties": { "id": "155738261", "name": "域多利道 Victoria Road", "highway": "secondary" }, "geometry": { "type": "LineString", "coordinates": [ [ 114.1261199, 22.28225 ], [ 114.1260453, 22.282242 ], [ 114.1260237, 22.2822384 ], [ 114.125982, 22.2822343 ] ] } },
{ "type": "Feature", "properties": { "id": "160581523", "name": "干諾道西 Connaught Road West", "highway": "primary" }, "geometry": { "type": "LineString", "coordinates": [ [ 114.1373357, 22.2876663 ], [ 114.1363273, 22.2874109 ] ] } },
{ "type": "Feature", "properties": { "id": "182016458", "name": "堅彌地城海旁 Praya, Kennedy Town", "highway": "secondary" }, "geometry": { "type": "LineString", "coordinates": [ [ 114.1312607, 22.2851815 ], [ 114.1312868, 22.2851966 ], [ 114.131337, 22.2852287 ] ] } },
{ "type": "Feature", "properties": { "id": "182016459", "name": "堅彌地城海旁 Praya, Kennedy Town", "highway": "secondary" }, "geometry": { "type": "LineString", "coordinates": [ [ 114.1295988, 22.2837968 ], [ 114.1296592, 22.2838525 ], [ 114.129719, 22.2839006 ] ] } },
{ "type": "Feature", "properties": { "id": "232499459", "name": "城西道 Shing Sai Road", "highway": "primary" }, "geometry": { "type": "LineString", "coordinates": [ [ 114.1312771, 22.2863773 ], [ 114.1309988, 22.2861392 ], [ 114.1308957, 22.2860489 ], [ 114.1308647, 22.286021 ], [ 114.1307808, 22.2859351 ] ] } },
{ "type": "Feature", "properties": { "id": "232499460", "name": "城西道 Shing Sai Road", "highway": "primary" }, "geometry": { "type": "LineString", "coordinates": [ [ 114.1295587, 22.2849682 ], [ 114.1297126, 22.2851071 ] ] } },
{ "type": "Feature", "properties": { "id": "241921169", "name": "干諾道西 Connaught Road West", "highway": "primary" }, "geometry": { "type": "LineString", "coordinates": [ [ 114.1389988, 22.2886985 ], [ 114.1392736, 22.2888253 ] ] } },
{ "type": "Feature", "properties": { "id": "241921170", "name": "干諾道西 Connaught Road West", "highway": "primary" }, "geometry": { "type": "LineString", "coordinates": [ [ 114.1385229, 22.2883523 ], [ 114.1385495, 22.2883729 ], [ 114.1386781, 22.288477 ] ] } },
{ "type": "Feature", "properties": { "id": "243927739", "name": "nan", "highway": "trunk" }, "geometry": { "type": "LineString", "coordinates": [ [ 114.1427264, 22.2896765 ], [ 114.1428506, 22.2896112 ] ] } },
{ "type": "Feature", "properties": { "id": "244429261", "name": "山市街 Sands Street", "highway": "secondary" }, "geometry": { "type": "LineString", "coordinates": [ [ 114.1301259, 22.283242 ], [ 114.1301898, 22.2831716 ], [ 114.1304009, 22.2829512 ], [ 114.1304207, 22.2829169 ], [ 114.1304347, 22.2828698 ], [ 114.1304394, 22.2828266 ] ] } },
{ "type": "Feature", "properties": { "id": "245460991", "name": "干諾道西 Connaught Road West", "highway": "primary" }, "geometry": { "type": "LineString", "coordinates": [ [ 114.143843, 22.2891371 ], [ 114.144064, 22.2890989 ] ] } },
{ "type": "Feature", "properties": { "id": "245462510", "name": "干諾道西 Connaught Road West", "highway": "primary" }, "geometry": { "type": "LineString", "coordinates": [ [ 114.1411494, 22.2886573 ], [ 114.1409599, 22.2886688 ], [ 114.1407401, 22.2886395 ], [ 114.1406372, 22.2886231 ] ] } },
{ "type": "Feature", "properties": { "id": "245462810", "name": "西邊街 Western Street", "highway": "secondary" }, "geometry": { "type": "LineString", "coordinates": [ [ 114.1407872, 22.2872374 ], [ 114.1407799, 22.2870817 ], [ 114.1407776, 22.2870398 ], [ 114.1407739, 22.2869705 ] ] } },
{ "type": "Feature", "properties": { "id": "249237775", "name": "皇后大道西 Queen's Road West", "highway": "secondary" }, "geometry": { "type": "LineString", "coordinates": [ [ 114.132405, 22.2867064 ], [ 114.1323774, 22.2867143 ], [ 114.1323485, 22.2867222 ], [ 114.1322958, 22.286737 ] ] } },
{ "type": "Feature", "properties": { "id": "249579855", "name": "般咸道 Bonham Road", "highway": "secondary" }, "geometry": { "type": "LineString", "coordinates": [ [ 114.1379753, 22.2848042 ], [ 114.1381152, 22.2847847 ], [ 114.138193, 22.2847596 ], [ 114.138235, 22.2847357 ], [ 114.138326, 22.2846576 ] ] } },
{ "type": "Feature", "properties": { "id": "250574688", "name": "干諾道西 Connaught Road West", "highway": "primary" }, "geometry": { "type": "LineString", "coordinates": [ [ 114.1377186, 22.2879634 ], [ 114.1381101, 22.2881037 ], [ 114.1382656, 22.2881787 ], [ 114.1383577, 22.2882295 ], [ 114.1384053, 22.2882596 ], [ 114.1384502, 22.2882879 ], [ 114.1385229, 22.2883523 ] ] } },
{ "type": "Feature", "properties": { "id": "250781103", "name": "德輔道西 Des Voeux Road West", "highway": "secondary" }, "geometry": { "type": "LineString", "coordinates": [ [ 114.135303, 22.2869056 ], [ 114.1354477, 22.2868697 ] ] } },
{ "type": "Feature", "properties": { "id": "250781366", "name": "干諾道西 Connaught Road West", "highway": "primary" }, "geometry": { "type": "LineString", "coordinates": [ [ 114.1351982, 22.2873952 ], [ 114.1353039, 22.2873951 ] ] } },
{ "type": "Feature", "properties": { "id": "251341766", "name": "nan", "highway": "trunk" }, "geometry": { "type": "LineString", "coordinates": [ [ 114.1427887, 22.2894968 ], [ 114.1424545, 22.2896578 ] ] } },
{ "type": "Feature", "properties": { "id": "251343786", "name": "干諾道西 Connaught Road West", "highway": "primary" }, "geometry": { "type": "LineString", "coordinates": [ [ 114.1386334, 22.288044 ], [ 114.1385589, 22.2880235 ], [ 114.1373357, 22.2876663 ] ] } },
{ "type": "Feature", "properties": { "id": "251345384", "name": "德輔道西 Des Voeux Road West", "highway": "secondary" }, "geometry": { "type": "LineString", "coordinates": [ [ 114.1375139, 22.2871308 ], [ 114.1376109, 22.287157 ], [ 114.1377965, 22.2872088 ], [ 114.1382789, 22.2873433 ] ] } },
{ "type": "Feature", "properties": { "id": "254167640", "name": "城西道 Shing Sai Road", "highway": "primary" }, "geometry": { "type": "LineString", "coordinates": [ [ 114.127829, 22.2839824 ], [ 114.1278634, 22.2840073 ], [ 114.1278957, 22.2840496 ], [ 114.1279242, 22.2840857 ] ] } },
{ "type": "Feature", "properties": { "id": "254167655", "name": "城西道 Shing Sai Road", "highway": "primary" }, "geometry": { "type": "LineString", "coordinates": [ [ 114.1288149, 22.2843858 ], [ 114.1289004, 22.2844331 ], [ 114.1289979, 22.2844936 ], [ 114.1290983, 22.2845655 ], [ 114.129277, 22.2847093 ], [ 114.1294347, 22.2848513 ] ] } },
{ "type": "Feature", "properties": { "id": "255758282", "name": "士美菲路 Smithfield", "highway": "secondary" }, "geometry": { "type": "LineString", "coordinates": [ [ 114.131193, 22.277425 ], [ 114.1311779, 22.2774042 ], [ 114.1311599, 22.2773831 ], [ 114.1311116, 22.2773394 ], [ 114.1310406, 22.277285 ], [ 114.130962, 22.2772319 ] ] } },
{ "type": "Feature", "properties": { "id": "255758283", "name": "科士街 Forbes Street", "highway": "secondary" }, "geometry": { "type": "LineString", "coordinates": [ [ 114.1281199, 22.2814579 ], [ 114.1279829, 22.2814325 ], [ 114.1273184, 22.2813195 ], [ 114.1271609, 22.2812964 ], [ 114.1270849, 22.2812839 ] ] } },
{ "type": "Feature", "properties": { "id": "258345505", "name": "加多近街 Cadogan Street", "highway": "primary" }, "geometry": { "type": "LineString", "coordinates": [ [ 114.1260257, 22.2824439 ], [ 114.1259626, 22.2827267 ], [ 114.1259574, 22.2827544 ], [ 114.1259461, 22.282836 ] ] } },
{ "type": "Feature", "properties": { "id": "263231403", "name": "卑路乍街 Belcher's Street", "highway": "secondary" }, "geometry": { "type": "LineString", "coordinates": [ [ 114.1328244, 22.2866091 ], [ 114.1327848, 22.2865824 ], [ 114.1327592, 22.2865515 ], [ 114.1327391, 22.2865103 ], [ 114.1326279, 22.2861972 ], [ 114.1324678, 22.2857465 ], [ 114.1324447, 22.2856818 ], [ 114.132281, 22.285241 ], [ 114.13225, 22.2851674 ], [ 114.1322057, 22.2850778 ], [ 114.1321763, 22.2850248 ], [ 114.1321437, 22.2849752 ], [ 114.1321029, 22.2849187 ], [ 114.1320599, 22.284868 ], [ 114.1320124, 22.2848169 ], [ 114.131956, 22.2847639 ] ] } },
{ "type": "Feature", "properties": { "id": "312192559", "name": "卑路乍街 Belcher's Street", "highway": "secondary" }, "geometry": { "type": "LineString", "coordinates": [ [ 114.131192, 22.2841099 ], [ 114.1310982, 22.2840334 ], [ 114.1308909, 22.2838647 ], [ 114.1307296, 22.2837334 ], [ 114.1302353, 22.283331 ], [ 114.1301859, 22.2832908 ], [ 114.1301259, 22.283242 ] ] } },
{ "type": "Feature", "properties": { "id": "317523802", "name": "士美菲路 Smithfield", "highway": "secondary" }, "geometry": { "type": "LineString", "coordinates": [ [ 114.1283773, 22.2816363 ], [ 114.1284071, 22.2814909 ], [ 114.1284235, 22.2814008 ] ] } },
{ "type": "Feature", "properties": { "id": "322839520", "name": "干諾道西天橋 Connaught Road West flyover", "highway": "trunk" }, "geometry": { "type": "LineString", "coordinates": [ [ 114.1356243, 22.2874274 ], [ 114.13565, 22.28743 ], [ 114.1356925, 22.2874357 ], [ 114.13574, 22.287442 ], [ 114.1357685, 22.2874464 ], [ 114.1357982, 22.287451 ], [ 114.13585, 22.287459 ], [ 114.1359021, 22.2874689 ], [ 114.13596, 22.28748 ], [ 114.13606, 22.287503 ], [ 114.13616, 22.28753 ], [ 114.1370492, 22.2877831 ] ] } },
{ "type": "Feature", "properties": { "id": "322839521", "name": "干諾道西天橋 Connaught Road West flyover", "highway": "trunk" }, "geometry": { "type": "LineString", "coordinates": [ [ 114.1339483, 22.2873861 ], [ 114.1336875, 22.287432 ], [ 114.1333662, 22.2874747 ], [ 114.1332502, 22.2874857 ], [ 114.1331267, 22.2874857 ], [ 114.133027, 22.2874733 ], [ 114.1328931, 22.2874485 ], [ 114.1327875, 22.2874155 ], [ 114.1326729, 22.2873687 ] ] } },
{ "type": "Feature", "properties": { "id": "322839531", "name": "般咸道 Bonham Road", "highway": "secondary" }, "geometry": { "type": "LineString", "coordinates": [ [ 114.1420311, 22.284568 ], [ 114.1417308, 22.2846787 ], [ 114.1415256, 22.2847565 ], [ 114.1414735, 22.284775 ], [ 114.1414223, 22.2847901 ], [ 114.1413829, 22.284796 ], [ 114.1413308, 22.2848016 ], [ 114.1412874, 22.2848002 ], [ 114.1412475, 22.2847937 ], [ 114.1411913, 22.2847732 ], [ 114.141142, 22.2847455 ], [ 114.1410999, 22.2847141 ], [ 114.1410703, 22.2846797 ], [ 114.1410493, 22.2846417 ], [ 114.1410385, 22.2846159 ], [ 114.1410206, 22.28458 ], [ 114.1409487, 22.2844218 ], [ 114.1409317, 22.2843908 ], [ 114.1409112, 22.2843641 ], [ 114.1408771, 22.2843336 ], [ 114.1408277, 22.2842983 ], [ 114.1407599, 22.2842569 ] ] } },
{ "type": "Feature", "properties": { "id": "322839532", "name": "般咸道 Bonham Road", "highway": "secondary" }, "geometry": { "type": "LineString", "coordinates": [ [ 114.1407599, 22.2842569 ], [ 114.1406967, 22.284222 ], [ 114.1406634, 22.2842037 ] ] } },
{ "type": "Feature", "properties": { "id": "322839591", "name": "薄扶林道 Pok Fu Lam Road", "highway": "secondary" }, "geometry": { "type": "LineString", "coordinates": [ [ 114.1392499, 22.2850191 ], [ 114.1392742, 22.2851104 ], [ 114.1392799, 22.2851375 ], [ 114.1392939, 22.2851831 ], [ 114.1393087, 22.2852252 ], [ 114.1393186, 22.2852495 ], [ 114.1393323, 22.2852702 ], [ 114.1393521, 22.2853003 ], [ 114.1393899, 22.2853355 ], [ 114.1394187, 22.2853573 ], [ 114.1394729, 22.2853849 ], [ 114.139546, 22.2854041 ], [ 114.1396849, 22.2854219 ], [ 114.1397934, 22.285435 ], [ 114.1398467, 22.285454 ], [ 114.1398986, 22.2854864 ], [ 114.1399303, 22.2855203 ], [ 114.1399446, 22.2855527 ], [ 114.1399627, 22.2856641 ], [ 114.1399694, 22.2857165 ] ] } },
{ "type": "Feature", "properties": { "id": "322839602", "name": "第二街 Second Street", "highway": "secondary" }, "geometry": { "type": "LineString", "coordinates": [ [ 114.1399779, 22.2860553 ], [ 114.1399941, 22.2861876 ], [ 114.1399866, 22.2862098 ], [ 114.1399734, 22.2862243 ], [ 114.1398957, 22.2862371 ] ] } },
{ "type": "Feature", "properties": { "id": "326484051", "name": "吉席街 Catchick Street", "highway": "secondary" }, "geometry": { "type": "LineString", "coordinates": [ [ 114.1289224, 22.283451 ], [ 114.1290372, 22.2834744 ], [ 114.1291658, 22.2834966 ], [ 114.1292555, 22.2835255 ], [ 114.1292989, 22.2835448 ], [ 114.1293239, 22.2835611 ], [ 114.1294722, 22.2836869 ], [ 114.1294969, 22.2837081 ], [ 114.1295988, 22.2837968 ] ] } },
{ "type": "Feature", "properties": { "id": "326484052", "name": "干諾道西 Connaught Road West", "highway": "primary" }, "geometry": { "type": "LineString", "coordinates": [ [ 114.1370178, 22.2877444 ], [ 114.1377186, 22.2879634 ] ] } },
{ "type": "Feature", "properties": { "id": "326487415", "name": "干諾道西天橋 Connaught Road West flyover", "highway": "trunk" }, "geometry": { "type": "LineString", "coordinates": [ [ 114.1386965, 22.2883981 ], [ 114.1393479, 22.2887034 ], [ 114.1395311, 22.2887854 ], [ 114.1397178, 22.2888606 ], [ 114.1399075, 22.2889287 ], [ 114.1401001, 22.2889898 ], [ 114.1402638, 22.2890324 ], [ 114.140429, 22.2890696 ], [ 114.1405956, 22.2891009 ], [ 114.1407634, 22.2891262 ], [ 114.1409321, 22.2891455 ], [ 114.1411015, 22.2891587 ], [ 114.1412714, 22.2891658 ], [ 114.1414414, 22.2891669 ], [ 114.1416113, 22.2891619 ], [ 114.1417809, 22.2891508 ], [ 114.1419499, 22.2891336 ], [ 114.1436376, 22.2889661 ] ] } },
{ "type": "Feature", "properties": { "id": "396548425", "name": "堅彌地城新海旁 New Praya, Kennedy Town", "highway": "secondary" }, "geometry": { "type": "LineString", "coordinates": [ [ 114.1287931, 22.284127 ], [ 114.1280132, 22.2839908 ], [ 114.1279809, 22.2839847 ], [ 114.1279514, 22.28397 ], [ 114.1279369, 22.2839551 ], [ 114.1279296, 22.2839367 ] ] } },
{ "type": "Feature", "properties": { "id": "450350774", "name": "士美菲路 Smithfield", "highway": "secondary" }, "geometry": { "type": "LineString", "coordinates": [ [ 114.1281973, 22.282589 ], [ 114.1282138, 22.2825037 ], [ 114.1282448, 22.2823505 ], [ 114.1282923, 22.2820918 ], [ 114.1283134, 22.2819858 ] ] } },
{ "type": "Feature", "properties": { "id": "450350775", "name": "卑路乍街 Belcher's Street", "highway": "secondary" }, "geometry": { "type": "LineString", "coordinates": [ [ 114.1281973, 22.282589 ], [ 114.1280984, 22.2825866 ], [ 114.1274992, 22.282483 ], [ 114.1272022, 22.2824316 ], [ 114.126985, 22.282394 ], [ 114.1269507, 22.2823881 ], [ 114.1268588, 22.2823734 ] ] } },
{ "type": "Feature", "properties": { "id": "451890068", "name": "干諾道西 Connaught Road West", "highway": "secondary" }, "geometry": { "type": "LineString", "coordinates": [ [ 114.1448784, 22.2884956 ], [ 114.1441853, 22.2885067 ], [ 114.143841, 22.2885177 ], [ 114.1438073, 22.2885185 ] ] } },
{ "type": "Feature", "properties": { "id": "458685729", "name": "科士街 Forbes Street", "highway": "secondary" }, "geometry": { "type": "LineString", "coordinates": [ [ 114.1270849, 22.2812839 ], [ 114.1264994, 22.281187 ], [ 114.1264546, 22.2811787 ] ] } },
{ "type": "Feature", "properties": { "id": "484950063", "name": "薄扶林道 Pok Fu Lam Road", "highway": "primary" }, "geometry": { "type": "LineString", "coordinates": [ [ 114.1304708, 22.2773512 ], [ 114.1305482, 22.2774421 ] ] } },
{ "type": "Feature", "properties": { "id": "485994162", "name": "堅彌地城海旁 Praya, Kennedy Town", "highway": "secondary" }, "geometry": { "type": "LineString", "coordinates": [ [ 114.1297786, 22.2839643 ], [ 114.1300652, 22.2842078 ] ] } },
{ "type": "Feature", "properties": { "id": "492202660", "name": "西區海底隧道 Western Harbour Crossing", "highway": "trunk" }, "geometry": { "type": "LineString", "coordinates": [ [ 114.1443045, 22.2891614 ], [ 114.1440455, 22.2891683 ], [ 114.143788, 22.289195 ], [ 114.1435338, 22.2892414 ], [ 114.1434395, 22.2892663 ], [ 114.1432932, 22.2893049 ] ] } },
{ "type": "Feature", "properties": { "id": "492875718", "name": "薄扶林道 Pok Fu Lam Road", "highway": "secondary" }, "geometry": { "type": "LineString", "coordinates": [ [ 114.1384591, 22.2851948 ], [ 114.138589, 22.2851045 ], [ 114.138649, 22.2850669 ], [ 114.1386802, 22.285051 ], [ 114.1387376, 22.285026 ], [ 114.1388314, 22.2849879 ], [ 114.138939, 22.2849532 ], [ 114.1389982, 22.2849413 ], [ 114.1390404, 22.2849379 ], [ 114.1391168, 22.284949 ], [ 114.1391692, 22.2849587 ], [ 114.1392101, 22.284983 ] ] } },
{ "type": "Feature", "properties": { "id": "493120811", "name": "皇后大道西 Queen's Road West", "highway": "secondary" }, "geometry": { "type": "LineString", "coordinates": [ [ 114.1422889, 22.2869168 ], [ 114.1422008, 22.2869199 ], [ 114.1415528, 22.2869425 ], [ 114.1411734, 22.2869557 ], [ 114.1409081, 22.286965 ], [ 114.140848, 22.2869678 ], [ 114.1407739, 22.2869705 ] ] } },
{ "type": "Feature", "properties": { "id": "494467369", "name": "德輔道西 Des Voeux Road West", "highway": "secondary" }, "geometry": { "type": "LineString", "coordinates": [ [ 114.1370183, 22.286907 ], [ 114.1368148, 22.2868532 ], [ 114.1366029, 22.2867942 ], [ 114.1365735, 22.286786 ], [ 114.1365566, 22.2867814 ], [ 114.1365253, 22.2867727 ] ] } },
{ "type": "Feature", "properties": { "id": "494478783", "name": "山市街 Sands Street", "highway": "primary" }, "geometry": { "type": "LineString", "coordinates": [ [ 114.1295988, 22.2837968 ], [ 114.129608, 22.283787 ], [ 114.1296272, 22.2837661 ], [ 114.1296463, 22.2837463 ] ] } },
{ "type": "Feature", "properties": { "id": "494493975", "name": "德輔道西 Des Voeux Road West", "highway": "secondary" }, "geometry": { "type": "LineString", "coordinates": [ [ 114.1382789, 22.2873433 ], [ 114.1384738, 22.2873967 ], [ 114.1386767, 22.2874506 ], [ 114.1386982, 22.2874563 ], [ 114.1388053, 22.2874845 ] ] } },
{ "type": "Feature", "properties": { "id": "494505906", "name": "皇后大道西 Queen's Road West", "highway": "secondary" }, "geometry": { "type": "LineString", "coordinates": [ [ 114.1383558, 22.2864441 ], [ 114.1381114, 22.2863821 ], [ 114.1378721, 22.2863182 ], [ 114.1377361, 22.2862704 ], [ 114.1376104, 22.2862095 ], [ 114.1374104, 22.2860944 ] ] } },
{ "type": "Feature", "properties": { "id": "494505907", "name": "皇后大道西 Queen's Road West", "highway": "secondary" }, "geometry": { "type": "LineString", "coordinates": [ [ 114.1368738, 22.285751 ], [ 114.1368431, 22.2857343 ], [ 114.1368242, 22.2857269 ], [ 114.1367984, 22.285725 ], [ 114.1367459, 22.2857249 ], [ 114.1366736, 22.2857398 ], [ 114.1362025, 22.285843 ], [ 114.136165, 22.285851 ], [ 114.135789, 22.2859361 ], [ 114.1356043, 22.28598 ], [ 114.1353673, 22.286036 ], [ 114.1353384, 22.2860429 ], [ 114.1352588, 22.2860608 ] ] } },
{ "type": "Feature", "properties": { "id": "494510201", "name": "士美菲路 Smithfield", "highway": "secondary" }, "geometry": { "type": "LineString", "coordinates": [ [ 114.1283736, 22.2809794 ], [ 114.1283535, 22.281029 ], [ 114.128338, 22.2810852 ], [ 114.1282974, 22.2812758 ], [ 114.1282893, 22.2813128 ], [ 114.1282749, 22.2813741 ], [ 114.1282524, 22.2814201 ] ] } },
{ "type": "Feature", "properties": { "id": "494510202", "name": "士美菲路 Smithfield", "highway": "secondary" }, "geometry": { "type": "LineString", "coordinates": [ [ 114.1297806, 22.2794964 ], [ 114.1299184, 22.2794157 ], [ 114.1300222, 22.27935 ], [ 114.1300672, 22.2793101 ], [ 114.1301087, 22.2792665 ], [ 114.1301369, 22.2792267 ], [ 114.1301619, 22.2791831 ], [ 114.1301814, 22.2791396 ], [ 114.1301949, 22.2790931 ], [ 114.1302029, 22.2790449 ], [ 114.1302044, 22.2789877 ], [ 114.1301992, 22.2789344 ], [ 114.130189, 22.2788823 ], [ 114.1301717, 22.2788353 ], [ 114.1301497, 22.2787893 ], [ 114.1301268, 22.2787528 ], [ 114.1301004, 22.2787192 ], [ 114.1300756, 22.2786935 ], [ 114.1300497, 22.2786713 ], [ 114.1300189, 22.278649 ], [ 114.1299583, 22.2786121 ], [ 114.1298828, 22.2785749 ], [ 114.1297877, 22.2785371 ], [ 114.1297029, 22.2785084 ], [ 114.1295694, 22.2784691 ], [ 114.1294907, 22.2784427 ], [ 114.1294141, 22.2784119 ], [ 114.1293513, 22.2783817 ], [ 114.1292947, 22.2783501 ], [ 114.1292539, 22.2783219 ], [ 114.1292204, 22.2782933 ], [ 114.1291883, 22.2782583 ], [ 114.129161, 22.2782221 ], [ 114.129136, 22.2781788 ], [ 114.1291175, 22.2781343 ], [ 114.1291058, 22.2780881 ], [ 114.1290999, 22.2780416 ], [ 114.1291015, 22.2779969 ], [ 114.129108, 22.2779523 ], [ 114.1291199, 22.2779091 ], [ 114.1291389, 22.2778671 ], [ 114.1291519, 22.2778462 ] ] } },
{ "type": "Feature", "properties": { "id": "494704695", "name": "薄扶林道 Pok Fu Lam Road", "highway": "primary" }, "geometry": { "type": "LineString", "coordinates": [ [ 114.1311533, 22.2789079 ], [ 114.1311716, 22.2790375 ], [ 114.1312027, 22.2792575 ], [ 114.1312651, 22.2795353 ], [ 114.1314026, 22.2800329 ], [ 114.131506, 22.280411 ], [ 114.131548, 22.2805624 ], [ 114.1315595, 22.2805995 ], [ 114.131589, 22.2806941 ], [ 114.1316659, 22.2809492 ], [ 114.1317508, 22.2811266 ], [ 114.1318864, 22.2813315 ], [ 114.131947, 22.2814242 ], [ 114.1320382, 22.2815438 ] ] } },
{ "type": "Feature", "properties": { "id": "495225500", "name": "士美菲路 Smithfield", "highway": "secondary" }, "geometry": { "type": "LineString", "coordinates": [ [ 114.1292574, 22.2802777 ], [ 114.1292096, 22.2803701 ], [ 114.1291324, 22.2805227 ], [ 114.1291044, 22.2805707 ], [ 114.1290732, 22.280616 ], [ 114.1290337, 22.2806652 ], [ 114.1289957, 22.2807079 ], [ 114.1289576, 22.2807429 ], [ 114.1289249, 22.2807702 ], [ 114.1288845, 22.2807976 ], [ 114.1288388, 22.280823 ], [ 114.1287914, 22.2808439 ], [ 114.1287422, 22.280861 ], [ 114.128699, 22.2808717 ], [ 114.1285735, 22.2808956 ], [ 114.128518, 22.2809089 ] ] } },
{ "type": "Feature", "properties": { "id": "495227115", "name": "薄扶林道 Pok Fu Lam Road", "highway": "primary" }, "geometry": { "type": "LineString", "coordinates": [ [ 114.1300529, 22.2767941 ], [ 114.1301969, 22.2769735 ] ] } },
{ "type": "Feature", "properties": { "id": "495227213", "name": "干諾道西 Connaught Road West", "highway": "primary" }, "geometry": { "type": "LineString", "coordinates": [ [ 114.1361509, 22.2874928 ], [ 114.1370178, 22.2877444 ] ] } },
{ "type": "Feature", "properties": { "id": "522301284", "name": "薄扶林道 Pok Fu Lam Road", "highway": "primary" }, "geometry": { "type": "LineString", "coordinates": [ [ 114.1305482, 22.2774421 ], [ 114.130618, 22.2775312 ], [ 114.1306901, 22.2775936 ], [ 114.1308173, 22.2776822 ] ] } },
{ "type": "Feature", "properties": { "id": "522301285", "name": "薄扶林道 Pok Fu Lam Road", "highway": "primary" }, "geometry": { "type": "LineString", "coordinates": [ [ 114.1308173, 22.2776822 ], [ 114.1307345, 22.2775063 ] ] } },
{ "type": "Feature", "properties": { "id": "526335229", "name": "正街 Centre Street", "highway": "secondary" }, "geometry": { "type": "LineString", "coordinates": [ [ 114.1423326, 22.2878817 ], [ 114.1423336, 22.2879073 ], [ 114.1423345, 22.287933 ], [ 114.1423355, 22.2879586 ] ] } },
{ "type": "Feature", "properties": { "id": "526335234", "name": "水街 Water Street", "highway": "secondary" }, "geometry": { "type": "LineString", "coordinates": [ [ 114.1388306, 22.2873998 ], [ 114.1388227, 22.2874262 ], [ 114.1388141, 22.287455 ], [ 114.1388053, 22.2874845 ] ] } },
{ "type": "Feature", "properties": { "id": "585079598", "name": "石山街 Rock Hill Street", "highway": "secondary" }, "geometry": { "type": "LineString", "coordinates": [ [ 114.1304376, 22.2827813 ], [ 114.1304281, 22.2827374 ], [ 114.1304084, 22.2826898 ], [ 114.1303836, 22.2826524 ], [ 114.1303302, 22.2825971 ], [ 114.1302746, 22.2825509 ], [ 114.1301957, 22.282498 ], [ 114.1300235, 22.2823982 ], [ 114.1299373, 22.282351 ], [ 114.1298713, 22.2823174 ], [ 114.1297985, 22.2822847 ], [ 114.1297265, 22.282258 ], [ 114.1296403, 22.2822349 ], [ 114.1293248, 22.2821715 ], [ 114.129275, 22.282162 ], [ 114.1291771, 22.2821452 ], [ 114.128939, 22.2821022 ], [ 114.128444, 22.2820097 ], [ 114.1283134, 22.2819858 ] ] } },
{ "type": "Feature", "properties": { "id": "675660172", "name": "薄扶林道 Pok Fu Lam Road", "highway": "primary" }, "geometry": { "type": "LineString", "coordinates": [ [ 114.1337505, 22.2842187 ], [ 114.1339055, 22.2842796 ], [ 114.1339958, 22.2843048 ], [ 114.1340972, 22.284321 ], [ 114.1341906, 22.2843285 ], [ 114.1342801, 22.2843267 ], [ 114.1343915, 22.2843137 ], [ 114.1344734, 22.2842954 ] ] } },
{ "type": "Feature", "properties": { "id": "676069815", "name": "干諾道西 Connaught Road West", "highway": "primary" }, "geometry": { "type": "LineString", "coordinates": [ [ 114.144064, 22.2890989 ], [ 114.1441871, 22.289064 ], [ 114.1442747, 22.2890269 ], [ 114.1443638, 22.2889809 ], [ 114.1444985, 22.2889044 ], [ 114.1445736, 22.2888676 ], [ 114.144649, 22.2888409 ], [ 114.1447136, 22.288825 ], [ 114.1447866, 22.2888157 ], [ 114.1452313, 22.2887701 ], [ 114.1454041, 22.2887522 ], [ 114.14556, 22.2887421 ] ] } },
{ "type": "Feature", "properties": { "id": "681882530", "name": "西區海底隧道 Western Harbour Crossing", "highway": "trunk" }, "geometry": { "type": "LineString", "coordinates": [ [ 114.1433372, 22.2894265 ], [ 114.1435662, 22.289366 ], [ 114.1437074, 22.2893402 ], [ 114.1438091, 22.2893217 ], [ 114.1440552, 22.2892961 ], [ 114.1443027, 22.2892896 ], [ 114.1445499, 22.289302 ], [ 114.1447952, 22.2893334 ], [ 114.1450367, 22.2893836 ], [ 114.145273, 22.2894521 ], [ 114.1455023, 22.2895385 ], [ 114.1457231, 22.2896422 ], [ 114.1459337, 22.2897625 ], [ 114.1461329, 22.2898986 ] ] } },
{ "type": "Feature", "properties": { "id": "681882531", "name": "山道天橋 Hill Road Flyover", "highway": "primary" }, "geometry": { "type": "LineString", "coordinates": [ [ 114.1353016, 22.2855639 ], [ 114.1352712, 22.285593 ], [ 114.1352378, 22.2856247 ], [ 114.13521, 22.2856588 ], [ 114.135186, 22.2856974 ], [ 114.1351678, 22.2857377 ], [ 114.1351558, 22.2857857 ], [ 114.1351508, 22.2858237 ], [ 114.1351518, 22.2858557 ], [ 114.1351568, 22.2858857 ], [ 114.1353008, 22.2864247 ], [ 114.1353148, 22.2864857 ], [ 114.1353268, 22.2865467 ], [ 114.1354388, 22.2872257 ] ] } },
{ "type": "Feature", "properties": { "id": "703364216", "name": "干諾道西 Connaught Road West", "highway": "primary" }, "geometry": { "type": "LineString", "coordinates": [ [ 114.1440458, 22.2886948 ], [ 114.1439146, 22.2887094 ], [ 114.1438156, 22.288712 ] ] } },
{ "type": "Feature", "properties": { "id": "703364218", "name": "干諾道西 Connaught Road West", "highway": "primary" }, "geometry": { "type": "LineString", "coordinates": [ [ 114.1415332, 22.2886539 ], [ 114.1411984, 22.2886581 ], [ 114.1411494, 22.2886573 ] ] } },
{ "type": "Feature", "properties": { "id": "703364219", "name": "西邊街 Western Street", "highway": "secondary" }, "geometry": { "type": "LineString", "coordinates": [ [ 114.1408145, 22.2879265 ], [ 114.1408007, 22.287846 ], [ 114.1407986, 22.2877901 ], [ 114.1407903, 22.2874291 ], [ 114.1407895, 22.2873585 ], [ 114.1407886, 22.2873282 ] ] } },
{ "type": "Feature", "properties": { "id": "715018050", "name": "士美菲路 Smithfield", "highway": "secondary" }, "geometry": { "type": "LineString", "coordinates": [ [ 114.1284235, 22.2814008 ], [ 114.1284221, 22.2813461 ], [ 114.128413, 22.2812997 ] ] } },
{ "type": "Feature", "properties": { "id": "715018053", "name": "士美菲路 Smithfield", "highway": "secondary" }, "geometry": { "type": "LineString", "coordinates": [ [ 114.1282524, 22.2814201 ], [ 114.1282148, 22.2814494 ], [ 114.1281732, 22.2814588 ], [ 114.1281199, 22.2814579 ] ] } },
{ "type": "Feature", "properties": { "id": "725387808", "name": "干諾道西天橋 Connaught Road West flyover", "highway": "trunk" }, "geometry": { "type": "LineString", "coordinates": [ [ 114.132731, 22.287717 ], [ 114.13283, 22.28774 ], [ 114.13292, 22.287755 ], [ 114.13302, 22.287765 ], [ 114.133105, 22.287768 ], [ 114.13316, 22.287765 ], [ 114.13322, 22.28776 ], [ 114.13328, 22.287753 ], [ 114.13336, 22.287742 ], [ 114.13343, 22.28773 ], [ 114.133509, 22.287715 ], [ 114.1339999, 22.287608 ] ] } },
{ "type": "Feature", "properties": { "id": "750511604", "name": "干諾道西 Connaught Road West", "highway": "primary" }, "geometry": { "type": "LineString", "coordinates": [ [ 114.1427691, 22.28927 ], [ 114.1430188, 22.2892309 ] ] } },
{ "type": "Feature", "properties": { "id": "753628336", "name": "干諾道西 Connaught Road West", "highway": "primary" }, "geometry": { "type": "LineString", "coordinates": [ [ 114.1433843, 22.2891891 ], [ 114.1436432, 22.2891607 ], [ 114.143773, 22.2891448 ] ] } },
{ "type": "Feature", "properties": { "id": "758535250", "name": "干諾道西 Connaught Road West", "highway": "secondary" }, "geometry": { "type": "LineString", "coordinates": [ [ 114.1352812, 22.2869795 ], [ 114.1352156, 22.2871467 ], [ 114.1352144, 22.2871814 ], [ 114.1352116, 22.2872596 ] ] } },
{ "type": "Feature", "properties": { "id": "758535255", "name": "德輔道西 Des Voeux Road West", "highway": "secondary" }, "geometry": { "type": "LineString", "coordinates": [ [ 114.1354477, 22.2868697 ], [ 114.1355087, 22.2868554 ] ] } },
{ "type": "Feature", "properties": { "id": "758535259", "name": "干諾道西 Connaught Road West", "highway": "primary" }, "geometry": { "type": "LineString", "coordinates": [ [ 114.1353039, 22.2873951 ], [ 114.1353546, 22.2873896 ], [ 114.1354066, 22.2873891 ] ] } },
{ "type": "Feature", "properties": { "id": "758535261", "name": "干諾道西 Connaught Road West", "highway": "primary" }, "geometry": { "type": "LineString", "coordinates": [ [ 114.135344, 22.2872572 ], [ 114.1353092, 22.2872585 ] ] } },
{ "type": "Feature", "properties": { "id": "758535262", "name": "干諾道西 Connaught Road West", "highway": "primary" }, "geometry": { "type": "LineString", "coordinates": [ [ 114.1363273, 22.2874109 ], [ 114.1358813, 22.2873101 ] ] } },
{ "type": "Feature", "properties": { "id": "758535276", "name": "城西道 Shing Sai Road", "highway": "primary" }, "geometry": { "type": "LineString", "coordinates": [ [ 114.1345015, 22.2874681 ], [ 114.1346244, 22.28745 ] ] } },
{ "type": "Feature", "properties": { "id": "758535277", "name": "城西道 Shing Sai Road", "highway": "primary" }, "geometry": { "type": "LineString", "coordinates": [ [ 114.1346244, 22.28745 ], [ 114.1347342, 22.287434 ], [ 114.1348597, 22.287418 ], [ 114.1349795, 22.2874102 ], [ 114.135135, 22.2873967 ], [ 114.1351982, 22.2873952 ] ] } },
{ "type": "Feature", "properties": { "id": "758562764", "name": "皇后大道西 Queen's Road West", "highway": "secondary" }, "geometry": { "type": "LineString", "coordinates": [ [ 114.1351764, 22.2860788 ], [ 114.1351303, 22.2860886 ], [ 114.1343441, 22.2862657 ], [ 114.1339129, 22.2863671 ], [ 114.1335675, 22.2864437 ], [ 114.1328855, 22.2865949 ], [ 114.1328244, 22.2866091 ] ] } },
{ "type": "Feature", "properties": { "id": "758562765", "name": "皇后大道西 Queen's Road West", "highway": "secondary" }, "geometry": { "type": "LineString", "coordinates": [ [ 114.1352588, 22.2860608 ], [ 114.1351764, 22.2860788 ] ] } },
{ "type": "Feature", "properties": { "id": "758735800", "name": "干諾道西 Connaught Road West", "highway": "primary" }, "geometry": { "type": "LineString", "coordinates": [ [ 114.1353092, 22.2872585 ], [ 114.1352116, 22.2872596 ] ] } },
{ "type": "Feature", "properties": { "id": "762774469", "name": "士美菲路 Smithfield", "highway": "secondary" }, "geometry": { "type": "LineString", "coordinates": [ [ 114.1298114, 22.2793623 ], [ 114.1297806, 22.2793809 ], [ 114.1296957, 22.2794593 ] ] } },
{ "type": "Feature", "properties": { "id": "766704156", "name": "干諾道西 Connaught Road West", "highway": "secondary" }, "geometry": { "type": "LineString", "coordinates": [ [ 114.1425318, 22.2885541 ], [ 114.1435556, 22.288524 ] ] } },
{ "type": "Feature", "properties": { "id": "766704157", "name": "干諾道西 Connaught Road West", "highway": "secondary" }, "geometry": { "type": "LineString", "coordinates": [ [ 114.1435556, 22.288524 ], [ 114.1436163, 22.2885207 ], [ 114.1436542, 22.2885203 ], [ 114.1436867, 22.2885308 ], [ 114.1437052, 22.2885515 ], [ 114.1437338, 22.2886183 ] ] } },
{ "type": "Feature", "properties": { "id": "766704158", "name": "東邊街 Eastern Street", "highway": "secondary" }, "geometry": { "type": "LineString", "coordinates": [ [ 114.1438093, 22.2886162 ], [ 114.1438073, 22.2885185 ] ] } },
{ "type": "Feature", "properties": { "id": "766704159", "name": "干諾道西 Connaught Road West", "highway": "primary" }, "geometry": { "type": "LineString", "coordinates": [ [ 114.1444216, 22.2886324 ], [ 114.1441214, 22.2886521 ] ] } },
{ "type": "Feature", "properties": { "id": "766704160", "name": "干諾道西 Connaught Road West", "highway": "primary" }, "geometry": { "type": "LineString", "coordinates": [ [ 114.1446536, 22.2886053 ], [ 114.1444216, 22.2886324 ] ] } },
{ "type": "Feature", "properties": { "id": "766704170", "name": "干諾道西 Connaught Road West", "highway": "secondary" }, "geometry": { "type": "LineString", "coordinates": [ [ 114.1451606, 22.2884868 ], [ 114.1448784, 22.2884956 ] ] } },
{ "type": "Feature", "properties": { "id": "766714729", "name": "干諾道西 Connaught Road West", "highway": "primary" }, "geometry": { "type": "LineString", "coordinates": [ [ 114.1422641, 22.2886614 ], [ 114.1419558, 22.2886452 ] ] } },
{ "type": "Feature", "properties": { "id": "766714730", "name": "干諾道西 Connaught Road West", "highway": "primary" }, "geometry": { "type": "LineString", "coordinates": [ [ 114.1416141, 22.2886513 ], [ 114.1415332, 22.2886539 ] ] } },
{ "type": "Feature", "properties": { "id": "766714731", "name": "干諾道西 Connaught Road West", "highway": "primary" }, "geometry": { "type": "LineString", "coordinates": [ [ 114.1419558, 22.2886452 ], [ 114.1417835, 22.2886468 ], [ 114.1416678, 22.2886495 ], [ 114.1416141, 22.2886513 ] ] } },
{ "type": "Feature", "properties": { "id": "771004855", "name": "東邊街北 Eastern Street North", "highway": "secondary" }, "geometry": { "type": "LineString", "coordinates": [ [ 114.143843, 22.2891371 ], [ 114.143821, 22.2887929 ], [ 114.143819, 22.288763 ], [ 114.1438156, 22.288712 ] ] } },
{ "type": "Feature", "properties": { "id": "771004856", "name": "干諾道西 Connaught Road West", "highway": "primary" }, "geometry": { "type": "LineString", "coordinates": [ [ 114.143773, 22.2891448 ], [ 114.143843, 22.2891371 ] ] } },
{ "type": "Feature", "properties": { "id": "771004857", "name": "東邊街北 Eastern Street North", "highway": "secondary" }, "geometry": { "type": "LineString", "coordinates": [ [ 114.1438156, 22.288712 ], [ 114.1438093, 22.2886162 ] ] } },
{ "type": "Feature", "properties": { "id": "771004858", "name": "干諾道西 Connaught Road West", "highway": "primary" }, "geometry": { "type": "LineString", "coordinates": [ [ 114.1437338, 22.2886183 ], [ 114.1426257, 22.2886483 ], [ 114.1422641, 22.2886614 ] ] } },
{ "type": "Feature", "properties": { "id": "771004860", "name": "干諾道西 Connaught Road West", "highway": "primary" }, "geometry": { "type": "LineString", "coordinates": [ [ 114.1438156, 22.288712 ], [ 114.1437417, 22.2887141 ] ] } },
{ "type": "Feature", "properties": { "id": "771250411", "name": "東邊街 Eastern Street", "highway": "secondary" }, "geometry": { "type": "LineString", "coordinates": [ [ 114.1437516, 22.2874329 ], [ 114.1437458, 22.2871421 ], [ 114.1437258, 22.286978 ], [ 114.1437251, 22.28696 ], [ 114.1437217, 22.2868657 ] ] } },
{ "type": "Feature", "properties": { "id": "771250412", "name": "水街 Water Street", "highway": "secondary" }, "geometry": { "type": "LineString", "coordinates": [ [ 114.1390607, 22.2866225 ], [ 114.1390444, 22.2866803 ], [ 114.139003, 22.2868257 ], [ 114.1389414, 22.2870307 ], [ 114.1389187, 22.2871065 ], [ 114.1388497, 22.2873364 ], [ 114.1388428, 22.2873592 ], [ 114.1388306, 22.2873998 ] ] } },
{ "type": "Feature", "properties": { "id": "771250413", "name": "皇后大道西 Queen's Road West", "highway": "secondary" }, "geometry": { "type": "LineString", "coordinates": [ [ 114.1390607, 22.2866225 ], [ 114.1389583, 22.2865976 ], [ 114.138724, 22.2865385 ], [ 114.1384651, 22.2864721 ] ] } },
{ "type": "Feature", "properties": { "id": "783793799", "name": "干諾道西天橋 Connaught Road West flyover", "highway": "trunk" }, "geometry": { "type": "LineString", "coordinates": [ [ 114.1414107, 22.2888955 ], [ 114.141099, 22.288854 ], [ 114.14079, 22.288802 ], [ 114.14053, 22.288747 ], [ 114.140239, 22.288671 ], [ 114.13996, 22.28859 ], [ 114.1387725, 22.2881587 ] ] } },
{ "type": "Feature", "properties": { "id": "783793800", "name": "城西道 Shing Sai Road", "highway": "primary" }, "geometry": { "type": "LineString", "coordinates": [ [ 114.1307421, 22.286016 ], [ 114.1308137, 22.2860826 ], [ 114.1309379, 22.2861971 ] ] } },
{ "type": "Feature", "properties": { "id": "783793801", "name": "干諾道西天橋 Connaught Road West flyover", "highway": "trunk" }, "geometry": { "type": "LineString", "coordinates": [ [ 114.1381282, 22.2881323 ], [ 114.1383589, 22.288239 ], [ 114.1386548, 22.2883783 ] ] } },
{ "type": "Feature", "properties": { "id": "783803774", "name": "卑路乍街 Belcher's Street", "highway": "secondary" }, "geometry": { "type": "LineString", "coordinates": [ [ 114.129062, 22.2827375 ], [ 114.1289856, 22.2827256 ], [ 114.1286534, 22.2826667 ], [ 114.1283201, 22.2826077 ], [ 114.128277, 22.2826012 ], [ 114.1281973, 22.282589 ] ] } },
{ "type": "Feature", "properties": { "id": "783803782", "name": "吉席街 Catchick Street", "highway": "secondary" }, "geometry": { "type": "LineString", "coordinates": [ [ 114.12806, 22.2833035 ], [ 114.1281398, 22.2833136 ], [ 114.1284242, 22.2833598 ], [ 114.1284834, 22.2833702 ], [ 114.1286684, 22.2834033 ] ] } },
{ "type": "Feature", "properties": { "id": "800843173", "name": "東邊街北 Eastern Street North", "highway": "secondary" }, "geometry": { "type": "LineString", "coordinates": [ [ 114.1437417, 22.2887141 ], [ 114.1437542, 22.2888984 ], [ 114.1437591, 22.2889741 ] ] } },
{ "type": "Feature", "properties": { "id": "800843174", "name": "東邊街北 Eastern Street North", "highway": "secondary" }, "geometry": { "type": "LineString", "coordinates": [ [ 114.1437591, 22.2889741 ], [ 114.1437653, 22.2890647 ], [ 114.1437677, 22.2890992 ], [ 114.143773, 22.2891448 ] ] } },
{ "type": "Feature", "properties": { "id": "800846056", "name": "干諾道西 Connaught Road West", "highway": "primary" }, "geometry": { "type": "LineString", "coordinates": [ [ 114.1433174, 22.289196 ], [ 114.1433843, 22.2891891 ] ] } },
{ "type": "Feature", "properties": { "id": "800846057", "name": "干諾道西 Connaught Road West", "highway": "primary" }, "geometry": { "type": "LineString", "coordinates": [ [ 114.1430188, 22.2892309 ], [ 114.1431631, 22.289214 ], [ 114.1433174, 22.289196 ] ] } },
{ "type": "Feature", "properties": { "id": "801936437", "name": "干諾道西 Connaught Road West", "highway": "primary" }, "geometry": { "type": "LineString", "coordinates": [ [ 114.1454152, 22.2885302 ], [ 114.1451657, 22.2885712 ] ] } },
{ "type": "Feature", "properties": { "id": "801995600", "name": "干諾道西 Connaught Road West", "highway": "primary" }, "geometry": { "type": "LineString", "coordinates": [ [ 114.1451657, 22.2885712 ], [ 114.1446536, 22.2886053 ] ] } },
{ "type": "Feature", "properties": { "id": "832192998", "name": "薄扶林道 Pok Fu Lam Road", "highway": "primary" }, "geometry": { "type": "LineString", "coordinates": [ [ 114.1324197, 22.2823863 ], [ 114.1324813, 22.2826214 ], [ 114.1326303, 22.283004 ], [ 114.1327263, 22.2831901 ] ] } },
{ "type": "Feature", "properties": { "id": "832192999", "name": "薄扶林道 Pok Fu Lam Road", "highway": "primary" }, "geometry": { "type": "LineString", "coordinates": [ [ 114.1337027, 22.2841851 ], [ 114.1337505, 22.2842187 ] ] } },
{ "type": "Feature", "properties": { "id": "854453647", "name": "干諾道西天橋 Connaught Road West flyover", "highway": "trunk" }, "geometry": { "type": "LineString", "coordinates": [ [ 114.135928, 22.2873512 ], [ 114.1358771, 22.2873393 ], [ 114.1358189, 22.2873256 ], [ 114.1357917, 22.2873209 ], [ 114.1357583, 22.287315 ], [ 114.1357138, 22.2873072 ], [ 114.1356684, 22.2873016 ], [ 114.1356419, 22.2872986 ], [ 114.13556, 22.2872895 ], [ 114.1355199, 22.2872857 ] ] } },
{ "type": "Feature", "properties": { "id": "854453648", "name": "干諾道西天橋 Connaught Road West flyover", "highway": "trunk" }, "geometry": { "type": "LineString", "coordinates": [ [ 114.1339999, 22.287608 ], [ 114.1345069, 22.2874973 ], [ 114.1346287, 22.2874741 ], [ 114.1347449, 22.2874547 ], [ 114.1348626, 22.2874383 ], [ 114.134986, 22.2874271 ], [ 114.1351304, 22.2874174 ], [ 114.1352361, 22.2874122 ], [ 114.13539, 22.287411 ], [ 114.1355132, 22.2874179 ], [ 114.13555, 22.28742 ], [ 114.1356243, 22.2874274 ] ] } },
{ "type": "Feature", "properties": { "id": "858141972", "name": "吉席街 Catchick Street", "highway": "secondary" }, "geometry": { "type": "LineString", "coordinates": [ [ 114.1266773, 22.2830275 ], [ 114.1267503, 22.2830534 ] ] } },
{ "type": "Feature", "properties": { "id": "858141973", "name": "皇后大道西 Queen's Road West", "highway": "secondary" }, "geometry": { "type": "LineString", "coordinates": [ [ 114.1437217, 22.2868657 ], [ 114.1436264, 22.2868689 ], [ 114.1433184, 22.2868798 ], [ 114.1430703, 22.2868887 ], [ 114.1429643, 22.2868925 ], [ 114.1428101, 22.286898 ], [ 114.1426578, 22.2869034 ] ] } },
{ "type": "Feature", "properties": { "id": "858150305", "name": "域多利道 Victoria Road", "highway": "secondary" }, "geometry": { "type": "LineString", "coordinates": [ [ 114.1254319, 22.2821906 ], [ 114.1256026, 22.2822179 ], [ 114.1258876, 22.2822603 ] ] } },
{ "type": "Feature", "properties": { "id": "867550267", "name": "士美菲路 Smithfield", "highway": "secondary" }, "geometry": { "type": "LineString", "coordinates": [ [ 114.1284776, 22.2809742 ], [ 114.128518, 22.2809089 ] ] } },
{ "type": "Feature", "properties": { "id": "867550268", "name": "士美菲路 Smithfield", "highway": "secondary" }, "geometry": { "type": "LineString", "coordinates": [ [ 114.1284628, 22.2810015 ], [ 114.1284776, 22.2809742 ] ] } },
{ "type": "Feature", "properties": { "id": "867550269", "name": "士美菲路 Smithfield", "highway": "secondary" }, "geometry": { "type": "LineString", "coordinates": [ [ 114.1284053, 22.2809448 ], [ 114.1283736, 22.2809794 ] ] } },
{ "type": "Feature", "properties": { "id": "867550270", "name": "士美菲路 Smithfield", "highway": "secondary" }, "geometry": { "type": "LineString", "coordinates": [ [ 114.128518, 22.2809089 ], [ 114.1284559, 22.2809245 ], [ 114.1284053, 22.2809448 ] ] } },
{ "type": "Feature", "properties": { "id": "867550290", "name": "堅彌地城新海旁 New Praya, Kennedy Town", "highway": "primary" }, "geometry": { "type": "LineString", "coordinates": [ [ 114.1258284, 22.2835214 ], [ 114.1258322, 22.2835542 ], [ 114.1258428, 22.2835816 ] ] } },
{ "type": "Feature", "properties": { "id": "867550296", "name": "堅彌地城新海旁 New Praya, Kennedy Town", "highway": "primary" }, "geometry": { "type": "LineString", "coordinates": [ [ 114.1259178, 22.2836409 ], [ 114.1259578, 22.283648 ], [ 114.1264868, 22.283735 ] ] } },
{ "type": "Feature", "properties": { "id": "867550297", "name": "加多近街 Cadogan Street", "highway": "primary" }, "geometry": { "type": "LineString", "coordinates": [ [ 114.1259461, 22.282836 ], [ 114.1259372, 22.2829055 ] ] } },
{ "type": "Feature", "properties": { "id": "867550298", "name": "加多近街 Cadogan Street", "highway": "primary" }, "geometry": { "type": "LineString", "coordinates": [ [ 114.1259372, 22.2829055 ], [ 114.1259283, 22.2829193 ], [ 114.1259195, 22.2829329 ] ] } },
{ "type": "Feature", "properties": { "id": "867550299", "name": "加多近街 Cadogan Street", "highway": "primary" }, "geometry": { "type": "LineString", "coordinates": [ [ 114.1258995, 22.2831372 ], [ 114.1258445, 22.2834333 ] ] } },
{ "type": "Feature", "properties": { "id": "867550300", "name": "加多近街 Cadogan Street", "highway": "primary" }, "geometry": { "type": "LineString", "coordinates": [ [ 114.1259103, 22.2829848 ], [ 114.1258995, 22.2831372 ] ] } },
{ "type": "Feature", "properties": { "id": "898471113", "name": "薄扶林道 Pok Fu Lam Road", "highway": "primary" }, "geometry": { "type": "LineString", "coordinates": [ [ 114.1366299, 22.2837851 ], [ 114.1366423, 22.2838204 ], [ 114.1366512, 22.2838499 ], [ 114.1366761, 22.2838977 ] ] } },
{ "type": "Feature", "properties": { "id": "899194799", "name": "薄扶林道 Pok Fu Lam Road", "highway": "primary" }, "geometry": { "type": "LineString", "coordinates": [ [ 114.1328427, 22.2833367 ], [ 114.133318, 22.2838099 ], [ 114.1334817, 22.2839814 ], [ 114.1335139, 22.2840151 ], [ 114.1335393, 22.2840397 ], [ 114.1336061, 22.2841042 ], [ 114.1337027, 22.2841851 ] ] } },
{ "type": "Feature", "properties": { "id": "899194800", "name": "薄扶林道 Pok Fu Lam Road", "highway": "primary" }, "geometry": { "type": "LineString", "coordinates": [ [ 114.1344734, 22.2842954 ], [ 114.1346291, 22.2842598 ], [ 114.1347815, 22.2842182 ], [ 114.1349181, 22.2841765 ], [ 114.1349496, 22.2841637 ], [ 114.1350705, 22.2841214 ], [ 114.1352066, 22.2840545 ] ] } },
{ "type": "Feature", "properties": { "id": "899616087", "name": "薄扶林道 Pok Fu Lam Road", "highway": "primary" }, "geometry": { "type": "LineString", "coordinates": [ [ 114.1298351, 22.2750265 ], [ 114.1298096, 22.2751027 ], [ 114.1297931, 22.275152 ] ] } },
{ "type": "Feature", "properties": { "id": "899616088", "name": "薄扶林道 Pok Fu Lam Road", "highway": "primary" }, "geometry": { "type": "LineString", "coordinates": [ [ 114.1298637, 22.275165 ], [ 114.1298753, 22.2751118 ], [ 114.1299013, 22.2750362 ] ] } },
{ "type": "Feature", "properties": { "id": "899616091", "name": "薄扶林道 Pok Fu Lam Road", "highway": "primary" }, "geometry": { "type": "LineString", "coordinates": [ [ 114.1297974, 22.2752175 ], [ 114.1298637, 22.275165 ] ] } },
{ "type": "Feature", "properties": { "id": "899616092", "name": "薄扶林道 Pok Fu Lam Road", "highway": "primary" }, "geometry": { "type": "LineString", "coordinates": [ [ 114.1297931, 22.275152 ], [ 114.1297974, 22.2752175 ] ] } },
{ "type": "Feature", "properties": { "id": "899616118", "name": "薄扶林道 Pok Fu Lam Road", "highway": "primary" }, "geometry": { "type": "LineString", "coordinates": [ [ 114.1297974, 22.2752175 ], [ 114.1297298, 22.275393 ], [ 114.1296852, 22.2756571 ], [ 114.1296867, 22.2758445 ], [ 114.1297082, 22.2760009 ], [ 114.1297303, 22.276067 ] ] } },
{ "type": "Feature", "properties": { "id": "899616119", "name": "薄扶林道 Pok Fu Lam Road", "highway": "primary" }, "geometry": { "type": "LineString", "coordinates": [ [ 114.1297303, 22.276067 ], [ 114.1297336, 22.2761331 ], [ 114.1297355, 22.2761708 ] ] } },
{ "type": "Feature", "properties": { "id": "899616120", "name": "薄扶林道 Pok Fu Lam Road", "highway": "primary" }, "geometry": { "type": "LineString", "coordinates": [ [ 114.1298089, 22.2761695 ], [ 114.1297303, 22.276067 ] ] } },
{ "type": "Feature", "properties": { "id": "899616121", "name": "薄扶林道 Pok Fu Lam Road", "highway": "primary" }, "geometry": { "type": "LineString", "coordinates": [ [ 114.1303855, 22.2770278 ], [ 114.130151, 22.276739 ], [ 114.1299713, 22.2764523 ], [ 114.1298463, 22.2762335 ], [ 114.1298089, 22.2761695 ] ] } },
{ "type": "Feature", "properties": { "id": "899616122", "name": "薄扶林道 Pok Fu Lam Road", "highway": "primary" }, "geometry": { "type": "LineString", "coordinates": [ [ 114.1297355, 22.2761708 ], [ 114.1297754, 22.2762695 ], [ 114.1298703, 22.2764804 ], [ 114.1299315, 22.2765934 ] ] } },
{ "type": "Feature", "properties": { "id": "935799412", "name": "士美菲路 Smithfield", "highway": "secondary" }, "geometry": { "type": "LineString", "coordinates": [ [ 114.1296726, 22.2795101 ], [ 114.1297328, 22.2795025 ], [ 114.1297806, 22.2794964 ] ] } },
{ "type": "Feature", "properties": { "id": "935799413", "name": "士美菲路 Smithfield", "highway": "secondary" }, "geometry": { "type": "LineString", "coordinates": [ [ 114.1296957, 22.2794593 ], [ 114.1296726, 22.2795101 ] ] } },
{ "type": "Feature", "properties": { "id": "935799414", "name": "士美菲路 Smithfield", "highway": "secondary" }, "geometry": { "type": "LineString", "coordinates": [ [ 114.1304956, 22.2786787 ], [ 114.1305779, 22.2787243 ], [ 114.1306883, 22.2787596 ], [ 114.1307679, 22.2787726 ], [ 114.1308406, 22.2787762 ], [ 114.1309097, 22.2787729 ] ] } },
{ "type": "Feature", "properties": { "id": "935799415", "name": "士美菲路 Smithfield", "highway": "secondary" }, "geometry": { "type": "LineString", "coordinates": [ [ 114.1306781, 22.2773959 ], [ 114.1307799, 22.2773528 ], [ 114.1308194, 22.2773429 ], [ 114.1308642, 22.27734 ] ] } },
{ "type": "Feature", "properties": { "id": "935799416", "name": "士美菲路 Smithfield", "highway": "secondary" }, "geometry": { "type": "LineString", "coordinates": [ [ 114.131264, 22.2775627 ], [ 114.131193, 22.277425 ] ] } },
{ "type": "Feature", "properties": { "id": "935799417", "name": "士美菲路 Smithfield", "highway": "secondary" }, "geometry": { "type": "LineString", "coordinates": [ [ 114.1293437, 22.2801062 ], [ 114.1293135, 22.2801724 ], [ 114.1292574, 22.2802777 ] ] } },
{ "type": "Feature", "properties": { "id": "935799418", "name": "士美菲路 Smithfield", "highway": "secondary" }, "geometry": { "type": "LineString", "coordinates": [ [ 114.1296726, 22.2795101 ], [ 114.1296455, 22.2795322 ] ] } },
{ "type": "Feature", "properties": { "id": "946521277", "name": "薄扶林道 Pok Fu Lam Road", "highway": "secondary" }, "geometry": { "type": "LineString", "coordinates": [ [ 114.1356796, 22.2837307 ], [ 114.1358021, 22.2836767 ], [ 114.1359413, 22.2836242 ], [ 114.1360659, 22.2835824 ], [ 114.1361158, 22.2835674 ] ] } },
{ "type": "Feature", "properties": { "id": "946521278", "name": "薄扶林道 Pok Fu Lam Road", "highway": "secondary" }, "geometry": { "type": "LineString", "coordinates": [ [ 114.1354629, 22.2838775 ], [ 114.1355206, 22.2838309 ], [ 114.135591, 22.2837784 ], [ 114.1356796, 22.2837307 ] ] } },
{ "type": "Feature", "properties": { "id": "946521282", "name": "薄扶林道 Pok Fu Lam Road", "highway": "primary" }, "geometry": { "type": "LineString", "coordinates": [ [ 114.1352066, 22.2840545 ], [ 114.1352603, 22.2840157 ] ] } },
{ "type": "Feature", "properties": { "id": "946521283", "name": "薄扶林道 Pok Fu Lam Road", "highway": "primary" }, "geometry": { "type": "LineString", "coordinates": [ [ 114.1352603, 22.2840157 ], [ 114.1353613, 22.2839286 ], [ 114.1353971, 22.2838955 ] ] } },
{ "type": "Feature", "properties": { "id": "946521285", "name": "薄扶林道 Pok Fu Lam Road", "highway": "primary" }, "geometry": { "type": "LineString", "coordinates": [ [ 114.1366761, 22.2838977 ], [ 114.1368275, 22.2840589 ], [ 114.137008, 22.2842321 ] ] } },
{ "type": "Feature", "properties": { "id": "946521286", "name": "薄扶林道 Pok Fu Lam Road", "highway": "primary" }, "geometry": { "type": "LineString", "coordinates": [ [ 114.1354177, 22.2838224 ], [ 114.1353971, 22.2838955 ] ] } },
{ "type": "Feature", "properties": { "id": "946521287", "name": "薄扶林道 Pok Fu Lam Road", "highway": "secondary" }, "geometry": { "type": "LineString", "coordinates": [ [ 114.136573, 22.283692 ], [ 114.1366299, 22.2837851 ] ] } },
{ "type": "Feature", "properties": { "id": "946521288", "name": "薄扶林道 Pok Fu Lam Road", "highway": "primary" }, "geometry": { "type": "LineString", "coordinates": [ [ 114.1366299, 22.2837851 ], [ 114.1366332, 22.2836814 ] ] } },
{ "type": "Feature", "properties": { "id": "946521296", "name": "薄扶林道 Pok Fu Lam Road", "highway": "primary" }, "geometry": { "type": "LineString", "coordinates": [ [ 114.1366332, 22.2836814 ], [ 114.1366127, 22.2836137 ] ] } },
{ "type": "Feature", "properties": { "id": "946521297", "name": "薄扶林道 Pok Fu Lam Road", "highway": "secondary" }, "geometry": { "type": "LineString", "coordinates": [ [ 114.1361158, 22.2835674 ], [ 114.1361907, 22.2835458 ], [ 114.1362589, 22.2835368 ], [ 114.13633, 22.2835398 ], [ 114.1363841, 22.2835477 ], [ 114.1364383, 22.2835666 ], [ 114.1364707, 22.2835842 ], [ 114.136508, 22.2836123 ], [ 114.1365449, 22.2836529 ], [ 114.136573, 22.283692 ] ] } },
{ "type": "Feature", "properties": { "id": "946521298", "name": "薄扶林道 Pok Fu Lam Road", "highway": "primary" }, "geometry": { "type": "LineString", "coordinates": [ [ 114.1353971, 22.2838955 ], [ 114.1354629, 22.2838775 ] ] } },
{ "type": "Feature", "properties": { "id": "999235637", "name": "西邊街 Western Street", "highway": "secondary" }, "geometry": { "type": "LineString", "coordinates": [ [ 114.1407575, 22.2865749 ], [ 114.1407559, 22.2865352 ], [ 114.1407505, 22.2864063 ], [ 114.1407436, 22.2862377 ], [ 114.1407416, 22.2862064 ] ] } },
{ "type": "Feature", "properties": { "id": "999235639", "name": "西邊街 Western Street", "highway": "secondary" }, "geometry": { "type": "LineString", "coordinates": [ [ 114.1407416, 22.2862064 ], [ 114.1407403, 22.2861752 ], [ 114.1407252, 22.2858063 ], [ 114.1407238, 22.2857745 ], [ 114.140723, 22.2857549 ], [ 114.1407208, 22.2857021 ] ] } },
{ "type": "Feature", "properties": { "id": "999235640", "name": "西邊街 Western Street", "highway": "secondary" }, "geometry": { "type": "LineString", "coordinates": [ [ 114.1407208, 22.2857021 ], [ 114.1407195, 22.2856725 ], [ 114.140702, 22.2852438 ], [ 114.1407009, 22.2852157 ] ] } },
{ "type": "Feature", "properties": { "id": "999235642", "name": "西邊街 Western Street", "highway": "secondary" }, "geometry": { "type": "LineString", "coordinates": [ [ 114.1407009, 22.2852157 ], [ 114.140699, 22.2851812 ], [ 114.1406887, 22.2849946 ], [ 114.1406553, 22.2843859 ] ] } },
{ "type": "Feature", "properties": { "id": "999235643", "name": "薄扶林道 Pok Fu Lam Road", "highway": "secondary" }, "geometry": { "type": "LineString", "coordinates": [ [ 114.1400629, 22.2863112 ], [ 114.1399779, 22.2860553 ] ] } },
{ "type": "Feature", "properties": { "id": "1001573984", "name": "般咸道 Bonham Road", "highway": "secondary" }, "geometry": { "type": "LineString", "coordinates": [ [ 114.1438072, 22.2842438 ], [ 114.1440194, 22.284189 ] ] } },
{ "type": "Feature", "properties": { "id": "1001573985", "name": "般咸道 Bonham Road", "highway": "secondary" }, "geometry": { "type": "LineString", "coordinates": [ [ 114.143611, 22.2842475 ], [ 114.1437368, 22.2842543 ] ] } },
{ "type": "Feature", "properties": { "id": "1001573986", "name": "般咸道 Bonham Road", "highway": "secondary" }, "geometry": { "type": "LineString", "coordinates": [ [ 114.1437247, 22.2842028 ], [ 114.143611, 22.2842475 ] ] } },
{ "type": "Feature", "properties": { "id": "1001573987", "name": "般咸道 Bonham Road", "highway": "secondary" }, "geometry": { "type": "LineString", "coordinates": [ [ 114.1440194, 22.284189 ], [ 114.1437884, 22.2841911 ] ] } },
{ "type": "Feature", "properties": { "id": "1001573991", "name": "般咸道 Bonham Road", "highway": "secondary" }, "geometry": { "type": "LineString", "coordinates": [ [ 114.143611, 22.2842475 ], [ 114.1435751, 22.2842545 ] ] } },
{ "type": "Feature", "properties": { "id": "1001573992", "name": "般咸道 Bonham Road", "highway": "secondary" }, "geometry": { "type": "LineString", "coordinates": [ [ 114.1437884, 22.2841911 ], [ 114.1437568, 22.2841969 ], [ 114.1437247, 22.2842028 ] ] } },
{ "type": "Feature", "properties": { "id": "1001573993", "name": "般咸道 Bonham Road", "highway": "secondary" }, "geometry": { "type": "LineString", "coordinates": [ [ 114.1437368, 22.2842543 ], [ 114.1437695, 22.2842495 ], [ 114.1438072, 22.2842438 ] ] } },
{ "type": "Feature", "properties": { "id": "1001573995", "name": "般咸道 Bonham Road", "highway": "secondary" }, "geometry": { "type": "LineString", "coordinates": [ [ 114.1435751, 22.2842545 ], [ 114.1432603, 22.2843162 ], [ 114.1430983, 22.2843481 ] ] } },
{ "type": "Feature", "properties": { "id": "1001573999", "name": "柏道 Park Road", "highway": "secondary" }, "geometry": { "type": "LineString", "coordinates": [ [ 114.1426334, 22.2843142 ], [ 114.1425971, 22.2842764 ] ] } },
{ "type": "Feature", "properties": { "id": "1001574000", "name": "柏道 Park Road", "highway": "secondary" }, "geometry": { "type": "LineString", "coordinates": [ [ 114.1425971, 22.2842764 ], [ 114.1425472, 22.2843245 ] ] } },
{ "type": "Feature", "properties": { "id": "1001574001", "name": "般咸道 Bonham Road", "highway": "secondary" }, "geometry": { "type": "LineString", "coordinates": [ [ 114.1428627, 22.2844038 ], [ 114.1427443, 22.2844223 ], [ 114.1427294, 22.2844255 ] ] } },
{ "type": "Feature", "properties": { "id": "1001574002", "name": "般咸道 Bonham Road", "highway": "secondary" }, "geometry": { "type": "LineString", "coordinates": [ [ 114.1430983, 22.2843481 ], [ 114.1430899, 22.2843501 ] ] } },
{ "type": "Feature", "properties": { "id": "1001574004", "name": "柏道 Park Road", "highway": "secondary" }, "geometry": { "type": "LineString", "coordinates": [ [ 114.1425971, 22.2842764 ], [ 114.1426304, 22.2842088 ] ] } },
{ "type": "Feature", "properties": { "id": "1001574054", "name": "般咸道 Bonham Road", "highway": "secondary" }, "geometry": { "type": "LineString", "coordinates": [ [ 114.1426874, 22.2844008 ], [ 114.1426355, 22.2844081 ] ] } },
{ "type": "Feature", "properties": { "id": "1001574055", "name": "般咸道 Bonham Road", "highway": "secondary" }, "geometry": { "type": "LineString", "coordinates": [ [ 114.1426978, 22.2844407 ], [ 114.1427294, 22.2844255 ] ] } },
{ "type": "Feature", "properties": { "id": "1001574056", "name": "般咸道 Bonham Road", "highway": "secondary" }, "geometry": { "type": "LineString", "coordinates": [ [ 114.1426441, 22.2844485 ], [ 114.1426978, 22.2844407 ] ] } },
{ "type": "Feature", "properties": { "id": "1001574066", "name": "西邊街 Western Street", "highway": "secondary" }, "geometry": { "type": "LineString", "coordinates": [ [ 114.1406553, 22.2843859 ], [ 114.1406535, 22.284299 ] ] } },
{ "type": "Feature", "properties": { "id": "1001574121", "name": "般咸道 Bonham Road", "highway": "secondary" }, "geometry": { "type": "LineString", "coordinates": [ [ 114.1423944, 22.2844684 ], [ 114.1423112, 22.2844845 ] ] } },
{ "type": "Feature", "properties": { "id": "1001574122", "name": "般咸道 Bonham Road", "highway": "secondary" }, "geometry": { "type": "LineString", "coordinates": [ [ 114.1423112, 22.2844845 ], [ 114.142218, 22.2845082 ] ] } },
{ "type": "Feature", "properties": { "id": "1001574123", "name": "般咸道 Bonham Road", "highway": "secondary" }, "geometry": { "type": "LineString", "coordinates": [ [ 114.1424809, 22.2844533 ], [ 114.1424557, 22.2844555 ] ] } },
{ "type": "Feature", "properties": { "id": "1001574124", "name": "般咸道 Bonham Road", "highway": "secondary" }, "geometry": { "type": "LineString", "coordinates": [ [ 114.1426355, 22.2844081 ], [ 114.1426056, 22.2844312 ], [ 114.1425885, 22.2844417 ] ] } },
{ "type": "Feature", "properties": { "id": "1001574125", "name": "般咸道 Bonham Road", "highway": "secondary" }, "geometry": { "type": "LineString", "coordinates": [ [ 114.1427294, 22.2844255 ], [ 114.1426874, 22.2844008 ] ] } },
{ "type": "Feature", "properties": { "id": "1001574126", "name": "般咸道 Bonham Road", "highway": "secondary" }, "geometry": { "type": "LineString", "coordinates": [ [ 114.1425885, 22.2844417 ], [ 114.1426059, 22.2844507 ], [ 114.1426441, 22.2844485 ] ] } },
{ "type": "Feature", "properties": { "id": "1001574129", "name": "般咸道 Bonham Road", "highway": "secondary" }, "geometry": { "type": "LineString", "coordinates": [ [ 114.1424557, 22.2844555 ], [ 114.1423944, 22.2844684 ] ] } },
{ "type": "Feature", "properties": { "id": "1001574130", "name": "般咸道 Bonham Road", "highway": "secondary" }, "geometry": { "type": "LineString", "coordinates": [ [ 114.142218, 22.2845082 ], [ 114.1421575, 22.2845251 ] ] } },
{ "type": "Feature", "properties": { "id": "1001574131", "name": "般咸道 Bonham Road", "highway": "secondary" }, "geometry": { "type": "LineString", "coordinates": [ [ 114.1421575, 22.2845251 ], [ 114.1421027, 22.2845435 ], [ 114.1420311, 22.284568 ] ] } },
{ "type": "Feature", "properties": { "id": "1001574137", "name": "柏道 Park Road", "highway": "secondary" }, "geometry": { "type": "LineString", "coordinates": [ [ 114.1425472, 22.2843245 ], [ 114.1425349, 22.2843433 ], [ 114.1424809, 22.2844533 ] ] } },
{ "type": "Feature", "properties": { "id": "1001574138", "name": "柏道 Park Road", "highway": "secondary" }, "geometry": { "type": "LineString", "coordinates": [ [ 114.1426355, 22.2844081 ], [ 114.1426371, 22.2843241 ], [ 114.1426334, 22.2843142 ] ] } },
{ "type": "Feature", "properties": { "id": "1001574156", "name": "般咸道 Bonham Road", "highway": "secondary" }, "geometry": { "type": "LineString", "coordinates": [ [ 114.1430899, 22.2843501 ], [ 114.1428627, 22.2844038 ] ] } },
{ "type": "Feature", "properties": { "id": "1001574157", "name": "般咸道 Bonham Road", "highway": "secondary" }, "geometry": { "type": "LineString", "coordinates": [ [ 114.1425885, 22.2844417 ], [ 114.1425578, 22.2844445 ], [ 114.1425154, 22.2844484 ], [ 114.1424809, 22.2844533 ] ] } },
{ "type": "Feature", "properties": { "id": "1037024004", "name": "薄扶林道 Pok Fu Lam Road", "highway": "secondary" }, "geometry": { "type": "LineString", "coordinates": [ [ 114.1392344, 22.2850003 ], [ 114.1392499, 22.2850191 ] ] } },
{ "type": "Feature", "properties": { "id": "1037024005", "name": "薄扶林道 Pok Fu Lam Road", "highway": "secondary" }, "geometry": { "type": "LineString", "coordinates": [ [ 114.1392101, 22.284983 ], [ 114.1392344, 22.2850003 ] ] } },
{ "type": "Feature", "properties": { "id": "1112252960", "name": "干諾道西 Connaught Road West", "highway": "primary" }, "geometry": { "type": "LineString", "coordinates": [ [ 114.1397987, 22.2883956 ], [ 114.1397058, 22.2883684 ] ] } },
{ "type": "Feature", "properties": { "id": "1112252962", "name": "干諾道西 Connaught Road West", "highway": "primary" }, "geometry": { "type": "LineString", "coordinates": [ [ 114.1397058, 22.2883684 ], [ 114.1396184, 22.2883428 ] ] } },
{ "type": "Feature", "properties": { "id": "1112252964", "name": "干諾道西 Connaught Road West", "highway": "primary" }, "geometry": { "type": "LineString", "coordinates": [ [ 114.1400519, 22.2884699 ], [ 114.1399468, 22.2884391 ] ] } },
{ "type": "Feature", "properties": { "id": "1112252966", "name": "干諾道西 Connaught Road West", "highway": "primary" }, "geometry": { "type": "LineString", "coordinates": [ [ 114.1392997, 22.2882493 ], [ 114.1392594, 22.2882375 ], [ 114.1392205, 22.2882261 ] ] } },
{ "type": "Feature", "properties": { "id": "1112252967", "name": "干諾道西 Connaught Road West", "highway": "primary" }, "geometry": { "type": "LineString", "coordinates": [ [ 114.1406372, 22.2886231 ], [ 114.1405147, 22.2885946 ] ] } },
{ "type": "Feature", "properties": { "id": "1112252970", "name": "干諾道西 Connaught Road West", "highway": "primary" }, "geometry": { "type": "LineString", "coordinates": [ [ 114.1405147, 22.2885946 ], [ 114.140422, 22.2885765 ] ] } },
{ "type": "Feature", "properties": { "id": "1112252971", "name": "干諾道西 Connaught Road West", "highway": "primary" }, "geometry": { "type": "LineString", "coordinates": [ [ 114.1399468, 22.2884391 ], [ 114.1397987, 22.2883956 ] ] } },
{ "type": "Feature", "properties": { "id": "1112252972", "name": "干諾道西 Connaught Road West", "highway": "primary" }, "geometry": { "type": "LineString", "coordinates": [ [ 114.140422, 22.2885765 ], [ 114.1400519, 22.2884699 ] ] } },
{ "type": "Feature", "properties": { "id": "1112252975", "name": "干諾道西 Connaught Road West", "highway": "primary" }, "geometry": { "type": "LineString", "coordinates": [ [ 114.1396184, 22.2883428 ], [ 114.1392997, 22.2882493 ] ] } },
{ "type": "Feature", "properties": { "id": "1112252978", "name": "德輔道西 Des Voeux Road West", "highway": "secondary" }, "geometry": { "type": "LineString", "coordinates": [ [ 114.1400519, 22.2878083 ], [ 114.1402962, 22.2878835 ] ] } },
{ "type": "Feature", "properties": { "id": "1112252980", "name": "德輔道西 Des Voeux Road West", "highway": "secondary" }, "geometry": { "type": "LineString", "coordinates": [ [ 114.1394071, 22.287633 ], [ 114.1394492, 22.2876433 ], [ 114.1397892, 22.2877364 ], [ 114.1400519, 22.2878083 ] ] } },
{ "type": "Feature", "properties": { "id": "1114826862", "name": "薄扶林道 Pok Fu Lam Road", "highway": "primary" }, "geometry": { "type": "LineString", "coordinates": [ [ 114.1299315, 22.2765934 ], [ 114.1300529, 22.2767941 ] ] } },
{ "type": "Feature", "properties": { "id": "1114826863", "name": "薄扶林道 Pok Fu Lam Road", "highway": "primary" }, "geometry": { "type": "LineString", "coordinates": [ [ 114.1303667, 22.2772466 ], [ 114.1303895, 22.2772681 ], [ 114.1304708, 22.2773512 ] ] } },
{ "type": "Feature", "properties": { "id": "1114826866", "name": "士美菲路 Smithfield", "highway": "secondary" }, "geometry": { "type": "LineString", "coordinates": [ [ 114.130543, 22.2773246 ], [ 114.1304708, 22.2773512 ] ] } },
{ "type": "Feature", "properties": { "id": "1114826875", "name": "薄扶林道 Pok Fu Lam Road", "highway": "primary" }, "geometry": { "type": "LineString", "coordinates": [ [ 114.1307345, 22.2775063 ], [ 114.1307301, 22.2774596 ], [ 114.1306781, 22.2773959 ] ] } },
{ "type": "Feature", "properties": { "id": "1116217497", "name": "士美菲路 Smithfield", "highway": "secondary" }, "geometry": { "type": "LineString", "coordinates": [ [ 114.1293948, 22.2776638 ], [ 114.129408, 22.2776603 ], [ 114.1294576, 22.2776524 ], [ 114.12951, 22.2776501 ], [ 114.1295644, 22.2776551 ], [ 114.129617, 22.2776652 ], [ 114.1296611, 22.2776808 ], [ 114.1297133, 22.2777051 ], [ 114.1297606, 22.277733 ], [ 114.1297964, 22.2777614 ] ] } },
{ "type": "Feature", "properties": { "id": "1116217498", "name": "士美菲路 Smithfield", "highway": "secondary" }, "geometry": { "type": "LineString", "coordinates": [ [ 114.1291519, 22.2778462 ], [ 114.1291716, 22.2778141 ], [ 114.1292099, 22.2777685 ], [ 114.1292476, 22.277735 ], [ 114.1292858, 22.2777094 ], [ 114.1293254, 22.2776883 ], [ 114.1293609, 22.2776739 ], [ 114.1293948, 22.2776638 ] ] } },
{ "type": "Feature", "properties": { "id": "1116217499", "name": "士美菲路 Smithfield", "highway": "secondary" }, "geometry": { "type": "LineString", "coordinates": [ [ 114.1293685, 22.2775925 ], [ 114.1293316, 22.2776032 ], [ 114.1292781, 22.2776243 ], [ 114.1292344, 22.2776486 ], [ 114.1292015, 22.2776715 ], [ 114.1291577, 22.2777088 ], [ 114.1291198, 22.2777491 ], [ 114.1290904, 22.2777896 ], [ 114.129079, 22.277809 ] ] } },
{ "type": "Feature", "properties": { "id": "1116217500", "name": "士美菲路 Smithfield", "highway": "secondary" }, "geometry": { "type": "LineString", "coordinates": [ [ 114.1299888, 22.277881 ], [ 114.129935, 22.2778054 ], [ 114.1298929, 22.2777526 ], [ 114.1298502, 22.2777081 ], [ 114.1298068, 22.2776707 ], [ 114.1297592, 22.2776409 ], [ 114.1297093, 22.2776163 ], [ 114.12966, 22.2775974 ], [ 114.1296178, 22.277587 ], [ 114.129571, 22.277579 ], [ 114.1295224, 22.2775745 ], [ 114.1294759, 22.2775752 ], [ 114.1294298, 22.2775797 ], [ 114.129382, 22.2775886 ], [ 114.1293685, 22.2775925 ] ] } },
{ "type": "Feature", "properties": { "id": "1168157293", "name": "德輔道西 Des Voeux Road West", "highway": "secondary" }, "geometry": { "type": "LineString", "coordinates": [ [ 114.1418754, 22.2879732 ], [ 114.1422506, 22.2879613 ], [ 114.1423355, 22.2879586 ] ] } },
{ "type": "Feature", "properties": { "id": "1195057104", "name": "干諾道西天橋 Connaught Road West flyover", "highway": "trunk" }, "geometry": { "type": "LineString", "coordinates": [ [ 114.1444511, 22.2888956 ], [ 114.1446391, 22.2888907 ], [ 114.1448757, 22.2888882 ] ] } },
{ "type": "Feature", "properties": { "id": "1195057106", "name": "干諾道西天橋 Connaught Road West flyover", "highway": "trunk" }, "geometry": { "type": "LineString", "coordinates": [ [ 114.1436376, 22.2889661 ], [ 114.1444511, 22.2888956 ] ] } },
{ "type": "Feature", "properties": { "id": "1195057121", "name": "nan", "highway": "trunk" }, "geometry": { "type": "LineString", "coordinates": [ [ 114.1430558, 22.2893801 ], [ 114.1429891, 22.2894074 ] ] } },
{ "type": "Feature", "properties": { "id": "1195057124", "name": "nan", "highway": "trunk" }, "geometry": { "type": "LineString", "coordinates": [ [ 114.1422011, 22.2900159 ], [ 114.1424568, 22.2898401 ] ] } },
{ "type": "Feature", "properties": { "id": "1195057125", "name": "nan", "highway": "trunk" }, "geometry": { "type": "LineString", "coordinates": [ [ 114.1429891, 22.2894074 ], [ 114.1427887, 22.2894968 ] ] } },
{ "type": "Feature", "properties": { "id": "1195057126", "name": "nan", "highway": "trunk" }, "geometry": { "type": "LineString", "coordinates": [ [ 114.1428506, 22.2896112 ], [ 114.1429783, 22.289552 ] ] } },
{ "type": "Feature", "properties": { "id": "1195057127", "name": "nan", "highway": "trunk" }, "geometry": { "type": "LineString", "coordinates": [ [ 114.1432932, 22.2893049 ], [ 114.1431721, 22.2893384 ], [ 114.1430558, 22.2893801 ] ] } },
{ "type": "Feature", "properties": { "id": "1195057129", "name": "nan", "highway": "trunk" }, "geometry": { "type": "LineString", "coordinates": [ [ 114.1424545, 22.2896578 ], [ 114.1423477, 22.2897092 ] ] } },
{ "type": "Feature", "properties": { "id": "1195057157", "name": "nan", "highway": "trunk" }, "geometry": { "type": "LineString", "coordinates": [ [ 114.1429783, 22.289552 ], [ 114.1430948, 22.2895028 ], [ 114.1432146, 22.2894609 ], [ 114.1433372, 22.2894265 ] ] } },
{ "type": "Feature", "properties": { "id": "1195057158", "name": "nan", "highway": "trunk" }, "geometry": { "type": "LineString", "coordinates": [ [ 114.1424568, 22.2898401 ], [ 114.1427264, 22.2896765 ] ] } },
{ "type": "Feature", "properties": { "id": "1195057159", "name": "nan", "highway": "trunk" }, "geometry": { "type": "LineString", "coordinates": [ [ 114.1421087, 22.2900829 ], [ 114.1422011, 22.2900159 ] ] } },
{ "type": "Feature", "properties": { "id": "1195616446", "name": "干諾道西天橋 Connaught Road West flyover", "highway": "trunk" }, "geometry": { "type": "LineString", "coordinates": [ [ 114.1377319, 22.2880132 ], [ 114.1377965, 22.2880334 ], [ 114.1379845, 22.2880922 ], [ 114.1381282, 22.2881323 ] ] } },
{ "type": "Feature", "properties": { "id": "1195616449", "name": "干諾道西天橋 Connaught Road West flyover", "highway": "trunk" }, "geometry": { "type": "LineString", "coordinates": [ [ 114.1370492, 22.2877831 ], [ 114.1372803, 22.2878541 ], [ 114.137541, 22.2879456 ], [ 114.1377319, 22.2880132 ] ] } },
{ "type": "Feature", "properties": { "id": "1195616451", "name": "山道天橋 Hill Road Flyover", "highway": "primary" }, "geometry": { "type": "LineString", "coordinates": [ [ 114.1355404, 22.287561 ], [ 114.1355729, 22.2876246 ], [ 114.1355987, 22.2876653 ], [ 114.1356299, 22.2877067 ], [ 114.1356632, 22.2877417 ], [ 114.1357078, 22.2877748 ], [ 114.1357619, 22.2878029 ], [ 114.1358343, 22.2878311 ] ] } },
{ "type": "Feature", "properties": { "id": "1195616452", "name": "山道天橋 Hill Road Flyover", "highway": "primary" }, "geometry": { "type": "LineString", "coordinates": [ [ 114.1354863, 22.2874367 ], [ 114.1355404, 22.287561 ] ] } },
{ "type": "Feature", "properties": { "id": "1195616453", "name": "山道天橋 Hill Road Flyover", "highway": "primary" }, "geometry": { "type": "LineString", "coordinates": [ [ 114.1354388, 22.2872257 ], [ 114.1354588, 22.2873157 ], [ 114.1354863, 22.2874367 ] ] } },
{ "type": "Feature", "properties": { "id": "1195616455", "name": "干諾道西天橋 Connaught Road West flyover", "highway": "trunk" }, "geometry": { "type": "LineString", "coordinates": [ [ 114.1386548, 22.2883783 ], [ 114.1386965, 22.2883981 ] ] } },
{ "type": "Feature", "properties": { "id": "1195616456", "name": "干諾道西天橋 Connaught Road West flyover", "highway": "trunk" }, "geometry": { "type": "LineString", "coordinates": [ [ 114.1343934, 22.2873088 ], [ 114.1339483, 22.2873861 ] ] } },
{ "type": "Feature", "properties": { "id": "1195616457", "name": "干諾道西天橋 Connaught Road West flyover", "highway": "trunk" }, "geometry": { "type": "LineString", "coordinates": [ [ 114.1355199, 22.2872857 ], [ 114.1353886, 22.2872778 ], [ 114.1352875, 22.2872719 ], [ 114.1348379, 22.2872639 ], [ 114.1347293, 22.2872665 ], [ 114.1345921, 22.2872782 ], [ 114.1343934, 22.2873088 ] ] } },
{ "type": "Feature", "properties": { "id": "1195616459", "name": "干諾道西天橋 Connaught Road West flyover", "highway": "trunk" }, "geometry": { "type": "LineString", "coordinates": [ [ 114.1380271, 22.2879427 ], [ 114.1378379, 22.2878811 ] ] } },
{ "type": "Feature", "properties": { "id": "1195616461", "name": "干諾道西天橋 Connaught Road West flyover", "highway": "trunk" }, "geometry": { "type": "LineString", "coordinates": [ [ 114.1387725, 22.2881587 ], [ 114.1384586, 22.2880678 ], [ 114.1382492, 22.2880071 ], [ 114.1380271, 22.2879427 ] ] } },
{ "type": "Feature", "properties": { "id": "1195616462", "name": "城西道 Shing Sai Road", "highway": "primary" }, "geometry": { "type": "LineString", "coordinates": [ [ 114.1316979, 22.2867358 ], [ 114.131427, 22.2865036 ], [ 114.1312771, 22.2863773 ] ] } },
{ "type": "Feature", "properties": { "id": "1195616463", "name": "城西道 Shing Sai Road", "highway": "primary" }, "geometry": { "type": "LineString", "coordinates": [ [ 114.1318611, 22.2868929 ], [ 114.1317759, 22.2868109 ], [ 114.1316979, 22.2867358 ] ] } },
{ "type": "Feature", "properties": { "id": "1195616464", "name": "城西道 Shing Sai Road", "highway": "primary" }, "geometry": { "type": "LineString", "coordinates": [ [ 114.1309379, 22.2861971 ], [ 114.1313882, 22.2866069 ] ] } },
{ "type": "Feature", "properties": { "id": "1195616465", "name": "城西道 Shing Sai Road", "highway": "primary" }, "geometry": { "type": "LineString", "coordinates": [ [ 114.1313882, 22.2866069 ], [ 114.1316141, 22.2868086 ], [ 114.1317198, 22.286903 ] ] } },
{ "type": "Feature", "properties": { "id": "1195616466", "name": "城西道 Shing Sai Road", "highway": "primary" }, "geometry": { "type": "LineString", "coordinates": [ [ 114.1317198, 22.286903 ], [ 114.1317888, 22.2869579 ], [ 114.1319753, 22.2871062 ] ] } },
{ "type": "Feature", "properties": { "id": "1195616467", "name": "干諾道西天橋 Connaught Road West flyover", "highway": "trunk" }, "geometry": { "type": "LineString", "coordinates": [ [ 114.1321124, 22.2869885 ], [ 114.1319242, 22.2868482 ] ] } },
{ "type": "Feature", "properties": { "id": "1195616468", "name": "干諾道西天橋 Connaught Road West flyover", "highway": "trunk" }, "geometry": { "type": "LineString", "coordinates": [ [ 114.1319242, 22.2868482 ], [ 114.131805, 22.2867902 ], [ 114.1316979, 22.2867358 ] ] } },
{ "type": "Feature", "properties": { "id": "1202299783", "name": "皇后大道西 Queen's Road West", "highway": "secondary" }, "geometry": { "type": "LineString", "coordinates": [ [ 114.1426578, 22.2869034 ], [ 114.1424094, 22.2869133 ], [ 114.14239, 22.2869139 ], [ 114.1422889, 22.2869168 ] ] } },
{ "type": "Feature", "properties": { "id": "1202299784", "name": "東邊街 Eastern Street", "highway": "secondary" }, "geometry": { "type": "LineString", "coordinates": [ [ 114.1437713, 22.2878361 ], [ 114.1437645, 22.2877849 ], [ 114.1437516, 22.2874329 ] ] } },
{ "type": "Feature", "properties": { "id": "1202299785", "name": "皇后大道西 Queen's Road West", "highway": "secondary" }, "geometry": { "type": "LineString", "coordinates": [ [ 114.1440842, 22.2868565 ], [ 114.1438654, 22.2868619 ], [ 114.1438233, 22.286863 ], [ 114.1437217, 22.2868657 ] ] } },
{ "type": "Feature", "properties": { "id": "1202299791", "name": "西邊街 Western Street", "highway": "secondary" }, "geometry": { "type": "LineString", "coordinates": [ [ 114.1407886, 22.2873282 ], [ 114.1407872, 22.2872374 ] ] } },
{ "type": "Feature", "properties": { "id": "1202299792", "name": "西邊街 Western Street", "highway": "secondary" }, "geometry": { "type": "LineString", "coordinates": [ [ 114.1407872, 22.2872374 ], [ 114.1407749, 22.2871977 ], [ 114.1407551, 22.2871574 ], [ 114.1407176, 22.287115 ] ] } },
{ "type": "Feature", "properties": { "id": "1202300377", "name": "皇后大道西 Queen's Road West", "highway": "secondary" }, "geometry": { "type": "LineString", "coordinates": [ [ 114.1374104, 22.2860944 ], [ 114.1371437, 22.2859215 ], [ 114.1369378, 22.2857887 ], [ 114.1369218, 22.2857784 ], [ 114.1368738, 22.285751 ] ] } },
{ "type": "Feature", "properties": { "id": "1202300378", "name": "皇后大道西 Queen's Road West", "highway": "secondary" }, "geometry": { "type": "LineString", "coordinates": [ [ 114.1404775, 22.2869817 ], [ 114.1397407, 22.2867953 ], [ 114.1396851, 22.2867812 ] ] } },
{ "type": "Feature", "properties": { "id": "1202300379", "name": "皇后大道西 Queen's Road West", "highway": "secondary" }, "geometry": { "type": "LineString", "coordinates": [ [ 114.1384651, 22.2864721 ], [ 114.1384031, 22.2864564 ] ] } },
{ "type": "Feature", "properties": { "id": "1202300380", "name": "皇后大道西 Queen's Road West", "highway": "secondary" }, "geometry": { "type": "LineString", "coordinates": [ [ 114.1384031, 22.2864564 ], [ 114.1383558, 22.2864441 ] ] } },
{ "type": "Feature", "properties": { "id": "1205283544", "name": "城西道 Shing Sai Road", "highway": "primary" }, "geometry": { "type": "LineString", "coordinates": [ [ 114.1305204, 22.2858565 ], [ 114.1305503, 22.2858702 ], [ 114.1305866, 22.2858868 ] ] } },
{ "type": "Feature", "properties": { "id": "1205891495", "name": "薄扶林道 Pok Fu Lam Road", "highway": "secondary" }, "geometry": { "type": "LineString", "coordinates": [ [ 114.138109, 22.2852735 ], [ 114.138201, 22.2852788 ], [ 114.1382581, 22.2852743 ], [ 114.1383579, 22.2852517 ], [ 114.1384009, 22.2852333 ], [ 114.1384591, 22.2851948 ] ] } },
{ "type": "Feature", "properties": { "id": "1205891496", "name": "薄扶林道 Pok Fu Lam Road", "highway": "secondary" }, "geometry": { "type": "LineString", "coordinates": [ [ 114.13777, 22.285224 ], [ 114.1379365, 22.2852496 ], [ 114.138109, 22.2852735 ] ] } },
{ "type": "Feature", "properties": { "id": "1305010833", "name": "士美菲路 Smithfield", "highway": "secondary" }, "geometry": { "type": "LineString", "coordinates": [ [ 114.130962, 22.2772319 ], [ 114.1309129, 22.2772382 ], [ 114.1308573, 22.2772449 ] ] } },
{ "type": "Feature", "properties": { "id": "1305010834", "name": "薄扶林道 Pok Fu Lam Road", "highway": "primary" }, "geometry": { "type": "LineString", "coordinates": [ [ 114.1303498, 22.2771598 ], [ 114.1303667, 22.2772466 ] ] } },
{ "type": "Feature", "properties": { "id": "1305010836", "name": "薄扶林道 Pok Fu Lam Road", "highway": "primary" }, "geometry": { "type": "LineString", "coordinates": [ [ 114.1301969, 22.2769735 ], [ 114.1303498, 22.2771598 ] ] } },
{ "type": "Feature", "properties": { "id": "1315043198", "name": "皇后大道西 Queen's Road West", "highway": "secondary" }, "geometry": { "type": "LineString", "coordinates": [ [ 114.1328244, 22.2866091 ], [ 114.1324746, 22.2866909 ], [ 114.132405, 22.2867064 ] ] } },
{ "type": "Feature", "properties": { "id": "1413971564", "name": "加多近街 Cadogan Street", "highway": "secondary" }, "geometry": { "type": "LineString", "coordinates": [ [ 114.126005, 22.2823585 ], [ 114.1260092, 22.2823759 ], [ 114.1260257, 22.2824439 ] ] } },
{ "type": "Feature", "properties": { "id": "1413971565", "name": "加多近街 Cadogan Street", "highway": "secondary" }, "geometry": { "type": "LineString", "coordinates": [ [ 114.1258876, 22.2822603 ], [ 114.1259458, 22.2823018 ] ] } },
{ "type": "Feature", "properties": { "id": "1413971566", "name": "域多利道 Victoria Road", "highway": "secondary" }, "geometry": { "type": "LineString", "coordinates": [ [ 114.125982, 22.2822343 ], [ 114.1258876, 22.2822603 ] ] } },
{ "type": "Feature", "properties": { "id": "1414073538", "name": "堅彌地城海旁 Praya, Kennedy Town", "highway": "secondary" }, "geometry": { "type": "LineString", "coordinates": [ [ 114.1300652, 22.2842078 ], [ 114.1302825, 22.2843875 ] ] } },
{ "type": "Feature", "properties": { "id": "1414073539", "name": "堅彌地城海旁 Praya, Kennedy Town", "highway": "secondary" }, "geometry": { "type": "LineString", "coordinates": [ [ 114.131337, 22.2852287 ], [ 114.1313684, 22.2852553 ], [ 114.1314285, 22.2853072 ] ] } },
{ "type": "Feature", "properties": { "id": "1414073540", "name": "堅彌地城海旁 Praya, Kennedy Town", "highway": "secondary" }, "geometry": { "type": "LineString", "coordinates": [ [ 114.1302825, 22.2843875 ], [ 114.1303638, 22.2844537 ] ] } },
{ "type": "Feature", "properties": { "id": "1414073541", "name": "堅彌地城海旁 Praya, Kennedy Town", "highway": "secondary" }, "geometry": { "type": "LineString", "coordinates": [ [ 114.129719, 22.2839006 ], [ 114.1297504, 22.2839342 ], [ 114.1297786, 22.2839643 ] ] } },
{ "type": "Feature", "properties": { "id": "1414073543", "name": "堅彌地城新海旁 New Praya, Kennedy Town", "highway": "primary" }, "geometry": { "type": "LineString", "coordinates": [ [ 114.1294444, 22.2839618 ], [ 114.1294774, 22.2839265 ], [ 114.1295003, 22.2839021 ] ] } },
{ "type": "Feature", "properties": { "id": "1414073544", "name": "城西道 Shing Sai Road", "highway": "primary" }, "geometry": { "type": "LineString", "coordinates": [ [ 114.1303152, 22.2856683 ], [ 114.130398, 22.2857442 ] ] } },
{ "type": "Feature", "properties": { "id": "1414073545", "name": "城西道 Shing Sai Road", "highway": "primary" }, "geometry": { "type": "LineString", "coordinates": [ [ 114.130398, 22.2857442 ], [ 114.1305204, 22.2858565 ] ] } },
{ "type": "Feature", "properties": { "id": "1414073547", "name": "城西道 Shing Sai Road", "highway": "primary" }, "geometry": { "type": "LineString", "coordinates": [ [ 114.1305866, 22.2858868 ], [ 114.1306504, 22.2859358 ], [ 114.1307421, 22.286016 ] ] } },
{ "type": "Feature", "properties": { "id": "1414073552", "name": "士美菲路 Smithfield", "highway": "secondary" }, "geometry": { "type": "LineString", "coordinates": [ [ 114.127829, 22.2839824 ], [ 114.1278621, 22.2839809 ], [ 114.1278934, 22.2839704 ], [ 114.1279164, 22.2839558 ], [ 114.1279296, 22.2839367 ] ] } },
{ "type": "Feature", "properties": { "id": "1414073556", "name": "堅彌地城新海旁 New Praya, Kennedy Town", "highway": "primary" }, "geometry": { "type": "LineString", "coordinates": [ [ 114.1265424, 22.2837441 ], [ 114.1266265, 22.2837581 ], [ 114.1274966, 22.2839123 ] ] } },
{ "type": "Feature", "properties": { "id": "1414073557", "name": "堅彌地城新海旁 New Praya, Kennedy Town", "highway": "primary" }, "geometry": { "type": "LineString", "coordinates": [ [ 114.1264868, 22.283735 ], [ 114.1265424, 22.2837441 ] ] } },
{ "type": "Feature", "properties": { "id": "1414073558", "name": "堅彌地城新海旁 New Praya, Kennedy Town", "highway": "primary" }, "geometry": { "type": "LineString", "coordinates": [ [ 114.1274966, 22.2839123 ], [ 114.1275911, 22.2839285 ] ] } },
{ "type": "Feature", "properties": { "id": "1414073559", "name": "堅彌地城新海旁 New Praya, Kennedy Town", "highway": "primary" }, "geometry": { "type": "LineString", "coordinates": [ [ 114.1275911, 22.2839285 ], [ 114.1277451, 22.2839599 ], [ 114.1277978, 22.2839736 ], [ 114.127829, 22.2839824 ] ] } },
{ "type": "Feature", "properties": { "id": "1414073560", "name": "堅彌地城新海旁 New Praya, Kennedy Town", "highway": "primary" }, "geometry": { "type": "LineString", "coordinates": [ [ 114.1292976, 22.284123 ], [ 114.1294444, 22.2839618 ] ] } },
{ "type": "Feature", "properties": { "id": "1414073561", "name": "堅彌地城新海旁 New Praya, Kennedy Town", "highway": "secondary" }, "geometry": { "type": "LineString", "coordinates": [ [ 114.1292219, 22.2843182 ], [ 114.1292091, 22.2842835 ], [ 114.12917, 22.2842377 ] ] } },
{ "type": "Feature", "properties": { "id": "1414073562", "name": "城西道 Shing Sai Road", "highway": "primary" }, "geometry": { "type": "LineString", "coordinates": [ [ 114.1292408, 22.2842458 ], [ 114.1292648, 22.2841854 ], [ 114.1292976, 22.284123 ] ] } },
{ "type": "Feature", "properties": { "id": "1414073563", "name": "堅彌地城新海旁 New Praya, Kennedy Town", "highway": "secondary" }, "geometry": { "type": "LineString", "coordinates": [ [ 114.1288491, 22.2841363 ], [ 114.1287931, 22.284127 ] ] } },
{ "type": "Feature", "properties": { "id": "1414073564", "name": "城西道 Shing Sai Road", "highway": "primary" }, "geometry": { "type": "LineString", "coordinates": [ [ 114.1292218, 22.2844309 ], [ 114.1292219, 22.2843182 ] ] } },
{ "type": "Feature", "properties": { "id": "1414073565", "name": "城西道 Shing Sai Road", "highway": "primary" }, "geometry": { "type": "LineString", "coordinates": [ [ 114.1293563, 22.2846676 ], [ 114.1293021, 22.2845932 ], [ 114.1292606, 22.2845138 ], [ 114.1292218, 22.2844309 ] ] } },
{ "type": "Feature", "properties": { "id": "1414073566", "name": "城西道 Shing Sai Road", "highway": "primary" }, "geometry": { "type": "LineString", "coordinates": [ [ 114.1297126, 22.2851071 ], [ 114.1303152, 22.2856683 ] ] } },
{ "type": "Feature", "properties": { "id": "1414073567", "name": "城西道 Shing Sai Road", "highway": "primary" }, "geometry": { "type": "LineString", "coordinates": [ [ 114.1294347, 22.2848513 ], [ 114.1295587, 22.2849682 ] ] } },
{ "type": "Feature", "properties": { "id": "1414073568", "name": "城西道 Shing Sai Road", "highway": "primary" }, "geometry": { "type": "LineString", "coordinates": [ [ 114.1297753, 22.285046 ], [ 114.1294395, 22.2847597 ], [ 114.1293563, 22.2846676 ] ] } },
{ "type": "Feature", "properties": { "id": "1414074838", "name": "吉席街 Catchick Street", "highway": "secondary" }, "geometry": { "type": "LineString", "coordinates": [ [ 114.1286684, 22.2834033 ], [ 114.1288275, 22.2834327 ], [ 114.1288469, 22.2834363 ], [ 114.1289224, 22.283451 ] ] } },
{ "type": "Feature", "properties": { "id": "1414074839", "name": "吉席街 Catchick Street", "highway": "secondary" }, "geometry": { "type": "LineString", "coordinates": [ [ 114.1267503, 22.2830534 ], [ 114.126826, 22.2830812 ], [ 114.1268581, 22.2830929 ] ] } },
{ "type": "Feature", "properties": { "id": "1414074840", "name": "吉席街 Catchick Street", "highway": "secondary" }, "geometry": { "type": "LineString", "coordinates": [ [ 114.1265377, 22.2830026 ], [ 114.1266019, 22.2830128 ], [ 114.1266773, 22.2830275 ] ] } },
{ "type": "Feature", "properties": { "id": "1475314110", "name": "德輔道西 Des Voeux Road West", "highway": "secondary" }, "geometry": { "type": "LineString", "coordinates": [ [ 114.1369958, 22.2869854 ], [ 114.1370238, 22.2869934 ], [ 114.1374179, 22.2871053 ], [ 114.1375139, 22.2871308 ] ] } },
{ "type": "Feature", "properties": { "id": "1475314111", "name": "德輔道西 Des Voeux Road West", "highway": "secondary" }, "geometry": { "type": "LineString", "coordinates": [ [ 114.1375437, 22.28705 ], [ 114.1374512, 22.2870253 ], [ 114.1370183, 22.286907 ] ] } },
{ "type": "Feature", "properties": { "id": "1475325544", "name": "干諾道西 Connaught Road West", "highway": "primary" }, "geometry": { "type": "LineString", "coordinates": [ [ 114.1386781, 22.288477 ], [ 114.1389988, 22.2886985 ] ] } },
{ "type": "Feature", "properties": { "id": "1475325545", "name": "干諾道西 Connaught Road West", "highway": "primary" }, "geometry": { "type": "LineString", "coordinates": [ [ 114.1392736, 22.2888253 ], [ 114.1394089, 22.2888877 ] ] } },
{ "type": "Feature", "properties": { "id": "1485654932", "name": "加多近街 Cadogan Street", "highway": "primary" }, "geometry": { "type": "LineString", "coordinates": [ [ 114.1258445, 22.2834333 ], [ 114.1258284, 22.2835214 ] ] } }
]
}
